number,total_calls,avg_duration,night_calls,unique_contacts,imei_changes,scam_keyword_flag,short_call_ratio,fraud_prob,fraud_label
9634895718,96,6.928998637458923,53,66,1,1,0.8527940533036624,0.45503730274693244,1
9299900595,158,5.643627527793527,37,135,2,1,1.4601146105683969,0.5333735562680187,1
9962061404,258,0.6754260964857417,27,75,0,0,1.0718106425371636,0.21256216394663072,0
9887846414,292,1.088762841900434,78,195,3,1,0.2074280949178028,0.5796928839539978,1
9227521863,207,8.936763631458648,18,125,0,1,0.22842115044383343,0.23336937447575623,0
9523734972,53,8.75427255762417,68,24,0,1,1.4490015001687475,0.503962242662093,1
9515968276,37,3.894073758962429,63,75,1,1,1.4205912758579153,0.5618587346620674,1
9770094950,26,8.964980860840079,3,158,2,0,0.8809701519540856,0.020819981237742646,0
9941095289,136,6.139913206780067,9,173,3,0,0.399797069741356,0.07631335655426856,0
9769991378,177,8.156103646679568,11,135,5,0,0.9169080607253437,0.2366057235268864,0
9529389014,253,4.560595176022035,68,175,2,0,1.1689613957116398,0.306514892039799,0
9349467210,85,1.577284109776633,6,149,2,0,0.11159525445766523,0.0441306878842669,0
9998717130,240,4.620407095137154,43,88,3,0,1.2519376269753988,0.343537630095402,0
9598972759,213,4.84434808097053,22,102,3,1,0.7507161168221197,0.4992537570470081,1
9459525748,257,5.733969841485728,1,185,1,0,0.7484295554700652,0.04328724189191242,0
9534285667,223,1.503035772592066,36,184,4,1,0.7080294681304053,0.5713937735712106,1
9713608295,224,9.91831769897131,68,165,1,1,1.068584532370197,0.46344366483010124,1
9993664919,167,2.8192997976656105,19,64,5,1,0.39324609632494534,0.5686412673203395,1
9748061058,78,2.3862478336023827,43,72,3,0,0.9493246103840972,0.2988339792428631,0
9188409749,94,5.504627729131397,69,188,0,0,0.16173548999342605,0.039669392716301016,0
9342285876,276,5.603477704251442,73,109,0,1,1.2358891393682812,0.5444149642731765,1
9454088427,78,4.678297009415821,50,196,2,0,1.241620926303453,0.2161549470434245,0
9909827741,108,7.832975390089918,79,140,2,0,0.5366319349764805,0.19495012751609858,0
9103344769,225,5.408216806921725,30,165,4,1,0.24758719642203142,0.46581186188758317,1
9880932287,170,6.292106823877349,40,157,4,1,1.146848537330224,0.5749498759264321,1
9887716372,103,7.375590661373963,57,115,4,0,0.7583001764147175,0.27670559989994525,0
9604579232,183,0.7377384648567329,4,139,4,0,1.3949537642622625,0.32284159013319075,0
9332968651,174,5.921119734177926,32,63,0,0,0.5948784984922315,0.08723198300893267,0
9579546681,124,8.899847476669509,42,37,3,0,1.2781126431273133,0.2876420141219102,0
9206328085,229,0.6651930577916221,18,45,5,1,0.1354520432520137,0.5873385951634089,1
9130349564,40,4.349229986109131,31,165,5,0,1.181911338731383,0.30755526748112305,0
9881447915,20,9.299160776955384,2,33,4,1,1.0495498270388626,0.46368938325453213,1
9199052376,139,3.8549668216841093,0,171,1,1,0.8367747588950805,0.32972003587386695,0
9277077808,114,4.857923829902288,40,189,5,1,1.3745962371182177,0.6325564624953587,1
9206406362,36,9.824643233920971,47,109,4,1,1.4188156640952017,0.5692121608843727,1
9580404538,236,2.393576660030451,38,105,0,0,1.401559227800705,0.2353975207490525,0
9743647998,11,1.1199242966875564,4,68,2,1,0.9369241015275678,0.4449251339563908,1
9699121577,110,8.66451461318239,76,90,1,0,0.8271550316718793,0.19461776177577017,0
9300427519,30,8.750420741517502,10,70,4,0,0.47656086093555217,0.12368225441405625,0
9281009883,67,4.9847394294601255,21,118,0,1,0.3268984937931604,0.26552761276832443,0
9599770319,189,5.384968157534219,63,126,2,1,0.879932315295832,0.5381222599450892,1
9985063869,29,8.440160511369442,11,13,4,0,0.30789541289904204,0.1376488567447851,0
9489151677,264,7.5163152321000535,52,33,0,1,0.3409619289906165,0.4016196486936734,1
9251079598,47,3.018915521061601,54,101,0,1,0.5994401959356331,0.3992391705928701,1
9608464061,157,0.6604868731794253,52,78,3,0,0.3614458587164183,0.2873143272344838,0
9957592370,34,5.0571515440686845,20,128,0,1,0.8024193979333824,0.3056711758898483,0
9668919915,130,8.659667097908594,18,160,4,1,1.0292492799069521,0.4707605750805977,1
9161136438,35,9.01042942855654,68,114,0,1,1.0770608069894576,0.40645547702938983,1
9496917567,178,9.584148872223462,71,57,1,0,0.8458892142371351,0.20921358590844133,0
9299502978,234,8.855850757321422,65,178,0,1,0.8305186585422557,0.3930420299372136,1
9572190436,10,6.010413775331934,58,171,0,0,0.7647355802492662,0.0673099709925954,0
9561901618,270,4.723753192742958,48,80,5,0,0.44337129973723033,0.3565195176555521,1
9874414982,22,7.861073542073941,58,62,1,1,1.0159399643295588,0.4569465798813265,1
9832395540,57,7.528305526473166,22,186,4,0,1.019840864778516,0.17974123745574394,0
9961137736,103,5.612362585773816,2,138,2,1,0.4581270126567054,0.31859355715618554,0
9379394470,270,1.3296100393054566,55,49,3,1,1.0807966318074478,0.6969902753452283,2
9156972561,287,9.297772794475728,57,172,5,0,1.3012074637304778,0.383354955447282,1
9954206851,214,4.8282241062657905,61,155,2,0,0.9325931594899917,0.2587891565302762,0
9925500248,194,3.951670928204511,17,121,4,1,0.2645554698884041,0.4698099385814877,1
9371820813,184,6.480890254103331,60,126,4,0,0.5581649922725974,0.2862757826901384,0
9350814705,78,6.90146063108628,36,174,5,0,0.2299031190195285,0.179570846709308,0
9681609465,113,2.5015352117878638,53,170,1,0,0.5228435329749831,0.1411061347488769,0
9334564360,255,8.450919025694583,77,148,2,1,0.3967219420371818,0.4814456047361268,1
9168574553,170,3.2544023897925896,64,78,0,1,0.8764804133442438,0.4964581542571316,1
9519498548,209,2.273497296186009,13,179,1,1,0.6929622848031132,0.37535683995547486,1
9891274835,225,4.360798602117725,4,153,1,1,1.1117577157387268,0.3975813426632345,1
9916698734,221,7.44032076852592,61,78,3,1,0.6082592480458814,0.5528905938765281,1
9887110843,25,9.671852695178133,0,153,1,0,0.31660891037594396,0.0,0
9624150214,214,8.188172011528614,62,29,2,0,0.43043488195926893,0.22346078836343553,0
9572432043,48,9.433309587866821,66,128,4,1,0.8640964649031708,0.5437918607339787,1
9457319431,98,1.8357551387270044,19,65,5,1,0.7297967695947107,0.6019298840199746,1
9247697582,265,1.1761795892049294,42,102,3,0,0.15965205145008976,0.2512107577702183,0
9844595490,263,5.798195238113376,41,58,5,1,0.39392370052195425,0.6110758345386073,1
9784275917,225,3.2578260889183266,68,64,5,1,0.5154310810708753,0.7037578166614852,2
9705850704,181,8.366522243208092,73,174,0,0,1.1155033607839495,0.1589788030422435,0
9137709731,146,6.8838847783220976,38,193,2,1,1.1225977335439554,0.4480384440187428,1
9882698033,187,9.721917557865048,61,36,0,1,1.0771826584730007,0.46171557498904614,1
9798027879,86,2.92052737944739,47,57,1,1,1.2458460511056044,0.5386385309126372,1
9123027075,197,5.114949086374708,5,176,2,1,1.3234316092932328,0.44121573741202474,1
9365047041,24,5.261784535540856,73,143,5,0,0.19955152421155115,0.2799547684788959,0
9852288765,223,2.772179551145074,41,122,3,1,0.7902802247711347,0.564284139025462,1
9186191493,217,6.105887295136074,57,51,5,1,0.30854299830774845,0.6243711789219635,1
9993102645,178,4.711216867752776,42,94,3,0,0.5956841829066252,0.2419141662024284,0
9300619113,289,4.743854781903799,9,64,0,0,1.028475872957099,0.13180751403867297,0
9390770691,155,3.9459981557385944,77,40,4,1,0.9423222115890096,0.7163100208551514,2
9893943861,272,0.660828848042583,38,192,5,1,0.27998346376383765,0.5877014028084829,1
9234489564,13,5.459904750690495,12,165,3,0,1.1599142200350727,0.15363751606258946,0
9496360081,99,3.6848544391531455,74,46,0,0,1.2018234569352666,0.26990056156239417,0
9207944665,69,0.5125387553511319,38,17,4,0,0.2948574296828612,0.30063242649772975,0
9957937451,25,3.425465222788354,10,146,2,0,0.9619226772633522,0.1184918052648087,0
9913891745,236,3.1469691643526914,15,190,3,0,1.4233210264512037,0.26671822653524546,0
9723415497,38,4.23775745562454,32,119,3,0,0.2315171838720991,0.13156230593049076,0
9722028733,160,1.7525939016122711,59,105,5,0,0.3304494796775047,0.36153947740861997,1
9858744035,254,5.322996334033302,58,126,5,0,1.1717343858796496,0.4319655036304917,1
9520477197,279,7.078183348922234,73,172,0,1,0.5716959803430798,0.41631531745410283,1
9838194223,88,6.486762906018439,50,69,3,1,1.4378002497553257,0.6081615417650845,1
9428740110,298,8.135672001907311,14,137,0,1,0.9741082592412128,0.34173159375272444,0
9480072391,162,4.794078735877271,79,162,3,1,0.776480449321836,0.587598709088093,1
9402554573,286,5.431371438227418,42,121,0,1,0.5727289171264459,0.3938176794631112,1
9941739990,288,8.198818438160341,26,177,3,1,0.43477463153872065,0.41258713452672247,1
9189482491,66,4.563161122782766,55,105,2,0,1.0100291232918228,0.24329556132162555,0
9294249720,195,7.165193824046171,59,190,5,1,0.9288405471644869,0.6152285397711845,1
9423541287,102,4.6287225028209225,69,43,2,0,0.6010779492583294,0.26553468387714846,0
9506019796,285,4.468493847859845,46,144,0,1,1.3848874448808337,0.5000645672113819,1
9695614415,167,7.721953433027023,7,166,2,1,1.1665254534070115,0.39260294654585043,1
9191693393,284,2.1609506969290058,62,113,0,1,0.4640943276183449,0.46849324428438666,1
9270476398,190,3.716566733444949,6,18,5,1,1.4207123613711636,0.6810533492298669,2
9438175028,86,2.629636629095567,1,170,0,1,1.1577547280532812,0.3275582611505803,0
9472593431,160,3.911544458192173,16,148,5,1,1.35594969812448,0.6204420969432983,1
9558502041,247,2.6885608124772284,3,110,1,1,0.2907079504162716,0.3442388909668926,0
9232862715,298,6.004353495323219,25,193,2,1,0.1461954657215484,0.35270788060937386,1
9559708603,240,8.08262262486953,77,191,1,0,0.7900855719934025,0.18356879714077393,0
9283378299,27,7.972824081570067,71,79,5,1,0.7274140165992165,0.6190657930130653,1
9211665644,82,3.962759163213528,68,83,5,1,1.3177255364144633,0.74394062107784,2
9705264936,198,9.893223855995487,4,116,1,1,0.3410036079941865,0.2500017466873566,0
9298743196,26,6.141616464705107,4,71,5,0,0.13301510475757877,0.1426957483277815,0
9324184334,28,4.2943028668938,68,143,3,0,0.8409469161677132,0.27034866220406667,0
9809816108,228,8.437623152793542,2,15,0,0,0.34859255035251113,0.0,0
9420192576,129,7.433803120105088,37,20,4,0,0.16931257911897266,0.2147618720530157,0
9167157848,110,7.618115699828992,0,170,1,0,0.1310890375672207,0.0,0
9844753672,43,2.36332382247178,7,162,3,0,0.29940711774540607,0.08578563492645402,0
9195540567,93,4.949080920001274,12,173,2,1,0.6261992180976304,0.34905493513170033,0
9722261376,205,8.687367242833727,69,5,4,1,1.3375556596002793,0.7196749389046956,2
9953477355,211,5.288361072473194,49,128,5,1,1.1648044549620296,0.6788328683924318,2
9286780295,20,6.992801062499979,7,42,0,1,0.8422355323859263,0.2972379844696448,0
9123717335,227,6.085370463825513,29,118,3,0,0.7024826715289656,0.21005680835090307,0
9160472382,262,8.50238948332463,39,102,4,0,0.7381187069304255,0.26916223769842224,0
9381154698,231,3.203327977735225,78,64,0,1,1.338502180323652,0.6072803259060156,1
9954021618,89,5.967015139920466,73,23,0,1,1.1144835832076723,0.5186171816392086,1
9988445520,16,1.6707293460931378,32,128,4,0,0.3408175203063837,0.20911601695031506,0
9272552610,281,7.0570023786449445,72,191,3,0,1.4156246426574655,0.35862426190848984,1
9191355424,236,7.4536944643507645,51,104,5,0,1.182081075350639,0.39808872880320084,1
9555094650,25,0.9069545512954849,32,72,4,1,0.14781850413259034,0.5055214325470317,1
9418019332,21,6.920014154465858,72,142,1,0,0.8031598392795553,0.15393901085995632,0
9857206505,250,4.43955646457497,77,21,0,0,1.0138945140342073,0.2978093307758719,0
9565856742,30,1.6789203230419822,36,84,2,1,0.18538460444220814,0.4170991086565613,1
9748870905,187,4.489121703135442,69,89,5,1,0.5942842462603671,0.6780613157802854,2
9597653800,237,2.345212832108026,68,96,4,1,1.0076234464161413,0.7169722595846406,2
9808496411,282,4.447815555171507,3,33,4,1,1.2425227440730333,0.6171789426267061,1
9585775494,297,4.151220765606013,59,138,0,0,1.4679930538981962,0.2692945172805114,0
9529662408,143,7.514720550892546,79,198,0,0,0.270282634107712,0.0591406028155482,0
9629561415,292,7.855047802580408,73,123,4,1,0.985363345472783,0.6605996944924357,2
9956634123,162,6.266772216653194,30,126,2,0,1.3499055580580552,0.22248740036712833,0
9447454369,75,0.7155250007332516,13,115,0,0,1.1036850034732684,0.11560590040799318,0
9509783328,146,9.344711651174443,76,195,0,1,0.9853594811756542,0.3985399312603185,1
9372981039,101,7.019216160916253,59,163,1,1,0.40019076501376394,0.36597563120399007,1
9618910454,268,0.824856774251294,67,157,3,0,1.2414162544361131,0.4147883359079847,1
9361917078,112,8.278912542534119,25,91,1,1,0.887487936364548,0.3717682685200031,1
9825167677,64,2.4025284698209632,23,153,2,1,0.2559827220266067,0.362204251672008,1
9422909911,266,6.002601300925514,55,20,3,0,1.4098424384238435,0.41383321033308845,1
9812631076,110,4.9330265145267775,8,136,4,1,1.483747032229225,0.554186659026519,1
9492121003,207,4.488468432373228,34,111,2,0,0.8527414491835839,0.21266735271355136,0
9690804839,235,8.952280341181776,78,178,2,1,1.1870707317018787,0.552187790376711,1
9206179285,246,4.654932269844839,23,12,1,0,0.9166377882726076,0.20948734735457483,0
9689324250,35,1.215769116944932,30,138,3,1,0.6910880412764022,0.48817466888316247,1
9363038498,130,9.493067908542049,65,129,2,1,0.6727512472043006,0.4512300014286782,1
9670916578,191,9.245084696776463,65,132,3,0,1.4500400184652298,0.32624711918784344,0
9613653348,208,7.002110551025188,40,57,5,0,0.6163010950053877,0.326897471455011,0
9524831618,264,4.944979017254237,35,123,4,1,0.786635862002679,0.5787065552332707,1
9146321408,131,1.3821649929634519,33,196,3,0,0.44788710021160405,0.18034380544316433,0
9363183577,40,8.012107126486024,38,95,1,0,0.4545948762233013,0.051072766295630526,0
9190053374,294,1.217040187028275,22,183,1,1,0.5987179335798061,0.4176416697852374,1
9126063245,115,1.1517093565038836,79,67,2,1,1.3946886907604694,0.6964587972798764,2
9273660954,233,5.605146503173997,43,138,3,0,0.6551532742484123,0.23323996820505483,0
9197636744,282,2.021218281754082,69,194,1,1,0.8732053122488238,0.53798001808881,1
9862532878,241,0.5734375397333153,57,111,0,1,0.8640548532269097,0.5138219985770961,1
9576272473,265,4.519577594459969,58,165,1,1,0.9164117607214686,0.49840114681972325,1
9209174313,33,1.8035637002956264,25,6,4,0,1.2480608071750445,0.36617453245745785,1
9913194107,118,2.0248964451665667,21,173,0,0,1.3616819710384713,0.1313197458492844,0
9563390156,200,1.2306510679856792,39,20,3,1,0.3922456143197228,0.575384994235872,1
9966377394,34,2.4483906603742946,10,106,5,0,1.304626194764122,0.32574112211386974,0
9234987326,196,7.297099707856699,8,123,2,1,0.8667899782304227,0.393216267560037,1
9726049887,297,8.184809418569017,11,63,0,0,1.3942573410341674,0.14154316790127186,0
9685878246,125,4.799069618278356,25,13,1,1,1.382619204960976,0.5154088025093103,1
9376406835,46,5.312261250873468,37,121,2,0,0.6452066074961259,0.13669432455572017,0
9371766524,291,0.8102228286449247,2,14,5,0,1.0126274370533732,0.40689261850266567,1
9136810847,146,1.1585044830275102,14,98,5,0,1.3199756626148125,0.3859283590507807,1
9939735171,236,2.9468933936704107,46,11,2,1,0.6385924222162082,0.5702017032752335,1
9776742877,191,5.667034996774902,4,97,2,0,0.16135552155762484,0.050791575958949495,0
9698424036,95,7.525735912982433,53,198,2,1,0.6037309846303275,0.3957222205331834,1
9548469222,62,6.247529082711314,23,152,3,1,0.6115658276500787,0.402700883658807,1
9788839404,244,4.225214622374489,10,127,3,0,1.2294438411946464,0.25289735214153036,0
9271116174,276,1.6240786935298128,32,67,3,1,0.5334728719154819,0.5686278003075002,1
9123841962,296,7.917345731428299,73,8,1,0,1.3515771755396413,0.3503644456209507,1
9972141340,109,3.955967490191042,56,32,3,0,0.8680981531255315,0.32776683515943794,0
9928299788,96,7.492513137586501,51,76,2,1,0.9206158564302509,0.49091374512059194,1
9430626207,24,5.373298998186248,63,167,0,1,1.2298105671130157,0.42774768007532693,1
9524623942,110,7.51728950883734,42,134,0,1,0.2884053228800156,0.2812344979728872,0
9270731194,174,9.119250833799432,43,173,5,1,0.12511826972935608,0.46223318236192956,1
9936594930,38,9.249780402511119,35,160,0,1,0.1792605456839486,0.1993972339852737,0
9792440149,123,5.583514410005733,11,79,0,0,0.14292894793833397,0.0,0
9660355099,116,5.359329465273568,55,77,0,1,1.0798528318987675,0.4614537195779027,1
9871795521,139,3.0239454222769537,2,106,5,1,0.4429595218517788,0.5054344642215567,1
9634096553,93,9.390098399528268,49,133,4,1,1.3003909519317933,0.567915733437476,1
9349625132,280,4.850232088396399,28,159,0,1,1.3360250241081066,0.44028688449888265,1
9295995197,253,1.7121167732300828,76,71,0,0,0.5985217623685455,0.2542438768721312,0
9672964792,223,4.610696688952224,15,171,0,1,0.37275549881613534,0.27711896625717625,0
9553094388,175,1.7070058772610377,39,172,5,1,0.7983367646713172,0.6237330079000923,1
9621669253,288,5.274051000442213,26,32,1,1,1.2421317181178617,0.5290671941688369,1
9987059227,68,5.832117391134016,69,96,4,1,1.0588487632775179,0.6384597762330273,1
9330519835,99,3.7086797341890607,41,156,0,0,0.1360391589405979,0.012470542262602996,0
9901312299,203,1.1806808351991043,56,86,5,1,0.11001077391800129,0.6361664561811042,1
9815154771,132,9.463283588515772,9,55,5,0,0.25932493938349155,0.16550958966382975,0
9712286237,145,7.846854578092581,37,60,3,1,0.5714833285268796,0.47833241115278125,1
9672434365,148,8.469370264798648,7,77,1,0,0.8516350942136104,0.06128043479471615,0
9268973642,238,3.9852497457191793,17,30,5,0,1.2446189207401708,0.40824794020685695,1
9419309439,283,7.72789478518478,16,92,5,0,0.2999098668166559,0.22872111326244807,0
9346703609,59,5.1110425041073455,57,56,4,1,0.3134706233855479,0.5482672980903109,1
9624363766,127,2.4102931398574365,65,129,3,1,1.3090825539289976,0.6557830554598572,2
9727457371,211,1.6820220806185262,43,10,3,0,1.3936348941052348,0.42706858899187256,1
9556545752,200,3.7779832585595403,73,191,1,0,0.8718051630179132,0.22536415379276845,0
9392072678,190,1.806745059013827,8,121,5,0,1.1988496443437062,0.3503476832797454,1
9773573053,87,9.983555273938652,47,16,3,0,0.5797395650897281,0.20271608452350356,0
9572669408,84,0.9672954072042095,38,67,2,0,1.424773633480445,0.3217652911312029,0
9195057280,290,4.6908641940062275,5,40,1,1,1.3668326327843314,0.5003128789393785,1
9734324250,30,4.794888462708649,29,13,1,1,1.2894469237860513,0.4879449693018224,1
9860672189,180,3.3560033215259177,73,78,2,0,0.11817422483140588,0.23515886712145764,0
9102235000,24,5.927839874215981,17,71,1,1,0.8326173180834997,0.36192999967942824,1
9392121203,220,1.9247817294396745,42,33,3,1,0.13732652313925958,0.5420484686901018,1
9540529868,57,7.94716761557872,32,75,3,1,1.0484237753812793,0.4921448416588089,1
9575584232,95,3.658253323352564,52,94,3,1,0.35682108241084043,0.5062528233424033,1
9335283714,158,6.117754603087096,55,12,2,1,0.9952719453487283,0.5739029115381357,1
9129859174,197,7.2985727426361136,18,47,3,0,0.237142031900423,0.14240750424975077,0
9807191493,160,8.945900118056532,68,39,2,1,1.1592626094559693,0.5759273783847046,1
9146159303,150,8.4399806462959,25,114,2,1,1.1170271856673186,0.4400134945245275,1
9246412954,78,6.278935766983816,28,26,2,1,0.10645383688753679,0.3762272312226987,1
9819024776,269,4.189735213646926,23,70,1,1,1.2088744374234501,0.5072714432603842,1
9926506464,18,5.280444365712158,5,106,4,1,0.32930225398112456,0.39520093808918916,1
9614817842,130,7.802980537098624,53,153,5,1,0.25300619222014975,0.5141416432879012,1
9183375337,110,8.836682654314993,38,98,2,1,0.8003460885857593,0.4238346721118445,1
9476304299,158,1.4859283176783826,3,99,3,1,0.926127706142646,0.5046875182583104,1
9928540878,155,4.156134493684008,57,173,2,1,0.2443481330512019,0.43053149537526947,1
9822804538,252,7.8731076849282555,47,45,5,0,0.5266480028598092,0.339170468124038,0
9414404213,250,4.60069174464263,59,181,0,0,0.6709128631716217,0.1342179093115497,0
9180705119,52,3.6561637586296967,25,8,1,1,1.4210624254804864,0.5167701926207687,1
9349546199,104,4.407565619821061,78,102,3,1,0.4518511609462863,0.565564685209035,1
9971959784,235,6.227025094470332,76,197,1,0,0.4646832638165217,0.16020435719100526,0
9760721331,15,9.998148869271114,39,14,1,1,1.0231533180266303,0.4115506117319423,1
9588035440,223,5.183428076493052,76,98,0,0,1.118013489891166,0.25342714853569,0
9378710077,215,2.480697512065475,55,71,2,0,0.11515102120163044,0.2176330857327433,0
9116816569,76,2.0470424651514003,38,142,3,0,0.2876431938021532,0.17671934034110826,0
9107654909,109,0.9023226010259358,38,77,4,0,0.6007674504698702,0.31333088951073995,0
9943120422,21,5.808763731724054,47,149,1,1,0.9848154108790882,0.409322684524802,1
9318520688,246,5.673434869143925,24,199,5,0,0.28776661984538865,0.20655077595171958,0
9736028516,267,2.449722304412937,33,57,4,1,0.5997287616167857,0.6155207837410592,1
9249638768,144,7.105629361299386,20,167,4,1,0.2122836591331274,0.3961064867603828,1
9258428240,231,7.540516895481967,24,8,2,1,0.8995593667570614,0.49706092126506385,1
9172073914,165,2.961432951130057,21,72,4,0,0.6969114621052301,0.2793421800390669,0
9570575216,151,3.768947758282497,22,117,3,0,1.2033137195467496,0.26243693991288664,0
9111506305,167,9.909480887298939,24,100,2,0,0.9034438172344382,0.12603282075387867,0
9791648731,271,4.055512444581975,77,106,5,1,1.0227505953939002,0.766580588778951,2
9321099573,292,7.727615881682967,77,143,4,1,1.039621635350646,0.6676398723285486,2
9241951830,238,4.80089155298443,25,48,2,0,0.9254520285288456,0.237160211454315,0
9223035620,289,8.03677586467927,29,123,3,1,0.12252885958367106,0.411078819440556,1
9508327903,299,7.805720768435155,37,192,1,0,1.2648829937141102,0.1691006433578047,0
9779746784,177,6.843682239386088,33,194,0,0,1.383379414944605,0.10833134292071953,0
9677034624,56,8.620394289808003,76,114,2,1,0.8479363672758442,0.4952409659287386,1
9876124029,212,9.422575701338008,72,164,5,1,0.2570216142702243,0.5543050186297042,1
9722318721,223,6.009841544294797,14,50,0,0,1.0165821629781429,0.11583842769250627,0
9232863028,255,2.755954618616084,43,27,1,0,0.609222398243386,0.23528523236581328,0
9949472217,33,4.286975135618713,9,110,5,1,0.20259210445478007,0.4469173509071492,1
9327174085,283,7.703904278376286,36,169,3,1,1.2958899171496094,0.5470266053841044,1
9498129398,53,6.683393108676761,6,130,5,1,1.0963986960669452,0.5140004595572456,1
9839316547,165,2.1890842163698627,31,94,1,1,1.2267551073848733,0.5116916022897464,1
9447262390,208,0.9867756408910346,10,102,0,0,1.2145773846773638,0.16087464513725785,0
9149905866,171,6.988135138649616,47,79,3,0,0.6007496665294305,0.23208233831973626,0
9613911991,243,2.885250728278781,67,118,5,0,0.7750982145205637,0.43493877700312233,1
9328233509,172,5.246867315426008,47,190,4,0,0.42711623232007034,0.220908206759963,0
9605874711,125,7.594094338869645,44,124,4,0,1.1568551501425082,0.29402681928399854,0
9668249203,102,5.845334416235165,32,89,2,0,0.8335464297208404,0.17258155857167887,0
9673505733,51,1.2913745395620657,3,47,4,0,1.0100077914514982,0.278554440499435,0
9739196117,293,2.2630122494437765,46,92,5,0,0.5992712188678398,0.40038973260414884,1
9253651082,219,2.5836177482937317,52,147,0,1,1.050855543120019,0.4769992521948775,1
9385322750,215,2.9497104096260265,30,199,4,1,1.0396865768882724,0.5706991976444138,1
9487791599,229,5.871332223529791,30,134,2,0,1.1782220565371924,0.22049732676877226,0
9307640719,289,5.287674908341238,26,137,3,1,0.3176124890614678,0.45372806645394803,1
9466371424,145,2.4300203644599847,47,185,4,0,0.9731357265257983,0.3155327094762426,0
9747326920,115,1.1417710128290273,35,177,2,0,1.3312668960316254,0.2549674420365134,0
9403998075,127,2.1286059425098216,48,108,4,1,0.2318257110516223,0.5461424806827435,1
9135213498,246,9.851622469876732,30,97,4,0,1.445045339125147,0.3157859710564969,0
9901090885,109,4.951196023018986,43,45,5,1,0.3908963730722492,0.5908098791591088,1
9941009615,270,8.739782294670068,58,195,0,0,1.4111648907195935,0.1694623993503104,0
9275127900,295,8.563148433354012,22,36,2,0,1.3152278772892076,0.25323623074112345,0
9565397506,112,5.3594357958973005,67,110,2,1,1.178263390672358,0.5706950439965821,1
9490382227,72,7.213533230375163,41,6,1,1,0.39320786660058504,0.39307254522756824,1
9426241019,184,2.331144098920767,41,14,1,0,0.40301320200306423,0.19870452171998515,0
9862633146,291,7.039768696805629,12,175,2,1,0.46302680048728506,0.3561859916968066,1
9171244178,235,3.0876535030012504,0,123,5,1,1.2346390052466505,0.6122715052602498,1
9151939266,16,8.404589919164433,75,175,0,1,0.3627649994318689,0.30819338756851766,0
9355555070,136,1.2953792645346442,52,105,4,1,0.9131770872988481,0.6508033659681127,2
9523767187,101,7.844817392410136,39,114,3,1,1.1885406612068965,0.5181704039692394,1
9723512415,199,1.4494006124018854,45,71,5,0,0.7448821044073369,0.41080971184672443,1
9513075142,62,8.871297750495936,21,27,4,0,1.2770444948647328,0.27307309971115,0
9848898099,251,3.3899429222825352,51,102,3,1,0.8869441976322769,0.6084373219818161,1
9918291176,141,6.71673696589046,27,101,0,1,0.933175546089717,0.35923022194008053,1
9920071328,121,5.1312716468926585,52,192,1,0,1.047496632956238,0.16139100285870336,0
9733816999,16,3.9798798799922204,62,10,2,1,1.2843706554902017,0.6131325867655842,1
9687273855,239,6.631697415243217,16,17,0,1,0.10648759288569815,0.30443147549669847,0
9176241446,165,9.50146831523676,63,25,3,1,0.6495773904945292,0.5491816670765025,1
9901999185,206,0.8920626000589076,5,62,5,0,1.4481881234032405,0.4182611569410153,1
9476712039,232,9.22910213088949,13,124,2,0,0.23814047099063054,0.034944297614868475,0
9690647936,259,6.286275722699629,16,160,3,0,0.42682792057242935,0.1328507084629626,0
9854583306,92,8.169485857305997,37,124,4,1,0.8993035100966635,0.511665924257261,1
9491127003,249,4.146812057625636,68,140,4,1,1.3010316418887558,0.7117620523351431,2
9587365080,272,4.982508260957331,12,81,5,0,0.2360846657729419,0.24757339409459836,0
9997955761,198,8.754082142111058,52,102,4,1,0.1056425685922186,0.4824281225257336,1
9850303382,299,4.441055713193319,8,62,2,1,1.0618305885890447,0.5088603354056989,1
9278017694,67,5.579265884116308,43,172,1,1,0.9362228674471589,0.39801222015093,1
9646918365,18,0.6918517693011625,25,90,1,0,0.4794847054296154,0.10928594341993988,0
9940887593,124,2.0066810554614016,76,5,3,1,1.4406608846550562,0.7623658001597365,2
9134109026,219,6.596021825760598,18,81,1,0,0.8828098605073846,0.129184921351759,0
9787126267,50,7.311280560106833,47,197,1,1,1.0287786520938231,0.3803014048633101,1
9851425679,182,6.0347088994527445,79,14,3,1,0.6302950738264439,0.6345022353990737,1
9388717145,243,1.8614453446183015,29,192,3,1,1.3902234862932394,0.5905394742197692,1
9337085688,290,4.731351571489431,31,73,3,0,0.4865072884518261,0.24418798908967934,0
9171450611,87,3.873400280450303,77,152,2,1,1.148302539327763,0.579765501353928,1
9227348283,117,5.208782768333339,78,66,3,1,0.2633324879921277,0.5547945053390553,1
9146510960,290,8.768125828263896,75,17,2,0,0.8529011477749721,0.3227139611271632,0
9499873327,48,7.870683667257193,74,190,2,1,0.908905389813364,0.46692044277051736,1
9732286859,128,1.29790026319701,68,169,2,1,0.36369499013341433,0.498701928990979,1
9350368452,36,8.957937378858361,10,14,3,1,0.5532874401862045,0.39599924427604427,1
9746040612,113,4.981787935923324,25,7,1,0,0.35017607570275755,0.10912300718658438,0
9669668767,83,7.566690376416985,25,166,5,0,1.283036520428979,0.27854743126780696,0
9671666426,200,1.8303726970113452,16,38,5,0,1.0200646839861924,0.3907766230475403,1
9910490870,156,6.871835494216957,43,162,1,1,0.7250077298953164,0.3858889016568345,1
9482380040,264,2.7450971672898503,22,169,3,1,0.8783723506310455,0.5198635160682473,1
9224001512,293,4.6646185228388495,24,38,1,0,0.5816581707194163,0.17095689154559712,0
9526101858,222,0.6601972657799919,36,164,3,0,0.7002350565068434,0.2663058395914613,0
9960530322,132,1.940301060339522,75,89,2,0,0.967120521042676,0.3402208498010469,0
9515156431,215,1.3747646846743877,64,62,4,0,0.3960700412398789,0.3773645620660262,1
9731833730,249,2.777569642913455,1,109,0,0,0.2877348077535684,0.015347341215466756,0
9556659347,295,1.4501718552310616,73,156,5,0,1.4222424504475375,0.5381836984575985,1
9688781719,31,7.073145252885838,31,13,3,0,0.4315962520507821,0.17043047387813043,0
9763607349,268,0.775879070987584,73,45,2,1,0.7933142257724694,0.6671038249075121,2
9228314487,114,6.368534755937481,54,156,4,1,1.1661315227128843,0.5934133656542964,1
9691718048,267,1.8367243928429553,49,29,2,0,0.8785167722892471,0.3383313199605942,0
9710021271,213,9.47903384319002,64,40,0,1,0.9888245526542906,0.46571054020023456,1
9533484403,271,9.364393694543615,31,12,5,0,0.3288061257272673,0.28310067741941536,0
9461378378,116,2.642279473949145,36,130,1,1,0.6528998665658924,0.41757396363385074,1
9897296240,260,6.337002333118781,75,118,1,1,1.0663314549070413,0.5549990799247531,1
9794190023,230,0.7660505349883551,12,109,2,0,0.3937007336817503,0.15988481495528312,0
9251786915,231,9.351991158986154,53,97,0,1,0.7769791068733597,0.39336359891696937,1
9738035365,267,5.468379427821242,2,93,2,1,0.9249496502514423,0.4425734048963183,1
9825799015,210,0.9106199384689004,41,191,1,1,1.2050659131030337,0.5104304703107373,1
9557109331,267,3.7537499335773052,77,167,2,1,0.4028789393451886,0.532250473518495,1
9446546429,234,1.2300698876817249,39,42,4,0,1.4693287073897543,0.4667086062345899,1
9139501026,211,4.232972174046919,73,96,0,0,1.4543968888816157,0.2962486272438975,0
9625200495,235,6.864300250532569,65,123,1,1,0.1172109285387059,0.40311037508492065,1
9535816957,245,4.963954126393676,59,164,5,1,0.6151685312951518,0.6303361075720275,1
9916616920,192,4.145360659834818,10,105,5,0,0.1949753230333055,0.2148527108459789,0
9802234722,209,1.6319919326344157,0,117,2,1,0.5441452352954836,0.4109468583771785,1
9121739356,255,2.826920934089735,25,183,0,0,0.9498880404180063,0.11281351364108393,0
9245689489,120,1.4513612335143358,41,32,2,1,0.9522311389366301,0.5731014018702236,1
9790665343,15,8.171237950738277,61,188,1,1,0.23532926616931207,0.3014346565314582,0
9337785965,245,1.7847783658548644,60,103,0,1,1.0479656709191467,0.5331718734533727,1
9309310033,136,6.156046982214488,76,140,1,0,1.2848743529504336,0.26157902523414484,0
9924183605,113,3.756033929094036,61,45,4,1,0.9836303398995708,0.6738465669721535,2
9952225186,246,2.646794654224243,73,122,4,0,0.5339523195018074,0.37716274248952597,1
9752668623,164,6.574950175174986,11,27,5,0,0.10349308084768677,0.20850310093295593,0
9855593187,266,4.841521939080936,26,186,3,0,1.007771947840602,0.23126770380523437,0
9177633091,244,4.301381939203312,66,27,0,0,1.0488555755917055,0.2743127524672316,0
9423839252,298,6.132094046476105,27,36,4,1,1.092248972066943,0.6357014147569866,1
9868037679,49,5.167042470655007,65,142,3,0,0.15496478554731657,0.17690793128448457,0
9600229623,297,3.3830999812398272,27,85,5,0,0.8230268650450172,0.3756160240305242,1
9742668415,206,5.81108223376989,20,167,0,0,0.6788037690006972,0.028156798808178285,0
9526161286,282,6.860236477231599,6,103,1,0,1.1742875772313204,0.13979167154097927,0
9776942224,273,0.7535850065751157,13,67,2,1,1.111764919181563,0.5609187702228863,1
9349369215,66,4.925781424622916,38,199,2,0,1.4309251623067696,0.20420164238133734,0
9393383200,107,1.0479912035436658,72,40,1,0,1.3565140327752845,0.36473912282384346,1
9282708911,146,2.270851433647055,61,97,4,0,0.8812095130710712,0.38217825769809727,1
9502330059,96,5.824832973740744,11,181,2,0,1.4726634900649098,0.15467162312290028,0
9137856186,251,8.728794695023018,37,50,1,1,0.3102979328335872,0.3816735489330875,1
9605585522,208,8.886653952290606,57,31,3,0,0.11002215703347958,0.2067794780831969,0
9685544149,93,1.164468096316997,55,163,3,1,0.25096598859078156,0.49519230147508997,1
9165293686,251,4.481498319723713,38,166,1,0,0.5971565637484878,0.13131414114646733,0
9101983509,290,6.038561588543237,3,80,0,1,1.1573631109961315,0.39050416759035034,1
9485992349,261,1.8971640932282625,47,105,4,0,0.6362935755697715,0.35243925994963343,1
9714600044,199,7.771606059075331,6,191,4,0,1.1928427548112284,0.19694852453511016,0
9710085301,161,7.570234955153769,59,186,1,0,1.1398977927265612,0.1726282489986754,0
9770439175,287,9.08173963021455,39,198,2,0,1.2120897212525867,0.18975322432106914,0
9663236122,148,0.5806171147927086,7,162,5,1,0.36218123707933514,0.5107110097386744,1
9891967770,185,2.5585003178955255,57,155,4,0,0.8224469280888317,0.34407496088924683,0
9292463073,17,8.358273785330557,56,13,4,1,1.097768503897309,0.6114662683770438,1
9529833492,244,6.870510482855886,34,187,3,0,0.4978445851226836,0.15736189108711807,0
9111326237,172,8.996703610135663,72,133,3,0,1.2732369860631476,0.31819466167261645,0
9723214176,58,1.043206718037532,12,60,3,1,1.1910367521996459,0.5548725963141738,1
9430299675,47,6.171157674306207,38,171,5,0,0.2678271388502105,0.19061869790368413,0
9825523310,145,5.9059424614899045,20,91,4,1,0.4050431790227993,0.4719005386115238,1
9590345952,228,0.8389069554250574,46,22,4,0,0.43232275406055476,0.37111184702216593,1
9938562244,43,5.3784597306685935,1,46,5,0,1.3298671777282598,0.3057592112260347,0
9232166290,88,6.29044295744428,43,115,4,1,0.36141762127537747,0.48660146573038066,1
9409255683,245,2.3172851549200186,29,77,2,0,0.9709348091987193,0.2687880885781394,0
9204436258,282,3.096631039684298,54,69,2,1,0.1908768990069851,0.5159456554046267,1
9179688895,170,6.5832997898285015,39,165,2,0,0.8735074992925185,0.16440463577049358,0
9724798768,184,4.948859002199604,76,162,0,0,0.2977529432475296,0.11541071182997495,0
9287276799,230,8.651129746899105,23,137,4,1,0.9056940148443969,0.5054530581518717,1
9860684560,18,3.7526267770872894,41,182,5,0,0.6149140130827115,0.2548081602448779,0
9918013403,298,3.033266754687911,27,197,4,0,0.9479558220167418,0.2950721642524208,0
9975866588,122,9.856226433276007,50,14,5,1,0.6522205112975415,0.5980250774897263,1
9226960685,214,9.155789816235792,21,64,1,1,1.296013295649711,0.4419687843498026,1
9808087156,195,0.7754310774903086,77,159,1,0,1.1597688219875173,0.31961708570861835,0
9673352453,206,7.821921845412376,73,76,0,1,1.2825830931459767,0.5212302423659019,1
9616077666,275,1.548180351339428,73,160,1,1,0.41087310468943217,0.5123099416799921,1
9166385640,271,0.7611093508790241,7,177,2,1,0.3083423836767767,0.3953844404973316,1
9972186916,257,3.1001074016803143,13,56,0,0,0.8802685357262229,0.13821426880031631,0
9865872407,124,3.058785851080491,44,198,0,0,1.3219664971321514,0.15499721610955894,0
9446819932,130,8.283528242296164,37,66,0,0,0.2548735390951367,0.016099152450529106,0
9865295088,150,7.251338836456934,31,121,3,1,0.4274434542528035,0.4255271484728533,1
9326623789,74,9.825289559654136,61,129,1,0,1.1443975057474423,0.15590755930717676,0
9410493790,285,7.259372552962275,66,64,4,0,0.7515053688795991,0.3715681736300046,1
9542422240,248,4.473427755932455,60,90,3,0,0.9448486252060914,0.3478340352868749,0
9423609715,19,7.13981277897956,12,172,5,0,0.9284561939098034,0.19180365658808834,0
9290906558,242,9.99486113827082,79,147,2,0,0.6772969454439552,0.21812063312735813,0
9339216892,204,7.246347884344017,46,99,3,1,1.0879832297529628,0.5640018129582274,1
9680240340,21,7.735972881813024,53,11,2,1,1.293176800510892,0.5496995414795508,1
9919956639,186,9.414467644307464,70,43,4,1,1.370859868698239,0.6931295725120991,2
9534378710,186,1.5796869824609918,51,183,4,0,0.16497623814221513,0.24969090478753386,0
9179348896,226,7.195450787753405,71,11,1,1,0.8750485786841362,0.5571770866557223,1
9387427839,20,8.582656600690765,24,144,5,0,0.15652016361439797,0.12312387375877194,0
9827965823,127,9.566596702098485,22,18,3,1,1.3613021547517812,0.5349237648116987,1
9626936081,173,2.504208252261144,73,38,4,0,0.7009721303382824,0.42144948994679343,1
9343959576,48,5.28732557338032,29,126,2,0,1.360735574003115,0.20289036199980998,0
9721445097,62,6.965271052622577,10,171,4,1,0.3627567737911742,0.36948089355680325,1
9899528670,227,2.8509434302627055,34,77,1,1,0.3273197364944681,0.4276003805495171,1
9504642357,215,6.204492200877604,26,68,2,1,1.3716538001178578,0.539977882936945,1
9941941561,65,2.946998433730994,66,101,0,1,1.4137258162617805,0.529616450079975,1
9873166402,127,3.667841695050649,46,16,5,0,1.1735054875948319,0.4461732248374387,1
9400910439,262,4.694427616853218,49,130,1,0,0.4108355219390981,0.15208379789711984,0
9402434989,295,5.527305938092386,7,38,1,0,0.34077954988094683,0.09398254139527165,0
9517369879,277,4.768975780438931,54,31,0,1,1.1472183019436286,0.5403051535346349,1
9997299057,189,5.185357437985328,76,154,5,0,0.9886846031541039,0.4208178631226686,1
9593952287,244,3.33659318473878,41,22,4,0,1.3209073215023839,0.44078642703008736,1
9835055790,205,2.0101683932149905,66,178,1,0,0.48753598570666923,0.19254896423288703,0
9566634390,89,0.9498247846049745,19,176,0,0,0.5134999963645361,0.028705435481817976,0
9701656257,144,2.3617978636708434,44,150,5,1,1.124297567314371,0.6689741337136743,2
9117882750,31,6.028464594304939,34,41,0,1,0.47501605089785226,0.3289270176427496,0
9178725274,234,7.968096754129758,76,139,5,1,0.7473281246674317,0.6579622139105348,2
9294521577,67,2.1078521757074977,19,72,1,1,0.8281990002748467,0.4227063205911583,1
9647063169,102,1.5312758988401605,23,84,3,0,1.0368583320117848,0.2749976890553323,0
9411603161,201,7.618258425217878,56,90,1,0,0.5821369108492869,0.15703732819929986,0
9523783527,112,3.399004140104252,54,64,5,1,1.301671771579883,0.7347792295750016,2
9946176160,16,9.539244672659848,8,52,3,1,0.6632606375394211,0.37338700709947903,1
9686784136,137,7.286020720798544,15,183,4,1,0.1579226158486065,0.36630179858558354,1
9969662506,64,3.6041824488087935,54,104,0,0,0.19380293047040717,0.06657282893741,0
9997265909,240,3.2506561040401967,71,88,2,1,1.4602027128355384,0.6839664522917822,2
9570260911,71,5.475134669577436,57,99,1,0,0.9708599108532036,0.1924849066007886,0
9326860070,249,1.2518743486429895,63,56,2,0,0.7872992536974363,0.3476034182599765,0
9287225564,99,1.6179268701303404,75,81,4,1,1.3175528767682965,0.7493412227706315,2
9299759529,241,2.170649872503829,48,184,1,1,1.103638565968287,0.5106554961128154,1
9354954230,242,7.859874136393322,28,88,2,1,0.35394898689481036,0.3996887221239908,1
9829203225,161,5.381644913056664,78,58,4,1,0.11020922628862036,0.594078701531288,1
9358185058,154,0.6003876663572079,6,173,3,1,1.4749824239083413,0.5498599055393811,1
9126658609,139,6.898407010985036,76,174,4,1,0.9809024617443631,0.6119940779441699,1
9602821784,150,4.525056697274723,68,154,1,0,0.7679039282289608,0.19784779102017858,0
9578947735,102,5.35309746715608,1,43,5,1,1.42251859978322,0.6144150623681135,1
9801112844,123,2.5341043124228877,32,27,5,1,0.6168907150373448,0.6349176340554069,1
9450444347,293,5.741931169743984,47,52,5,0,1.111573663796158,0.4423689989519445,1
9148715257,152,9.801955777639142,36,117,1,0,1.0381599868430127,0.11398906242282511,0
9122268806,232,1.1977245645547339,29,124,1,0,1.0478300248713552,0.2204835748765725,0
9106512440,241,3.1972152968120913,40,165,4,1,1.0479857710726503,0.6151583756336397,1
9649302307,42,2.8084771321778828,3,131,1,0,0.11459826251309956,0.0,0
9307426220,285,2.861218452136206,38,45,4,0,1.25402286196862,0.43114812201059993,1
9934400275,179,4.097710396871085,23,162,5,1,1.392135524215063,0.6363670714766878,1
9744090176,149,8.27204295506959,49,51,0,1,0.7290891397350661,0.39270951464070614,1
9404688903,210,9.17215755466168,36,189,0,0,0.8846770795704758,0.03859535889251692,0
9967441151,32,2.421043330860247,52,76,0,1,0.5546019317521367,0.40503304517326677,1
9730431725,233,5.658024410507071,24,61,2,1,1.1991009573399845,0.5296291552880468,1
9296678031,279,6.550540235572063,30,66,0,1,1.1312418493798695,0.4460425390987196,1
9318049165,162,5.4573610064565266,37,90,0,0,1.133901419095988,0.15202983821404023,0
9701318347,94,4.623725744870736,57,61,4,1,1.1288919845622254,0.658798995875685,2
9686766194,118,2.3237673056627592,52,76,4,1,0.4059614513364229,0.5872968331590843,1
9477936342,40,5.138083912392766,49,128,5,0,0.2575319037854277,0.2461634881722048,0
9218613134,238,4.311540863257624,3,157,1,0,0.5350559456016774,0.04818488977977642,0
9639374683,249,8.057851943771562,51,172,1,0,0.9055309641476437,0.15111949237245847,0
9438722145,150,7.754241412048454,30,21,1,0,0.6593327180736859,0.1270690292242609,0
9503649345,165,1.7729874714538718,77,84,5,1,0.44894417077738147,0.7078474508358393,2
9909490207,108,1.340930999349142,13,180,4,1,0.1312042742385387,0.4237033409164351,1
9436210646,56,9.127462460661278,0,43,4,1,0.26958636751871495,0.3722541479076439,1
9838846654,76,5.587329695162728,42,147,0,1,0.24746465617702051,0.2839144690659564,0
9254370901,71,8.649108904184612,58,21,3,1,1.4392949189298236,0.6198594167546968,1
9435663154,118,1.052435645380811,60,39,4,1,1.1903549489040743,0.7331800327905859,2
9765898681,176,5.501898356955487,40,37,5,1,0.27185260508041853,0.5850328656595178,1
9283157310,46,5.624551888474246,17,150,3,0,0.7540948947762458,0.1305134313781252,0
9256943484,128,8.676669309150425,59,162,4,1,1.016280497531497,0.5597169613273079,1
9481966485,95,1.4272949831822213,68,169,5,1,1.4454468366135467,0.7501594139287724,2
9490125881,61,2.7842328549211386,78,115,4,0,0.4765494825975971,0.3340418103193247,0
9574184249,100,4.362113981926624,58,139,2,1,0.4696654265542426,0.4596811500700563,1
9230997589,298,8.725494016489451,41,78,3,0,0.8955607120537638,0.2674780239152449,0
9101079600,213,9.419391493170387,79,160,2,0,1.3003289670183638,0.28555677812415897,0
9260409267,247,9.930883886139465,35,102,0,1,0.4914696493559204,0.3134224179557036,0
9266793897,164,9.612338121355954,39,22,2,0,0.27615533642590495,0.12627391624817047,0
9411817029,249,0.5564466805213669,29,179,2,1,0.47258223387342513,0.4601825078985545,1
9328773646,145,0.9532292438117844,10,27,5,0,0.7286941960788076,0.34367121927038213,0
9573265205,73,1.9022647819970924,24,152,0,0,0.6039346289728978,0.04711164475944929,0
9259267818,132,3.8141899193175948,44,35,3,1,1.305698185144544,0.6396135031855342,1
9645720763,263,8.384221294376108,50,18,1,1,1.4201236549770857,0.5674375163980704,1
9429214564,123,8.980233855687064,42,27,4,0,0.6298298173181431,0.2576167718099324,0
9195534048,29,2.274926859798539,65,6,5,0,1.2527898248661613,0.4940189899996902,1
9434444807,25,6.386809440387232,46,161,3,1,0.19605582329067972,0.3885516521769016,1
9185871668,154,9.214938858120128,23,182,0,1,0.8751846406076346,0.2762595572421413,0
9192526139,217,4.905451491347548,76,77,2,0,1.264385147024945,0.37122746641348947,1
9627810564,28,1.4836639335514477,36,63,1,1,0.6860725424348897,0.44549140455623615,1
9990197094,175,4.849229675803937,55,37,2,0,0.30080737011741643,0.21782279497110943,0
9466564547,47,4.070051571736544,74,180,4,1,0.49772610298672615,0.5559198468309019,1
9495236101,190,5.987750962627066,45,176,0,1,0.7886706861663939,0.36670413745510916,1
9321971308,114,4.667257501867485,27,144,1,0,1.2808962843876472,0.16085046410410786,0
9934855903,109,0.6647863051103204,51,87,3,1,1.1480361806464596,0.6421035726829181,1
9234667123,99,9.942978467429876,14,174,3,0,0.21700575481715673,0.009624948968900301,0
9793009757,88,5.6636322584404235,44,39,0,0,0.8646202817977958,0.13875751338111708,0
9274526510,82,4.99949217710379,57,45,0,0,1.321291101513449,0.22617769272303503,0
9956898402,185,9.568865029288514,66,187,5,0,0.9079543338520079,0.31846147304411215,0
9690256950,105,1.9806734920772326,72,114,2,1,0.19091257839502737,0.5001414275024767,1
9694221991,112,2.2977572241798585,71,145,1,1,1.2523684399788815,0.5638277927739741,1
9670137231,233,8.176140116096443,72,43,4,0,1.3694775766083516,0.4448569611331783,1
9170009467,15,2.977895260237583,40,198,0,1,0.6448645307974242,0.31664900057283996,0
9413345693,131,8.092657509769506,64,167,1,1,0.5341916255919767,0.38642443828713646,1
9276383634,245,3.0795680876307743,39,120,5,1,0.8606908871078884,0.6594114227347105,2
9294073232,125,0.8152824871375142,4,76,0,1,1.477723305811411,0.4518767401850524,1
9739180919,172,5.411639876923802,74,165,0,1,1.2724499593357723,0.49762098326387383,1
9189473854,235,2.3685211242051833,27,93,3,1,1.235478109179272,0.6087517862777171,1
9888215570,239,7.6995397828584755,37,168,1,0,0.37040092301918004,0.059036966701333224,0
9911626075,191,6.591396515705407,17,145,3,1,1.3532315256037135,0.5119743582173142,1
9436967606,258,9.274225345790219,36,60,5,1,0.8783240261458289,0.6139081789880168,1
9103695961,219,7.938389394024491,26,178,3,0,1.3836301172255485,0.23067494133877192,0
9208880612,153,2.217371570986905,24,103,5,0,1.0123949251014468,0.3581789321603308,1
9891707097,105,8.101503248315566,68,50,1,0,1.2678339614552951,0.2549220363948486,0
9447346749,253,6.596501925733221,26,104,5,1,0.331736004217426,0.5346169640639591,1
9469281814,95,6.855040596725937,76,117,5,0,1.0891300490390075,0.406268452057303,1
9865854846,193,8.406497416716412,53,115,3,0,0.46015299151876476,0.19955705664832146,0
9941702792,130,5.951328657294932,6,176,2,1,0.3364630757745394,0.29712629187207223,0
9909600907,101,4.927033386353623,77,178,4,0,0.9035752607631847,0.336487963988672,0
9782697716,79,6.548089835907915,26,78,4,1,0.9438375593215618,0.5312500957543591,1
9349939584,142,3.3305955751044114,58,73,2,1,0.7868649304316832,0.5543233114172158,1
9844293433,288,2.234672745327443,71,35,0,1,0.22465712714040725,0.4991927823129196,1
9809587577,146,6.357584461676841,30,129,3,1,0.4426486336035321,0.43076015582563515,1
9771891968,196,2.721559506312038,67,28,4,1,0.42963124332946967,0.6639137017904585,2
9926146542,230,1.259193538792764,3,36,1,1,0.5391828840189611,0.4236749569500955,1
9101043233,55,0.5052647535599122,17,117,5,1,0.9792915646631318,0.6058684773835236,1
9311426941,287,6.279034313300638,62,199,5,1,0.7131821773786582,0.6267667828591647,1
9503182709,201,3.94041344306225,75,20,0,0,1.4557391702693727,0.3397537391155777,0
9885403480,17,7.646954221397832,51,189,4,0,0.12218166255897903,0.12368168218363682,0
9788042471,285,4.064175783974473,62,112,3,1,0.40226478377647956,0.5710016646454837,1
9892911084,188,5.117032758263154,44,28,4,1,0.9027703505639735,0.6380613823018524,1
9228565108,48,4.367307241746157,11,38,3,1,1.3310752897893592,0.5378713478737692,1
9693867648,187,6.680460515538789,7,132,0,1,0.1474700249262803,0.2171475434713549,0
9979889679,171,3.883322039142198,21,56,5,1,1.3370554997234396,0.6786967954971064,2
9171709884,113,9.655792674451934,40,52,2,0,0.8101828495211917,0.16348576318245314,0
9774788031,170,9.393396372686036,40,91,5,0,1.1996767029292894,0.34107378121261567,0
9333448894,296,8.556265075244173,56,123,3,1,1.4281124732308677,0.6241316492181074,1
9897459012,132,9.242852570441107,31,185,3,0,0.40156617185468524,0.08172370977726891,0
9579836949,63,4.766827040364214,54,187,0,0,0.9230738648004931,0.09836693929168862,0
9828426742,43,5.5960887695001755,5,42,0,1,1.337136519236782,0.3750199837410784,1
9304939202,251,7.549879629303322,38,134,1,1,1.2821749434890064,0.47269577100037424,1
9383627673,122,7.113386286916141,8,73,5,1,0.8293501439168813,0.5281947151603654,1
9555149199,32,8.961446658251973,31,86,5,0,1.4292891726532817,0.3192606741527035,0
9781381298,55,7.305144758938606,35,122,0,1,1.09182234846047,0.3557736113746598,1
9133698788,144,9.979904728170375,15,57,4,1,0.8337600049103826,0.4799423438512014,1
9616103253,127,3.810805098400115,11,54,3,1,0.18106314883786861,0.41961458334640955,1
9161819576,198,8.41347855127447,40,161,2,0,0.7822281953566932,0.14320564082750953,0
9494620188,140,7.12753081691031,66,78,0,0,0.6906608475854966,0.1441822652406692,0
9598528205,221,7.068171229542677,57,187,3,1,0.5273542376015395,0.4841477870910059,1
9494274011,122,3.5954381510274898,8,110,2,1,1.420047978718302,0.49079383296719964,1
9297579844,53,7.963217028018714,16,193,1,0,1.3959800229923967,0.06959233175619634,0
9504401198,137,9.053572212302193,4,54,4,0,0.5721981269966346,0.15455424202530318,0
9274928880,167,2.576210384445348,25,20,1,1,0.7100679090080916,0.4690769578009602,1
9363768157,282,6.442219952608689,0,91,0,1,1.1525470876434731,0.3706990110859125,1
9552949741,54,4.225280876476365,0,98,4,0,1.2690799912173492,0.24298622842836554,0
9974703859,117,9.900707133301331,34,74,1,0,0.2541100440069929,0.026384719681223183,0
9853037764,228,5.048911750400975,8,176,3,0,0.7871128187057633,0.15666659723987986,0
9173706383,186,2.6690416510709554,37,104,0,0,1.38030637603305,0.21445826531111456,0
9520194521,237,4.12764743960741,3,148,5,0,1.0304232375115263,0.29006901922609424,0
9157399769,200,6.711464703257949,51,32,1,1,0.8601529011453084,0.4987641050316749,1
9344439380,169,1.2228490278209745,18,189,4,1,1.1052622498324909,0.565023948312714,1
9513623907,276,6.234218242101758,4,158,4,1,1.0260043006175752,0.507909897168888,1
9843896352,199,9.346635212199532,47,90,5,0,1.419148423242495,0.39195485490937165,1
9889636829,184,8.578446482749579,62,122,2,1,1.377690900172194,0.557948216894335,1
9743273060,299,1.142898598250842,37,15,4,1,0.65688620213447,0.6765948944104597,2
9737822998,154,9.937203848021147,51,133,4,1,0.1448269326543002,0.44344945240892897,1
9306411513,241,7.1379057751868515,45,73,0,1,0.5657472560706502,0.39125146809290257,1
9597572361,213,2.041667830983225,8,175,4,0,0.3840458677409164,0.18488549015711125,0
9955324405,222,0.6179528471095233,49,178,2,1,0.2841731962828005,0.47513534938862184,1
9680222788,49,2.127185044775438,73,109,4,0,1.3431212653313893,0.4344649979691281,1
9687037795,284,8.462671246514516,65,40,2,1,1.0939039312059489,0.5996997501198731,1
9294579233,91,0.7055735869790556,76,70,3,0,0.14561015358088097,0.30127300205262375,0
9146787763,190,2.7148993843718223,37,189,2,1,1.3876553809876027,0.541356519772717,1
9635207134,92,7.694403155681316,26,138,0,1,1.3642129809613364,0.36540605318051783,1
9165732489,271,6.068050091032283,19,194,1,0,1.4291450090530016,0.16069746666063942,0
9640564217,281,7.935989248421823,61,159,5,0,1.2618263969706136,0.408870629988745,1
9887852946,209,7.588429786354485,73,129,1,0,0.2104281783169468,0.13367355729511315,0
9113470137,249,0.9807131776571449,15,158,3,0,0.9719132143256345,0.25801102758719036,0
9104466271,189,8.97885848139444,78,145,0,1,0.21632314175201806,0.3516124752335089,1
9557370368,180,2.6568024256815526,12,80,3,1,1.098754864451759,0.5469689546260326,1
9269124855,186,5.757228182182756,19,150,3,0,0.37581261518449005,0.12536077563594578,0
9781583940,246,6.620737487013899,23,42,4,1,1.4101372709094393,0.642117622664966,1
9890118380,147,2.1019680034084063,49,10,4,1,1.4078394889686965,0.7441671226353428,2
9799798019,138,9.774196938659257,6,130,0,1,0.9324437001903113,0.2599028807589263,0
9597576975,58,5.137481582829436,28,96,1,0,1.1537462795465656,0.15126644121830135,0
9403090455,173,1.0476056081752376,4,32,2,1,1.3014149276138307,0.5507318573488902,1
9932758095,286,9.403989425389483,34,93,4,1,0.6448046694813022,0.5267953538997492,1
9711686134,125,6.069544510336047,64,9,0,0,0.9108673263878531,0.2093028783758431,0
9934304257,33,7.142335380823075,69,191,0,0,0.34643282753135596,0.024413914733885822,0
9213865200,34,5.489170004375129,73,115,1,1,1.4796947572649737,0.551509997485962,1
9603365595,136,8.430010570381192,6,112,0,1,1.40116535571527,0.34074638250792477,0
9468403327,243,0.8147678908355035,43,49,5,0,0.7767891026473934,0.4404874776276611,1
9685848991,218,3.0495944701329036,71,116,0,1,0.874668114773855,0.508248373464601,1
9917032666,102,4.961659385825576,12,185,1,0,0.7113763386503789,0.03152524800813854,0
9318825555,103,1.2277343549802455,77,6,4,1,0.10232815172375426,0.6512632326137543,2
9424159127,234,7.206113358603253,74,181,1,0,0.42199695873880994,0.14656627474541817,0
9860932235,289,4.239802433528587,37,94,3,0,0.24230744635985924,0.22351593102750672,0
9693435313,20,3.0903459075473685,12,119,4,1,0.5520585744560333,0.4579962113774889,1
9415109026,21,0.5320990446799165,53,67,3,0,0.43072960777917246,0.26865236439734164,0
9715418235,44,7.33838796162456,43,96,0,1,1.1662981663331893,0.39237845775382146,1
9651904800,237,8.421188434292187,12,74,3,1,0.8067157670692482,0.4609516308368037,1
9994439328,229,4.252885088974235,24,190,1,1,1.2437919340287862,0.44228707768243025,1
9362869948,150,5.860070781816972,23,8,1,1,0.9899769870997249,0.4602263890701634,1
9295922610,32,2.663022946331185,28,162,2,1,1.0187171169549156,0.44882311201194897,1
9403394218,92,6.410877639661265,69,61,5,0,1.326743293187103,0.45156199683985043,1
9922335076,238,0.615305853994405,17,51,0,1,1.2860679402192856,0.5031611492450482,1
9640906763,89,5.142117022438205,4,150,1,1,0.18861535920278935,0.24266177216840962,0
9684556354,299,6.619952077486577,17,112,4,1,0.9096885187880143,0.5477065306580562,1
9402480960,168,9.222821845682473,62,99,1,0,0.6783259757672886,0.14952525494388497,0
9750622119,137,4.122690262661701,36,48,4,0,0.9394924130992449,0.33280013975330225,0
9767225929,199,7.769306928319783,70,184,0,0,1.30769530332646,0.1822584199260044,0
9987702570,40,6.178026784463257,54,181,5,0,0.11686576585159254,0.2015542371552987,0
9940916523,24,9.306615072788265,72,162,2,1,0.11535522925857243,0.3575632466375695,1
9202912284,84,4.284587918764591,11,184,2,1,0.18757673370407163,0.29424415301931356,0
9397904524,43,3.531405728793386,51,41,3,0,1.3248393575449038,0.3543205208265345,1
9532838238,205,8.927848987594366,56,67,1,0,0.59487462136115,0.15541743337887234,0
9646573613,38,0.9678218133787466,45,16,0,0,0.6197227967017065,0.16613620717699312,0
9178262145,203,1.7956612328699295,43,21,3,0,0.583564526413992,0.32086314170857316,0
9267345404,25,1.2828421285484222,23,38,0,1,0.42334750987108116,0.35482426230861536,1
9505629426,86,8.509544587475824,8,160,0,0,0.15440753644211216,0.0,0
9607896561,90,0.6007705220180342,11,136,3,1,1.3691190981408174,0.5498350455126817,1
9886008098,133,8.685742977221958,8,102,0,1,0.4260237447142924,0.2293606003057183,0
9471747542,28,4.787044056027034,21,50,3,0,1.3515165618293281,0.26645412541386165,0
9405752912,111,0.5382401491127221,16,18,5,1,1.4379960599848436,0.7227006454088286,2
9768823641,86,4.315629183514398,32,17,1,1,0.9073123074538808,0.4675232600256263,1
9396248071,238,2.274607989927838,46,190,3,0,0.6211830723921132,0.25121333947458624,0
9681524060,212,6.431804630985549,14,53,1,1,1.1721161916655514,0.44900562076137285,1
9507486361,70,6.953908504255642,32,182,2,0,0.13553612448698057,0.02048409955403664,0
9880024777,35,5.131511918847498,14,71,3,0,1.4004136476117728,0.2438048280205761,0
9199952217,80,0.8849354916768647,26,25,5,0,0.6710828311151199,0.3572440471670253,1
9489229565,112,6.733223641488418,60,55,2,1,0.5320429989515812,0.4884131428429955,1
9376890017,166,8.49936844425245,67,42,3,1,0.27770892495105015,0.5173493163297633,1
9145932658,203,7.343080634600814,47,123,0,0,1.4372384464553736,0.18273497929276838,0
9236815208,284,8.384600230075527,7,30,2,0,1.2354419441842097,0.21212116387453217,0
9607514051,195,2.4048404737334312,5,10,4,1,1.113516696712698,0.6190139179207226,1
9928457785,122,8.944435426736584,62,22,4,1,1.4033503981989497,0.6781021559963682,2
9944979700,174,3.5608377811556466,1,118,4,0,1.4437636027772034,0.29617157895939666,0
9522352497,70,0.6273457353939147,21,138,2,1,0.47582576706276836,0.4144876098894719,1
9653805292,101,8.512220640126172,20,173,1,1,1.2011349501530988,0.35142287967019115,1
9901647690,295,9.447302055164904,5,61,3,1,1.1737737872116458,0.4989018964700854,1
9647488156,162,6.727802875464813,69,182,0,1,0.8802426687963203,0.4123454857499807,1
9268303991,234,2.6986479894025344,12,29,0,1,0.3105957137920766,0.3597877097822188,1
9821322712,136,2.891572410684039,0,52,2,0,1.41648366436255,0.23354583746196425,0
9329698836,202,4.932632297638385,21,28,4,0,0.5415351019071706,0.26890929132386654,0
9237587448,124,9.029395256213485,23,162,5,0,0.9104311100490222,0.2247156567979875,0
9306037667,271,1.9211777334018045,63,91,0,0,0.12713237799017157,0.16071841922466557,0
9862097033,27,8.346749861043126,40,49,5,0,0.700802864664847,0.2766353454272641,0
9845052004,19,3.267376682698928,21,47,5,0,0.9636518206279862,0.3252463649496378,0
9102640328,101,8.18156860957643,60,76,0,1,0.6333437374212865,0.3817557585089706,1
9394292375,148,9.242576377214617,11,188,1,1,0.7679488504431268,0.27545961219326653,0
9344103359,61,4.561191783946042,3,74,0,0,0.3688352687582499,0.0,0
9426093538,204,3.967981214002543,79,37,0,1,0.5903104863454953,0.516871483793429,1
9798437615,215,8.121102530227367,11,101,3,0,1.1127100075411447,0.1996553038755423,0
9648423203,296,5.530087382604243,32,49,0,0,1.457596673697762,0.23498388558581387,0
9624063697,102,7.002265960400372,20,11,3,0,0.7563014291415264,0.20542897997217868,0
9100070640,154,6.416877751131206,72,110,4,1,1.060465274034801,0.6543199665372684,2
9213442790,95,1.952444033625565,71,150,1,1,1.4666632281567096,0.5866535923086318,1
9445933919,162,8.525508422750836,73,74,5,1,1.184708688713546,0.7103089415726155,2
9489998231,11,2.359863558424794,73,49,0,1,0.1141828916949536,0.4080669176356303,1
9603011990,269,9.356680368672418,71,41,1,0,1.4097568973103642,0.31187399658650794,0
9876346813,173,2.8804272685104046,51,153,5,1,1.3131931823975689,0.7074013879989167,2
9365715423,15,7.471869246100548,46,176,1,1,0.47955803060587265,0.3113845327194981,0
9565629220,158,3.204226238189124,58,162,5,1,0.3541719405077002,0.595683251335988,1
9868773488,214,3.518961381575207,46,143,5,0,1.3589139625470517,0.4299088055934105,1
9872427446,127,3.4450176014319003,55,12,1,0,1.0641671268350987,0.2819765106696957,0
9103741196,98,7.604976413247791,12,137,2,1,0.4317871628702967,0.31318807591879544,0
9119511512,163,5.789743620709235,43,12,3,1,1.0994345410200486,0.6086718881405617,1
9542913640,176,8.888048330551223,34,9,5,1,0.9403147718092683,0.6251145259838309,1
9648591389,170,3.420040832438426,28,14,5,0,0.5329010741737824,0.3442409722449261,0
9755209744,279,7.073928959539071,55,19,5,1,0.8794819922514099,0.7093006915557004,2
9247435376,65,7.653011696799552,4,60,5,0,0.8381744687066439,0.22507812921653594,0
9122558781,237,1.9390800737846026,66,118,1,0,0.8136839917225297,0.2710731181212883,0
9428382319,158,4.305598894538206,52,59,5,1,0.8243131673514955,0.6768837266810543,2
9699655128,55,5.086766196328906,59,135,4,0,0.10056749726646996,0.20694357198269625,0
9400860757,153,3.879030203996556,5,45,0,1,0.4760867786934827,0.3201320509952592,0
9304591500,247,3.560069661706812,47,142,5,1,0.7032138513726637,0.6422814928909046,1
9725017530,281,7.020988992977598,79,139,1,1,0.27815464984528787,0.4563100233990367,1
9529431826,129,2.5507307777651413,34,195,5,1,1.1488302445420662,0.6206508600118662,1
9697866672,229,7.239212079885723,17,119,1,0,1.285641827615086,0.1512231410218483,0
9329717603,17,9.38291986571194,10,67,5,1,1.2448810630446427,0.5303240225101472,1
9146547339,284,5.869376451188636,50,92,0,1,0.743491439594294,0.4410197886703851,1
9995678908,75,6.308625249025003,22,158,5,0,1.0669826203278394,0.2628344114510407,0
9767360488,88,1.1548606701788464,46,38,4,0,0.20764060849543847,0.29502521164397316,0
9517226642,95,8.712530584369368,74,126,5,1,0.37915486291918576,0.5697815498712033,1
9492073291,133,3.2117539783987223,58,171,5,0,0.1657149381913181,0.2818114115088402,0
9550564360,211,6.3429860725213665,56,192,1,1,1.4516163104833528,0.5083447910544128,1
9397699782,159,9.801565612575622,55,104,1,1,0.904037554961921,0.42901571924452303,1
9988203035,55,6.157274705441674,26,111,5,1,0.3453360274533477,0.4852196934957683,1
9959259597,122,7.384740130911587,72,158,4,0,1.0905636373806438,0.33378408824807154,0
9859220958,100,4.730536373125643,34,66,1,1,0.7847803162361202,0.4315738681374933,1
9961601151,150,1.073475513393045,54,142,4,0,0.7079606825252084,0.33857357574230845,0
9415413330,298,8.077193820152992,8,104,1,0,1.3788344540645698,0.15800047531257916,0
9666236526,227,0.8324889920078639,17,58,0,1,1.091488516303429,0.4707720873856506,1
9457703823,86,7.156249374434614,43,163,4,1,1.0669221730387755,0.5363390016047711,1
9952317044,161,0.717754944921551,20,42,0,1,0.23623218035452093,0.3666681356368172,1
9493866308,248,8.69189974747837,55,118,0,0,0.22884015982510408,0.05404135554260542,0
9285588834,124,1.9975423404133155,47,29,1,0,1.0302066048123066,0.2679709511591837,0
9539980427,103,5.385579206704236,0,69,4,1,0.31908674655949976,0.4226301257733559,1
9437861656,57,6.172931692589899,26,104,2,0,0.7345548557275345,0.12377140237622535,0
9330652851,200,4.846681370047415,44,182,0,0,0.897727118934956,0.11090041116495909,0
9840961146,21,3.7372531488144287,62,156,0,0,0.6433268570805711,0.09945218506389536,0
9110198499,165,4.9442358137192315,57,159,0,1,0.21921647167236366,0.3397251468360528,0
9942649140,181,3.4584496618710077,39,182,1,1,1.1406911492281313,0.46439820863159037,1
9278580630,186,4.6621622972682,62,182,1,0,1.33904476665148,0.24683942443095913,0
9234415503,66,3.9096734144812912,37,147,0,0,0.3263566545690719,0.019596717574513145,0
9270158648,212,5.87894582331788,28,21,5,1,1.2957450237458514,0.693975386303021,2
9587326758,194,2.760279541327343,39,33,1,0,1.2041743319767364,0.2783608986746136,0
9491727212,130,9.892237271683118,18,9,1,0,0.889404383754572,0.10268834545701788,0
9877084596,235,5.258264557130572,55,15,1,1,0.9345404721042556,0.5519623486336106,1
9347212966,211,2.3445397354378414,43,184,3,1,1.012195356561632,0.5663456326288085,1
9312724958,225,5.032134120889088,64,166,4,1,0.8346660505933374,0.6167743166205316,1
9339964793,52,8.73094373048583,12,85,1,0,1.2820798232524693,0.09144492069113302,0
9922617220,32,0.7071645346817581,29,37,3,1,0.7637381301164328,0.5504459345311241,1
9691434966,164,6.955764131519244,48,53,3,0,0.8658737532678368,0.27766901414724277,0
9297206748,195,5.705694069542316,74,125,1,1,0.15147156479383303,0.42970825894075226,1
9533426666,258,2.1108009465162874,62,163,5,1,0.35209754113345815,0.6437220935778194,1
9984039498,246,8.266026173396746,70,22,3,1,1.3652891816143058,0.6887423877129557,2
9602798993,143,4.0044039125530535,34,119,2,1,0.2702009336265605,0.40750459841788395,1
9714144587,31,3.2911192737473205,10,9,3,1,1.3656692684137686,0.5626535475913511,1
9907582728,97,8.36718932264056,48,162,4,1,0.9902940420105151,0.5272956798362418,1
9149437769,162,6.565987938820814,39,49,3,0,1.388173222878105,0.3262389314795228,0
9473507001,134,9.033461294910833,20,124,1,1,1.2400282220491898,0.38313518444030603,1
9607742699,88,6.483895184876395,46,132,5,0,1.3113968443171888,0.3605275457662126,1
9601947280,60,7.537767750355095,2,42,0,1,0.8341360653680172,0.28914311483990096,0
9534318588,225,8.446236014466322,29,113,2,0,1.255417627021348,0.2060452830689659,0
9480021989,185,1.0200265411444007,66,100,3,0,0.7447388642089472,0.3569616785446742,1
9461235974,262,7.872465109259113,61,98,5,0,0.16184209785021964,0.3030681370975836,0
9856307117,255,6.33021157757098,36,33,2,1,1.0119015963215412,0.5459656526277332,1
9963155852,236,1.1603240668943358,21,168,4,0,1.1198345019941363,0.3226395847698976,0
9412514729,115,5.331490257752793,30,141,3,1,0.24216821851631434,0.40474896979559083,1
9729863816,202,1.2833517408475619,45,27,3,0,1.2422697367471671,0.407288814186156,1
9408636593,45,7.491498416370613,75,135,2,1,0.20524329609799358,0.41598121453531195,1
9709442586,213,5.691766282029889,44,90,3,0,0.7182597657706354,0.2606899765081176,0
9985803641,276,9.558948605416825,13,188,3,0,0.7830932068259522,0.12011380155411236,0
9729662913,277,2.2397860299318135,11,172,0,1,0.15145967270461896,0.2839143950320392,0
9449390340,179,6.257317798943595,62,188,2,0,0.19212637839649008,0.12920068515358898,0
9157235484,48,2.5100302784196677,76,62,1,0,0.7309018309160253,0.25438785636888694,0
9464375204,148,6.3336173549102845,37,163,1,0,0.535760770021772,0.07350455081035591,0
9449204103,61,7.365172172428136,46,15,4,0,1.2422708715762332,0.348957105186677,0
9633738991,296,7.361891128630616,53,46,0,1,0.6793967331253271,0.4483682477648051,1
9585926252,298,8.243202911484794,54,135,2,0,0.24773790556328262,0.15227678039644307,0
9618154048,150,8.608727165604009,47,189,2,1,0.32102993011686604,0.35446886562677593,1
9659891797,155,1.2340813995381819,72,18,0,1,1.0428622606837246,0.5846678278209222,1
9369722099,193,3.7610379921878385,71,50,0,0,1.430091420002545,0.3126951811607179,0
9947176190,161,7.027663943418154,14,151,4,0,1.317436235780148,0.24869371430593323,0
9777289286,210,5.236569730216515,70,128,1,1,0.2812920598618365,0.4444162104208222,1
9494659116,137,2.311421494170519,15,64,5,0,0.12291538194757885,0.24529612123699665,0
9114509187,296,5.750740916583631,42,163,2,0,0.1370142825683219,0.1273661562425284,0
9530434083,262,4.3706387012783665,6,40,5,1,0.8767877798930063,0.616133535838487,1
9642280773,275,4.205363637715898,42,164,0,1,0.7802567101488558,0.40899977489860534,1
9994131451,197,8.192660315638808,27,195,2,0,0.11875523401352164,0.019722037627290204,0
9458632862,239,4.372184171405722,65,30,1,0,0.17997182532562403,0.20811374231553958,0
9216595132,280,0.7513178020640295,59,69,2,0,1.4996562446080632,0.4318596023948659,1
9649702507,268,1.051601719465367,2,134,5,0,1.4509177290539519,0.3904575735195565,1
9350844341,207,8.634318396070393,0,74,2,1,0.2774145979935937,0.31587793100638667,0
9980830630,65,9.625707695118953,30,130,0,1,0.3297398541760197,0.22389362349302833,0
9848277850,212,7.039888696329222,55,177,0,0,1.3602280031595273,0.1705320293565259,0
9771536985,280,3.9614987939507618,79,157,0,1,0.8104151770790796,0.503628502388747,1
9444682002,118,9.41670300004991,45,44,1,1,1.44116623149398,0.49465617844534526,1
9577589542,125,6.79662932056949,31,150,3,1,0.8284756509797758,0.45794085960407255,1
9892214653,101,8.521168717393708,17,114,1,0,0.9081137209261716,0.058902955235749455,0
9115814828,147,7.775596888351589,67,102,0,1,0.40819025983834967,0.37462566852038287,1
9148763532,66,4.101823499839628,34,16,4,0,1.3265062633825109,0.3720588696078258,1
9766587889,59,5.047670908082463,22,28,2,1,1.255003656114111,0.5092617211700371,1
9406974333,80,2.268255466496945,78,175,2,1,0.5723923304260339,0.5188013473864941,1
9341820729,91,3.2741339541869734,12,36,5,0,0.9573222329895965,0.32885572717517453,0
9610319067,114,7.892193782221956,77,118,2,0,0.5780192828227433,0.20730598855206567,0
9173851335,97,8.992794722889528,13,51,5,0,0.7495555903973486,0.23164980083967415,0
9604771388,11,7.382374020888412,36,177,2,0,1.2949717272309753,0.15024145235038938,0
9412632190,93,4.919150118238064,4,39,4,0,0.6815908486558716,0.21306110041984783,0
9740853352,52,1.3218380549276016,21,126,5,0,1.2767918527750555,0.35546963234054213,1
9877558402,163,1.041005512635258,27,132,0,0,1.4441753487502929,0.19902564236507875,0
9458066124,103,4.056092863822111,3,141,3,1,0.6828816928848427,0.4089893554469825,1
9745202424,142,4.906306328292799,49,14,2,1,1.3285447294032187,0.6096663582555394,1
9636315070,74,6.28664591102632,28,69,5,1,0.5255766881897946,0.535862784983793,1
9253382256,299,0.5616504531764734,36,191,3,0,0.10401012962349965,0.2029747434500356,0
9456015512,266,9.902367459429911,34,102,5,1,0.2182879812184712,0.503799481566391,1
9609379383,222,3.957419392338408,19,189,1,0,1.1319418298795714,0.13979398687748765,0
9221848736,157,8.556899306110653,34,14,1,1,0.2402545420432037,0.3615144200385233,1
9900306292,70,5.582183703821341,1,151,2,0,1.4148237699609096,0.1362093146161197,0
9323807545,158,1.7391748180667916,57,113,0,0,1.3132114163490478,0.2505986054784176,0
9152203051,97,8.076872749077957,17,182,4,0,0.8207914362906297,0.15068916603260674,0
9340539820,287,7.2433572117388225,55,72,5,1,0.9141140696746953,0.6870567351534309,2
9285370428,91,5.510642806827666,63,108,2,1,1.072087318979643,0.5425394312622918,1
9412185646,138,5.3882543676709105,51,9,1,1,1.1241084673633706,0.5412839636715536,1
9706205076,295,1.3310562546338165,21,161,1,0,0.7876893628613867,0.16796671515442724,0
9286404943,289,6.730565011451804,59,120,5,1,0.5387601869460035,0.6337011089627653,1
9218975349,279,9.156828979665848,9,9,5,1,1.3743359371904695,0.6451883647068662,1
9850087380,212,1.3858267326029043,79,64,5,1,0.16519599912977273,0.7054769324376713,2
9826346491,33,3.0033587811645965,5,69,3,1,0.5985179777026998,0.43333185195034885,1
9416953828,217,9.071925747699938,5,131,4,0,1.0331080878438699,0.19472652823553183,0
9112842659,289,3.201267143288036,27,32,5,0,1.3475000715193457,0.4651014695295317,1
9331302370,214,6.7124648857093,41,87,5,0,0.2039138337901668,0.2697367480929751,0
9939284370,161,5.58077256695987,73,133,2,1,1.0225361080957116,0.5644183955013004,1
9423988920,35,6.1651122475366895,40,33,0,0,0.7819078773483468,0.10268093164469466,0
9199204497,203,4.449994564983905,62,183,3,0,1.0610844700765434,0.3080635349627116,0
9813889838,247,3.3499189702602554,21,168,4,0,0.544083574431258,0.23020766795529457,0
9655762920,84,0.9610677819318552,78,164,3,1,1.094981794930988,0.6477650020085364,1
9940734221,172,7.570668923294559,28,68,5,0,0.3523663825904024,0.24630260549798025,0
9291100046,38,7.587887890845154,70,146,0,1,1.1855594001176575,0.42584580665731037,1
9978497182,174,6.871894530747871,33,36,5,0,1.1490889705512837,0.3780779420971796,1
9647857780,195,6.6145209871363955,1,13,1,1,1.4255013281772289,0.46343590753563074,1
9945786677,63,2.815312755591499,25,143,5,0,0.34251347811861377,0.22886786430713568,0
9462127221,51,0.7122768707797664,74,180,2,1,1.110797928610273,0.5828484289838756,1
9676392450,294,8.182796270411677,18,183,2,1,0.5517100622119687,0.3634116522204961,1
9749218703,147,5.165816089110355,19,136,0,1,0.4945995701339648,0.29131215534675153,0
9295190712,196,3.4149622416748744,32,45,5,1,0.6622338573495024,0.6402551826485086,1
9809761994,213,1.4683531144154156,3,29,2,1,0.4992821880700896,0.4593436251954258,1
9232985867,51,1.0958551135631898,31,149,2,0,0.44747092892981455,0.1373962501088195,0
9996369993,297,3.8142338570541843,18,179,5,1,1.1757393402238259,0.6255179145422088,1
9960760799,35,8.145002115285935,2,12,3,0,1.0793049076075332,0.17160989686280614,0
9348523535,65,9.22787561867139,60,62,0,1,0.2531018949526542,0.3209710533035951,0
9702428359,262,9.019137963824114,37,113,3,0,0.88425399677844,0.22649749071419012,0
9720716389,131,9.240007930121722,5,133,2,0,0.5634037159751032,0.024411684088885027,0
9983289035,115,9.123390759728755,55,6,5,0,1.4594484994975099,0.43706979748962277,1
9558513815,139,5.5086351402037605,39,14,4,1,0.6950598706805646,0.5911202294658894,1
9615965595,167,2.5844485662905865,68,95,5,0,0.15680314720696417,0.35783632820268196,1
9467907188,240,8.081442536949794,41,121,4,1,0.5644025737133742,0.5225009984022073,1
9217601287,100,2.5302732610995005,73,159,3,1,0.5377908334652054,0.5575882875492972,1
9828769657,31,3.038469129187406,1,145,1,0,0.10788865755606421,0.0,0
9907974235,299,2.7159160573142103,27,67,5,1,0.7828952103237425,0.668339765884412,2
9730708899,119,5.392332835110156,16,15,1,0,1.3681145875995941,0.20369908982396273,0
9693858183,58,3.5573613276062592,69,146,0,1,1.2232385369985606,0.4818169551752188,1
9543894457,138,1.9644824714407438,68,100,4,0,1.0585148332013108,0.4192479903268684,1
9459300273,82,4.805147412991882,38,128,4,1,0.5809485813991101,0.5114187274786575,1
9168452891,62,8.802118768459087,6,97,3,0,0.42474922522399206,0.05887781513870337,0
9433867739,177,5.920252122024736,31,106,5,1,0.5796631323103522,0.5624665504129454,1
9573928548,54,8.844188255932078,3,102,2,1,0.2722830815215889,0.2646937107114058,0
9142734307,114,2.3607857582518053,20,30,0,0,0.23928388258841604,0.06078463681158826,0
9972912794,159,2.086251799889263,31,43,3,1,0.90434584535411,0.5861364798438221,1
9951098101,155,5.967982694134992,13,96,1,1,1.2395914448568484,0.42371851438653535,1
9238795966,213,4.901624564689594,69,160,5,1,0.23914710691696953,0.6019281580537612,1
9255032720,176,6.771640095646091,74,149,2,1,0.5692619420507681,0.4939850852316725,1
9227833288,210,8.048954514754424,45,169,0,0,0.271855728344222,0.00878523322425355,0
9355669152,143,7.6374193086956765,19,112,5,1,0.5346730180124691,0.49739506379048165,1
9792377588,220,9.451481149756331,57,159,2,0,1.2623686817385305,0.23348313467821435,0
9373997523,57,4.28343588699161,79,80,1,0,0.14878548750733908,0.16340302785698135,0
9541444812,135,2.460674051357717,47,71,3,1,1.006099101709155,0.6094538035888061,1
9893414363,248,5.733670079504915,6,126,3,1,0.18377123328162853,0.3818818403730698,1
9190012399,16,1.552059641816263,39,179,4,0,0.6971642735258807,0.2435516637879772,0
9798434460,281,3.2440856716504984,58,115,5,0,0.7636739461496908,0.4206451788114903,1
9672025740,46,2.4749365249998725,35,166,3,1,0.6621140538694137,0.4697711148309978,1
9791177005,220,4.2673553095722685,43,22,4,1,0.992339662801775,0.6682891624880125,2
9427278114,174,1.556557462521046,30,39,3,1,1.4631287392983052,0.6632967591655441,2
9411545084,134,0.8024965732069296,41,22,0,0,0.4742197260339165,0.16425974157892015,0
9918327941,201,6.739543043985302,43,166,5,0,0.9536766425929515,0.3209166805833305,0
9958134097,227,6.297365293753146,42,165,1,1,0.5969699678932014,0.39260134595547974,1
9815709298,223,7.229409892367281,42,132,5,0,1.4993009438935592,0.4011298612254864,1
9448590788,71,6.773671182577767,46,131,5,1,1.431395529981686,0.6474167427402024,1
9587114542,170,1.5857994708526433,5,88,2,0,0.23076402080665553,0.10924542217990027,0
9826607768,75,3.26524937306864,65,47,1,0,1.4630343807786361,0.32313113321661263,0
9822598337,295,1.7305027940533475,8,86,1,0,1.1335798944295745,0.21293022046957547,0
9455401737,248,8.50823781946135,10,31,4,1,1.4892825664325862,0.6057483874717076,1
9884812855,29,7.595584725877471,79,52,4,0,1.1793309237336196,0.3858560274708381,1
9644006941,197,2.414506527723303,76,73,0,0,0.2805069565021762,0.19172008978091484,0
9598490609,91,3.7424377846539874,17,154,2,1,1.150656242302596,0.4466861623271304,1
9321568250,211,9.682842426510035,24,166,3,1,1.1172786620947712,0.4571459969999188,1
9294212716,141,6.144513899856689,73,175,3,0,0.33343008731217144,0.21262744367918035,0
9807957764,46,8.110978174360994,57,120,1,0,1.1544419075022467,0.16571795747460433,0
9213245302,141,3.013614830302927,29,128,5,1,1.0446816363144695,0.6280484183941013,1
9792585463,86,2.4955027417033993,0,20,0,1,1.492221600912548,0.4420538925423983,1
9643156000,98,7.94721082404221,62,130,5,0,0.9662353980476165,0.34121505121054074,0
9218550901,262,7.015788324698681,78,18,2,1,0.6804534504672459,0.6018316208263521,1
9360074560,203,6.9692903275117555,28,43,3,1,1.4354810620772676,0.5962595768524644,1
9746035632,185,5.750028527377342,65,112,1,1,0.9789781456527499,0.5120603684831352,1
9644339722,42,5.853994256377214,74,16,0,1,0.5880849539669818,0.4500222633995113,1
9504288340,67,7.489126300409411,52,101,2,0,0.12946393594544872,0.09803282337520759,0
9662171966,210,3.065023570651355,18,59,5,1,1.1592953957933845,0.6693351646473898,2
9714135000,37,3.85130042564108,65,138,1,1,0.26733665461453915,0.39698146011271845,1
9440007738,44,8.780549319940523,51,44,1,1,1.39313713527313,0.49029319772682267,1
9495647770,134,3.4342194096154985,30,95,5,0,1.4459483428920303,0.40803650156499094,1
9396702640,51,5.689940928103341,59,17,0,1,0.4309898878873202,0.4012894954092384,1
9479368908,94,7.175074908063499,67,73,0,0,0.25792752675517505,0.0841670709805257,0
9372781216,197,9.999285854915177,29,156,0,1,0.9334480435561266,0.31180566830108647,0
9258148712,120,4.6352676492056535,12,191,0,0,0.39922451763553124,0.0,0
9807894370,280,4.566882327936966,14,178,2,0,0.8585758479306382,0.1533931804830997,0
9674890494,114,8.504589604619841,19,100,0,1,0.6798865170365318,0.2826813067889457,0
9200532608,50,8.1522795569687,33,176,0,0,1.2088355256686651,0.04681624172994876,0
9158720660,224,7.445220876478211,19,15,0,1,1.4998061506915332,0.4656174208985788,1
9342130927,80,4.900681555385774,49,122,2,0,0.7395262495511365,0.18851830461484043,0
9423664694,65,3.5774216415268,26,65,3,0,1.0590244336775305,0.25948720567631534,0
9592728837,245,6.282939584556062,29,40,1,0,0.5785274236260699,0.14861134915378899,0
9923407067,290,8.82412128475059,55,142,4,1,1.3075020736796352,0.6370941267578827,1
9370157776,114,8.895885852981571,64,133,5,0,0.15173370362298164,0.23935741419897894,0
9247516100,171,1.530734278169165,54,67,1,0,0.7909313388821921,0.2541429493278331,0
9800791554,200,4.569327696224931,23,144,2,0,0.34748561241215525,0.1079496744680928,0
9338077364,18,4.91485858388812,24,9,5,1,0.34758069633595945,0.5370313805536578,1
9465714454,69,9.787345991475656,52,82,0,1,0.8461940056094913,0.35849512877543116,1
9181550308,234,6.940981144804553,75,40,2,0,0.5309187313454417,0.27956847402379836,0
9936512420,197,4.368840963989671,10,149,3,0,0.7426070172272079,0.16922008383272225,0
9130413513,79,0.7475499168631334,59,190,4,1,0.5279239102708204,0.5691969368968076,1
9527982281,296,5.871159020942361,76,154,3,1,0.7370965278754544,0.6029310084270794,1
9649113938,178,1.4127217685643831,46,163,0,0,0.5002882356291334,0.11254859371939006,0
9961330509,71,8.427274594803748,24,158,2,1,1.2249718090964612,0.40780265528726384,1
9980662984,23,7.64892727541844,24,17,2,1,0.8809593429934977,0.43356132718753176,1
9654735469,173,4.874837019127698,16,195,0,1,0.326006668330273,0.24525608930343376,0
9106195200,254,4.577502405646148,11,199,0,0,0.11184132675993866,0.0,0
9976392498,17,9.024720172903303,51,67,4,0,0.12449221190676568,0.1684257566873056,0
9206222252,163,3.2403543289722196,10,15,3,0,0.6903661497636766,0.23442635269064122,0
9556016588,45,2.8656896400143226,9,73,0,0,0.5397661077810849,0.02613365725355831,0
9990035971,57,9.422375611844739,59,196,0,0,0.466955651119734,0.0,0
9650703552,94,8.187835449158085,53,106,3,1,0.972095993732432,0.5217141605246615,1
9837448816,37,8.295943134138348,79,36,0,1,1.2384777783890837,0.4986826824636965,1
9130061031,205,2.3543412356212925,62,14,5,0,0.18873183883642936,0.4015623924995827,1
9607356959,217,1.861311918593877,19,112,4,1,0.25396304111702916,0.5087564885775835,1
9301418785,213,0.7472807232627816,4,58,4,1,0.6162444501119183,0.5577819653342768,1
9564555355,113,2.7518943347274605,40,187,3,1,0.7180811535352262,0.4917803397408309,1
9180197726,239,7.854809671286085,62,86,1,1,0.6533221648231183,0.4683742770566746,1
9587726151,110,2.780364978259423,55,194,4,0,0.9940912500866176,0.31800990360461434,0
9195282726,38,7.426481194151324,31,187,2,1,0.2221014259312791,0.29191773011527095,0
9836901273,136,2.8931285209905044,26,91,2,0,0.7926194606613134,0.1976634596941382,0
9187220897,19,4.255278730531381,67,86,1,1,1.2364423310559833,0.5341264016270081,1
9195856757,115,9.84004175415838,47,39,4,1,1.3998428470026212,0.6228173072570806,1
9449487874,176,2.825711447199288,6,71,0,1,0.8845267979984688,0.37716801172675823,1
9186601594,266,4.075520959333542,45,69,5,0,0.2937939923134567,0.3440323608989456,0
9348151345,286,3.3603282144195297,77,21,1,0,1.1184617974449325,0.3769081437870242,1
9538866187,74,1.5414373701350217,17,46,0,1,1.214864200903294,0.4422697890001083,1
9385124544,280,5.1539943502428365,37,191,5,1,0.37480741583082344,0.5455456243634514,1
9322938165,197,4.0975613016635215,64,125,2,1,1.048506954735456,0.5786834322816259,1
9361726596,147,7.101427315169161,16,125,5,0,1.4027206266232652,0.3158093474127619,0
9479710429,114,8.267148196039688,37,143,1,0,1.1063786383907104,0.11970965825440898,0
9643973085,43,5.670372287708566,62,82,4,0,0.6817952061989765,0.29973762395804104,0
9279606266,119,0.8058660098297001,41,32,2,1,0.7198681885631849,0.5526971238429592,1
9759203896,42,6.379762384229855,7,43,4,1,0.2113792962829219,0.41025836694319245,1
9486357648,240,1.0262119351989223,29,186,0,0,0.8365604673652213,0.12432271286143946,0
9675591023,275,6.355385074190737,63,104,4,0,1.2237584494942868,0.40966972638235893,1
9223620654,191,7.00778451805729,8,15,5,0,1.4698952358735609,0.3737273474214731,1
9832445590,74,2.378792462366425,56,119,1,1,0.6590252841513923,0.46077085788310346,1
9122064334,10,8.283788412856826,58,190,0,1,0.7095144738042606,0.30390294256889605,0
9248899044,142,9.155308749953461,66,121,1,1,0.17666945122455904,0.3612032958141723,1
9616725588,89,8.224326159081286,74,172,5,0,1.1851696885405132,0.3677617820492195,1
9698552461,280,3.3985373070147804,4,136,0,0,1.103320849057308,0.10728272086936624,0
9976515905,250,6.073108618233527,3,68,1,1,0.6640959024061733,0.37023087153660517,1
9336415050,37,9.190743917316663,7,180,2,1,1.0929861314343285,0.3244860754309862,0
9757778790,232,3.5463148991170743,41,87,1,1,0.9722355924758547,0.5087291589743643,1
9685711013,32,8.290264311521538,34,163,2,1,1.1765901668557064,0.41324098161775963,1
9603643839,118,0.590013746986117,12,6,5,1,0.539799773691748,0.6131624745458429,1
9162468859,116,0.5346436764544246,4,47,3,1,1.0111462032543546,0.543355153606403,1
9532020261,154,7.7172607732201906,39,45,4,0,0.9758698581979164,0.30681392037177435,0
9564233777,148,7.733752030207651,18,64,0,0,0.22668643405419617,0.0,0
9486193505,293,7.995283284596791,3,116,4,0,0.4933338883898055,0.16614000052494854,0
9686882897,108,9.335254959937542,58,178,5,0,1.3042810324314293,0.3347906643725211,0
9710933533,132,1.6201099622927,17,44,2,1,0.318584952138755,0.4382388747091382,1
9335431246,296,2.7038573573450395,23,63,2,0,0.6313893828315158,0.23050377098497474,0
9905198682,90,9.085386743551172,30,49,2,0,0.41533008404036187,0.09581496916222937,0
9490850994,19,2.1837438788373578,57,46,1,0,0.2962595863914821,0.16366289048759622,0
9762106558,17,6.9811780419775475,27,123,4,1,0.29097588248139794,0.4109263027273705,1
9522004019,214,5.539398500387746,8,153,2,0,0.5871373826755523,0.09055037058307996,0
9303780344,206,1.2903399300893188,44,135,3,0,1.2248628703031523,0.3499327986086398,0
9160084389,207,3.210004788444562,48,198,5,1,1.4528422465802076,0.7000210121282904,2
9962903776,39,5.443536056189195,1,143,2,1,0.9005710963120865,0.3518960988831801,1
9244538583,29,8.597326108496423,5,28,4,1,0.9893140051361045,0.4765331006477088,1
9789218894,57,7.2216156513394,28,54,2,0,1.1902413854601674,0.19536957843914735,0
9729396475,139,6.407890033821864,25,92,2,0,1.0265216122084533,0.18160457972581867,0
9305984285,141,5.212312454443441,27,25,0,1,1.2876503401164874,0.4578202913606571,1
9624358390,63,3.337497846234276,6,157,2,0,1.3376720310115766,0.16027066956657787,0
9201370985,290,1.6328266575329813,33,136,4,0,0.9787912553144588,0.3574443640806726,1
9582598450,274,4.386222328377908,55,129,5,0,0.8462878114761123,0.4012365361032653,1
9948865360,224,0.7709256921572795,9,47,0,0,0.6474717665103159,0.1249288370086839,0
9956934532,299,2.5050309480350808,56,179,0,1,0.7462129266925381,0.455718513160017,1
9299594780,52,4.608592070790269,46,27,2,0,0.5836411269361084,0.20660049704951647,0
9731675779,83,4.476749263883193,26,192,2,1,0.6977528610573119,0.38264268549361247,1
9999137673,287,0.9208065944714279,38,25,3,0,1.3595937992432774,0.43363491010886945,1
9858438071,251,6.096071458490267,21,198,4,1,1.4613206488525152,0.573388953693752,1
9495529616,139,5.722000430605744,18,183,5,0,0.6061474007041197,0.2101403495838921,0
9181251088,203,1.2419908881986719,8,147,4,0,0.40882606844135305,0.20878857088791164,0
9135409403,41,9.460048998374173,18,62,1,0,0.2094668122701634,0.0,0
9384481363,115,1.4441364000331711,1,30,5,1,1.2717033501202637,0.6531914318807004,2
9998231255,213,8.620924436754693,60,63,1,0,1.3189324140301135,0.25912079644255737,0
9296972612,10,0.5029424531925564,58,94,4,1,0.7306609601004853,0.6238106724404143,1
9618856453,254,8.881670402931139,69,49,2,0,0.8593849366525259,0.2830294808964628,0
9518387393,81,0.6873374559409693,70,198,0,0,1.1357497442913396,0.20814191984366906,0
9438235596,24,7.699214302975102,69,167,3,0,0.6261936901478772,0.19290267118204402,0
9998209917,62,3.936062707352403,32,98,2,1,0.38208620439482055,0.406150925372483,1
9672952298,17,7.513059601295039,77,114,5,1,0.26055620715311767,0.5618933629761669,1
9442093866,55,4.3165794515372955,64,68,5,1,0.4293376822695465,0.6243882351205647,1
9493261002,123,1.1736252621524965,24,88,0,0,1.0034676373535585,0.14913261333659705,0
9425830514,156,7.791313606255959,69,81,5,0,0.5867590431918237,0.35326532190794735,1
9260045166,175,1.1769005105529673,27,31,4,0,1.3147846672246104,0.41156802060698433,1
9653534200,148,9.26014414163157,17,91,5,1,0.22256225028155727,0.44780240700087465,1
9649952694,126,0.9842533400207831,62,163,2,1,0.6829178706282351,0.5297391043951388,1
9464067663,285,5.053590138829397,48,16,5,0,0.45974740154608373,0.39052660651957727,1
9752417118,286,7.368827093082559,65,106,3,0,1.3427755907993562,0.37422381244559866,1
9745535690,187,4.235841415524359,39,49,5,1,1.228699174256044,0.7097304705910997,2
9696258165,163,2.5637180086281295,65,132,1,1,1.4780319225572454,0.5943158812699987,1
9948975759,210,7.711364133262257,79,36,0,0,0.26698197358919107,0.15525146723155583,0
9705052423,124,7.950799695492901,3,58,2,1,1.1951410658062114,0.42682399821749717,1
9873383043,168,9.265602347566489,33,198,3,1,0.276206223314617,0.35400751862695634,1
9881168999,51,4.0735685490952385,4,117,2,1,0.31703300485473423,0.32126113799342526,0
9943967363,256,5.309391477724605,21,119,4,1,0.1548677009435396,0.46688809304719614,1
9510887863,77,3.9497202070376844,19,36,0,1,0.7505910168380797,0.3679576128694507,1
9794329624,205,2.9422773075879975,46,147,4,0,0.2762344097487902,0.2585074681454655,0
9730451394,99,7.634813134607281,76,108,5,0,0.5876906130806793,0.3423051159543941,0
9633940063,120,3.7266925276610765,33,59,4,1,0.4866790314073661,0.5464311734369512,1
9165438362,154,4.567419698927345,43,45,5,0,1.4668967675910112,0.45653524239045984,1
9819655004,284,4.334899747428265,5,131,1,1,1.0215680218635725,0.4160526989878229,1
9840108209,188,7.270281643644085,55,44,4,0,0.6746385132927716,0.3215965752047369,0
9537809212,250,9.219058448051458,28,76,3,0,1.3298352252950623,0.2726181923254566,0
9925875065,162,6.834182582420084,52,118,0,0,0.1893824538105739,0.04191570346822786,0
9275529362,113,4.98003466289521,0,181,1,1,0.5679608390318548,0.2720282180624134,0
9408338452,84,7.902448590019393,58,42,2,0,0.8204298791936621,0.22352220242300672,0
9825570564,137,6.5892275791603065,47,60,4,0,0.17542584124788257,0.23026370333315552,0
9508376785,208,1.075798392619228,6,38,2,1,0.30420229421874584,0.4415613612614855,1
9222794587,163,1.4088040709789957,31,133,1,0,1.353066564115479,0.23617900550877619,0
9519271337,65,0.8602109686995166,77,14,2,0,0.351476383793045,0.3034379677641045,0
9860254268,287,4.839755098960039,60,172,3,1,1.390319661618886,0.6462946315400793,1
9236600085,28,8.345607626220165,56,20,1,0,0.23449808635364414,0.095459145514462,0
9480974484,168,3.4742901088378444,50,178,0,1,1.3435009505786544,0.4678286327633843,1
9309230661,35,4.149521739378576,18,156,0,1,0.7351962779516413,0.2902626258149874,0
9618127104,178,9.140032529494961,26,18,0,1,0.9025715528089796,0.3755948626498047,1
9247847812,32,8.45058273050822,62,94,0,1,0.49427122452224315,0.33893888750990386,0
9555229963,56,6.81795706763432,59,171,1,0,0.4826755899823645,0.0822889193196052,0
9986196569,22,3.034635929876387,60,22,1,1,0.7889868272116916,0.5121294547735531,1
9719408429,226,1.6118940855402133,60,88,5,0,0.5981302305975799,0.4236995653118937,1
9590785313,203,0.6525588154610803,44,173,1,1,0.20877486603524245,0.4078556114720295,1
9652970160,153,1.5166013897419983,20,60,4,1,0.5951565330792042,0.5650195672926007,1
9114677069,82,3.2796662144274564,43,168,5,0,0.4565886627546667,0.2700513116240971,0
9444024793,165,5.742005604005209,0,156,1,1,1.2894953021814244,0.37583536901370845,1
9917739564,86,1.1080007861476755,43,94,1,1,1.27393972176444,0.5362600905112941,1
9407445658,178,1.7941638940252655,61,33,1,1,0.29807121541833925,0.5064552457885643,1
9268844360,296,2.22026667192544,60,26,0,1,1.122096785992366,0.588941747589312,1
9496385049,94,6.5038298833414085,78,15,3,0,0.7311743667745176,0.3347616320795119,0
9312216056,191,6.350003090311182,78,45,0,1,1.3159090231232018,0.5656423790243835,1
9649327992,121,5.732274400535453,49,181,5,0,0.48358463479858005,0.26125953003607083,0
9906529237,239,2.8797635346114263,74,143,3,1,0.22336337774533976,0.562979776247437,1
9451152366,105,4.0256370665779535,40,56,3,1,1.2206957617907632,0.6001758466159561,1
9150066487,177,1.418552305208559,32,71,3,0,1.3157016360959046,0.3565615686690059,1
9630766173,165,2.6513757357015213,11,89,5,0,1.2767155926638512,0.3656393622912439,1
9774213994,114,9.028199651489514,1,79,5,0,0.5610194649320146,0.1721339399739676,0
9833891390,202,9.807071591140371,20,140,0,1,0.14321141160665982,0.20836717696578144,0
9646689071,141,6.652766063582799,13,163,4,1,0.2954617419639456,0.39697221627267987,1
9362327868,147,9.209821274222492,33,127,2,0,1.3871164197545998,0.19388611507988213,0
9111145552,279,6.606048053813538,78,10,4,1,0.6096968842629473,0.6947910494657913,2
9215438617,47,0.8153666180019639,63,85,0,1,1.3322916602093258,0.5418739331424288,1
9608099363,54,9.969244557370885,22,17,3,0,1.4731383941917204,0.2445456726145558,0
9341382656,172,1.4400468660220815,49,10,2,0,0.6539992363692749,0.30031601263871466,0
9462997767,262,6.985097113728076,13,199,4,0,1.1870244638753602,0.2342384369669729,0
9517806178,178,2.9019439292105056,75,159,5,1,0.33676024039933244,0.6423045683640605,1
9892511740,294,4.2238205726161215,45,125,5,0,0.6372482978731461,0.36293394887338404,1
9999148494,283,6.636374755608913,4,49,1,0,1.087255506263286,0.15480083035095402,0
9257155630,29,4.646629818423217,65,110,5,1,0.3899545087777617,0.5900183165655861,1
9617423742,248,2.8801875598457185,21,30,4,0,0.5477143063345516,0.3055467993753309,0
9847503671,279,3.677238775344085,69,8,0,1,0.8893583223819446,0.5682461333817044,1
9607900377,40,3.7447071107701753,1,41,2,0,1.0676963377941076,0.1636037418727175,0
9142758171,113,9.61357709282803,28,25,1,0,0.5996304016205548,0.08122605641386356,0
9610730198,179,8.086823651272784,60,32,5,1,0.6275256591462413,0.6449945286156088,1
9234285389,195,4.856213329054301,70,36,5,0,0.2538154983389579,0.3836832998520233,1
9367754137,137,2.398298743242959,15,107,2,0,1.477686892618025,0.25332617552858083,0
9257553165,219,8.204653047495231,63,185,2,0,0.9571305816798594,0.21204983323164034,0
9734534586,290,1.9932334802795484,13,165,4,1,0.8424585916893219,0.5572595625726975,1
9110466615,262,2.4993910628490323,42,30,5,1,0.3958945899665106,0.6668813247084595,2
9671732850,28,3.977127222481436,75,149,3,0,0.7832424293186308,0.279980231515125,0
9903869698,209,8.863307860593906,42,188,5,1,0.7262356187009327,0.5370219132503183,1
9723658606,229,1.7519733520240475,69,120,4,1,0.4619826356872829,0.6467309027248522,1
9505619606,145,1.6612248321179979,54,97,1,1,0.7247842800619897,0.5027060822886895,1
9150154221,232,5.192762388900027,75,34,0,1,0.384942338921883,0.47749659867049227,1
9237926382,12,3.1259001403899096,30,125,5,0,1.0943151913369777,0.32200702127575836,0
9230876923,245,5.902915445657519,75,9,4,0,1.3722991898399746,0.49942425076624003,1
9560300268,237,4.790548504490623,73,122,3,0,0.10362457268791259,0.25339836666866206,0
9603434513,151,4.63211151033656,39,10,3,0,0.8787589936795704,0.3048824077841764,0
9947879673,18,1.5637432196264363,26,110,4,1,1.1252470471701714,0.5805647270249035,1
9547306533,199,1.8399720573734815,51,128,1,0,1.3700741195251946,0.29014589632120824,0
9240090082,174,8.300246485745076,6,194,3,0,0.6017889584384312,0.06751171718367086,0
9732063858,148,8.915886006931572,45,142,3,0,1.3700125532355,0.2591275409717478,0
9550409663,285,2.729493562409877,32,74,5,0,1.2557736733928047,0.448938918058218,1
9182649048,62,1.577874764485306,7,142,5,0,0.8353004860929136,0.2625848944906593,0
9646681316,184,1.0074583833778508,4,110,1,0,0.45972024095089314,0.09014359498023965,0
9882903323,119,6.27882733054802,60,48,1,1,1.0139430034849466,0.5130605657849507,1
9186205129,212,7.295855518751953,71,60,1,1,0.46478183483191593,0.4785068872881397,1
9374727974,145,4.041694897430452,59,136,1,0,0.5883851837621418,0.16952254994895827,0
9409577656,13,6.956920741161076,23,17,4,0,0.7537848676179287,0.22968780188688517,0
9489596432,164,7.273108747815498,6,126,4,0,0.7971659619227237,0.17861594379027426,0
9483129685,181,9.385751673270601,60,23,2,1,0.36480589163765986,0.4709143535839387,1
9432848601,56,1.1162995594335188,35,94,2,1,1.0713231805232561,0.5298465202829219,1
9251765117,103,2.326771370695258,26,194,2,0,1.488682621550047,0.22768732480432927,0
9614374443,57,1.1509968821713872,28,13,3,0,0.4414185988967818,0.24285826928155718,0
9703560080,249,8.74594236669305,19,50,1,1,0.8763557961913493,0.4083613871426453,1
9499117836,222,8.029578020318901,69,60,4,0,0.7366017875707273,0.3524872782646604,1
9501976531,148,5.959099670907471,75,78,4,0,0.5308904417309339,0.337414323623489,0
9869238595,214,1.29480239548624,75,44,1,1,0.687692344321493,0.594802119239411,1
9551419529,82,3.096467407210336,2,71,2,1,1.125811442975801,0.4568064309372389,1
9268239170,13,3.3283385565559107,38,117,5,1,0.6806353812713755,0.5722028497405608,1
9739189224,85,5.8270603621464625,44,87,3,0,0.8094673471518167,0.23737802397912713,0
9473319790,86,2.951416993348797,67,66,4,1,0.7681351146854843,0.653442543175406,2
9461634019,265,1.193118707173071,30,178,0,1,0.8773223301884944,0.4201279218032092,1
9259371374,111,7.442241867606344,37,138,3,0,0.5076687709714434,0.1474633501052971,0
9472979745,115,3.3412620107264077,5,33,3,1,0.8135826635067549,0.49495144215876036,1
9348001134,48,4.797554681721356,7,23,2,1,0.2887777544708974,0.3621326743558514,1
9471666855,284,1.7128330323319008,27,118,1,1,1.1379379152148474,0.5174818867711322,1
9880221808,97,8.124208882248507,14,112,0,0,0.25529423717259536,0.0,0
9376847339,220,5.872552830778547,7,147,2,0,1.1989429125853057,0.1623191822075608,0
9647953234,86,9.065063448993698,53,61,1,1,1.255756805895483,0.47759338865286705,1
9653074217,86,5.206979849120667,5,42,0,0,0.12668732435168947,0.0,0
9245066408,37,9.443543882269857,28,25,5,0,1.2631747861375366,0.31862511441593283,0
9475581284,254,8.972747941622597,33,55,5,0,1.0074367049860062,0.34770276263218286,0
9585684741,75,5.976368636362722,6,171,4,1,0.23567327974528582,0.3605643699330816,1
9742730675,275,9.371987662423702,39,24,0,0,1.4970885174972415,0.2162701034839179,0
9726709785,214,3.569343099298247,73,6,2,0,0.9616535244808833,0.3788829724127936,1
9561946175,67,3.9736005456900076,12,36,0,0,0.6612003418864086,0.05852750114475562,0
9403990497,210,0.9320405374073508,61,115,0,1,1.339300222032416,0.5652815401950018,1
9555681975,234,6.097408614256604,64,96,0,0,0.15827235561168232,0.10422377930232261,0
9445094085,151,7.358277714324867,40,136,4,0,1.1042800130689483,0.28248093566304205,0
9554299364,93,7.84843230729998,41,11,5,0,0.3012165200857382,0.2735147947226888,0
9888950392,152,1.9232547174379815,65,7,5,0,0.8735004897137774,0.48502433548973073,1
9132359860,42,4.719511186968753,10,29,1,1,0.23431866921855035,0.31468410606260105,0
9537152405,161,2.1802005148921983,49,116,0,0,1.0508040429729293,0.19511741231137847,0
9756524997,167,6.790209814115364,70,13,3,1,0.750899777701977,0.6161587888881863,1
9595453765,150,2.0004905380067974,34,30,2,0,0.10938148938754655,0.17861989227042402,0
9790121219,260,9.089554997582711,79,68,3,1,0.19995735916958493,0.5400035564626909,1
9533007965,121,2.691029133783427,78,22,1,0,1.0842546627670493,0.33858487659331143,0
9901299274,153,3.268321529738326,19,95,2,1,0.659240926676463,0.4439390528443158,1
9477474493,218,8.583610060434497,27,6,1,1,1.0410140462201318,0.46180169815453526,1
9250732605,233,4.855442296384376,36,5,2,1,0.6457811553014259,0.5278617644128921,1
9339937885,52,0.7279614851006937,2,52,5,0,0.6063631765679127,0.2763947100336079,0
9844633950,273,5.1985693864251346,58,195,5,1,1.2968796313223347,0.6990427231215784,2
9339029911,253,1.303161686111169,72,111,3,0,1.296730703235349,0.44593641082157465,1
9730352694,12,9.86077482752945,26,168,3,1,1.3876959595803653,0.4378942172192904,1
9496485768,134,6.087059919328222,31,195,4,0,1.2522297090318453,0.2612061793852162,0
9444601334,277,2.937059867304295,47,79,1,0,0.2784050851732802,0.1822805584798087,0
9321772674,93,5.855317955702368,45,30,3,1,0.19308990171412277,0.47595697273726634,1
9205275634,25,1.230237482126671,46,10,2,0,0.18178505498867994,0.20021802347978818,0
9178350878,68,8.098967390553762,39,30,0,0,1.472288771053521,0.17037037717311077,0
9788899111,186,9.290616511709555,2,47,0,1,0.8016124254393576,0.2953060929122082,0
9945943012,72,8.807221687958515,74,126,0,0,0.26123785207750183,0.04836188199379805,0
9581203422,58,3.7466972218363463,28,133,4,0,0.8620133848706766,0.24644790618911172,0
9729686277,255,3.5947971366120006,57,13,3,0,1.0944151347760804,0.40994225053378563,1
9735034945,298,0.8333323065548499,49,31,1,1,0.23228642975600014,0.5160910505587286,1
9426410707,295,6.688303407658709,9,75,1,0,0.5849655757709886,0.0953528948672808,0
9818958666,24,5.581595449803052,60,121,4,1,0.3629537095414409,0.5134752997473363,1
9596099331,264,4.863790527609742,60,122,2,1,1.4656033568093672,0.6299069164858073,1
9122763342,101,9.122494056679717,22,7,5,1,0.5455199326006347,0.5289257965652531,1
9388072325,288,2.09484956028704,5,193,3,1,1.0667071294821158,0.5064166608144094,1
9133942384,215,0.5918295335567322,74,134,3,0,1.3858073521934238,0.44802826119386335,1
9833956599,103,1.1965062951472716,59,128,2,0,1.3084632461884889,0.326874180667518,0
9824317106,234,2.6220286593600046,26,78,2,0,0.6515636897142119,0.21662329885338535,0
9404347709,208,0.816212718002841,54,85,3,0,0.5352768288395507,0.3209053335113787,0
9870414008,280,5.277015251109787,30,163,3,0,1.232947270944332,0.27729615616666903,0
9343794766,243,3.4838593247189915,29,69,0,1,0.387221351133925,0.3802102502394432,1
9250481610,55,2.2145885766472606,66,126,1,1,1.1042496172881018,0.5301015578214718,1
9407574151,73,7.6257987120122905,12,150,0,1,1.269401102046571,0.31228521436810774,0
9228759218,239,2.4422875992090356,58,138,0,0,1.288908506727128,0.25059490295008024,0
9480459180,258,7.0322484594410355,53,106,1,1,0.11248440349315209,0.3881611469058859,1
9183721515,255,3.81801660555257,20,46,4,0,0.7998190175269019,0.3161620828365974,0
9980801412,84,5.362363726294268,42,115,5,0,0.6006271861453822,0.2871268976219147,0
9903346757,166,9.371736878587537,10,108,4,0,1.4704038814497438,0.25275428989758547,0
9416449909,232,0.8548405307502218,66,8,4,1,0.861706389893598,0.7555133470848958,2
9853493778,199,5.252512821035888,37,103,4,1,0.6984206555479676,0.5615969914799922,1
9956875731,61,8.617018123112373,23,136,2,1,0.442108994652574,0.31766552854762714,0
9132686304,97,6.085755359518311,50,69,0,1,1.2838822559825074,0.46490347307034785,1
9228161931,75,3.130269911168988,75,45,2,1,0.5471193748488242,0.5623410860478311,1
9593220398,159,4.2779707838778265,60,175,2,0,1.2574554183581454,0.27745900079644353,0
9990046464,29,6.9625234729214585,45,187,1,1,1.348251167526504,0.41772319176145634,1
9575109465,42,8.962712995981128,42,151,4,1,0.18144431982219758,0.4004207624268901,1
9176362381,290,0.8901305505928101,26,153,3,1,0.8139811957180828,0.5583295102123896,1
9265916991,55,1.1796188079585759,29,190,4,0,0.6885234400600048,0.22938405377836432,0
9474908453,82,3.587989474291082,62,162,0,1,0.6503510420126558,0.3953529180166923,1
9448915492,142,2.7114070021560503,9,120,2,1,0.6200546281929201,0.4079863380239445,1
9126216317,64,3.016843419112857,2,139,0,0,0.844780620354977,0.017238220079909647,0
9762982794,70,2.602064986945869,76,68,2,1,0.28228177118109377,0.5263156993650475,1
9881745662,17,2.3603379641239983,59,6,2,0,1.3198031917189275,0.3523356607701167,1
9403405900,281,1.740927685258272,26,119,2,0,0.8811760872242522,0.24678333157714438,0
9239970538,255,9.372564252054762,44,199,3,1,0.5859548795460852,0.4373438145208731,1
9503224834,185,1.8697999071084541,61,132,4,1,0.440239429934989,0.6069744660402305,1
9322580384,125,2.441835860272594,23,83,2,1,0.9631890891966237,0.4978639937136571,1
9612091013,280,2.8395243778174644,45,105,1,0,1.2014242657761527,0.27751328602599545,0
9471962545,202,9.363641294738995,77,123,5,1,0.7172033996641389,0.6393173790894954,1
9977324279,159,7.679284269210305,43,78,5,0,1.4783340582828683,0.4053986757634205,1
9677306633,140,8.002144587997389,62,13,2,0,0.8497953975963904,0.2642830459889315,0
9308748804,111,1.4952034656157314,3,27,4,1,1.4704760381905213,0.6373646829954738,1
9372193430,279,8.44494381264888,15,18,4,1,1.4476408139332162,0.6275275719201995,1
9310118281,219,4.377834277265471,50,58,3,0,0.9396424157815413,0.3341230785665993,0
9966425729,76,2.996818749017693,73,128,2,1,0.9138707728147265,0.5622193344162214,1
9410757388,19,5.96962579344295,47,49,1,0,0.24794231726438742,0.08843423521707777,0
9892728743,58,8.310737605258971,64,20,3,1,1.40099117376492,0.6298567562553494,1
9357158785,120,7.897195435211639,68,106,3,1,1.2244935300173097,0.5961728783795375,1
9477390675,228,8.954976084520755,76,99,2,1,0.8006490138067467,0.5389181686425606,1
9119931456,66,9.317255767146717,44,113,2,1,0.5289711581324211,0.3797694697701299,1
9696247870,292,2.762159678563621,2,189,3,0,1.2739645840265164,0.23959650060708512,0
9879548260,122,4.526649994608081,16,140,3,0,0.5081246301591665,0.13718848901713637,0
9111643208,142,0.6389711224481651,36,29,3,0,0.8586006869451082,0.33173109563070163,0
9143928336,80,8.85355576301807,4,173,0,0,0.3783572477986309,0.0,0
9601205768,92,1.9684354390102916,46,66,3,0,1.2263191839359149,0.35057041013751966,1
9510765258,66,8.684010717255596,43,81,4,0,1.1539323079449035,0.2841137483463213,0
9555704101,280,3.6291795588726656,32,150,5,1,0.5084842624073899,0.5891346234490815,1
9795101430,120,3.997269104820813,20,54,1,1,0.2642984573119853,0.3577485856195885,1
9290221730,85,0.8717564175966641,66,173,1,0,0.3478978401088031,0.15995333046856308,0
9524635997,167,3.605348502770536,67,38,5,0,0.9628964608048128,0.46856672659666443,1
9558269790,29,8.93945498661201,31,104,2,0,0.31005590004787464,0.043416581499734166,0
9871071792,140,0.7427003106552393,23,118,3,0,0.5481756888812612,0.2189520122712218,0
9532621124,131,4.360110993943891,34,85,1,0,1.2748782014982223,0.2135973855857933,0
9446257725,50,0.7982964832210409,17,16,1,0,0.2144824076384087,0.10374166445128988,0
9780830897,176,4.023772538536117,66,81,4,1,0.9136534751212945,0.6722864798854554,2
9633852493,139,2.140086087412766,53,79,4,1,0.6597569304011496,0.6263064652658515,1
9885713012,32,2.8960747360495342,25,174,0,0,0.2684419860160142,0.0,0
9908916104,288,8.83718454503348,59,59,5,0,0.8132088450995075,0.39158884687153916,1
9980476065,260,4.642467595907965,64,96,0,1,0.8233033646486704,0.48842012594027834,1
9878390091,18,3.101080918318166,50,191,1,1,0.6293208268002765,0.38410552819621513,1
9655032546,22,6.098714590530204,59,183,2,1,0.1774510777902439,0.36322622091513346,1
9385599266,61,1.8500161184095325,58,92,1,1,0.3896140455380209,0.4493201587103148,1
9857844480,218,2.9642202704981306,75,185,2,1,0.6666072671085088,0.5468055621403769,1
9419859605,47,5.689355692227441,16,13,1,0,0.48811331769628374,0.0763346631501581,0
9306564923,109,2.756468897556654,20,7,4,1,0.3247424578437059,0.5324581348372317,1
9494401599,202,6.951713505308296,66,122,3,1,0.7817524162641035,0.5637563945546595,1
9235353692,200,5.1691673714654645,27,140,1,1,0.6566406408448052,0.3848502017771244,1
9700317767,60,7.833896167419564,43,191,0,1,1.0309162689884261,0.32695319826957636,0
9434753546,150,9.50832308936345,69,34,2,1,0.8846038345336656,0.5383025830716784,1
9294421608,177,1.6001464488003734,61,71,2,1,0.33764407369310834,0.5382655314575685,1
9102155748,118,3.679317594853176,41,59,1,1,1.0627256157043994,0.5015919294129565,1
9965982733,216,3.5357160973448623,21,166,2,1,0.7515328754227718,0.43760535188259425,1
9312760379,119,1.9362377337039154,37,127,0,1,0.25883924045678763,0.33930918938370086,0
9802896925,205,8.197879804667974,13,47,4,1,0.12583294413846696,0.4331420623072671,1
9422692386,161,7.718847688368505,25,160,3,1,0.9769925756320167,0.4557962701487534,1
9805516244,252,5.1020419729267905,39,169,3,0,0.9661044064725357,0.25715802510158275,0
9900603300,137,5.608822389048791,53,162,2,1,1.248658428152667,0.525316476043068,1
9377346308,114,1.0656693110237143,12,75,1,1,1.167406839137938,0.471200788964268,1
9809516666,19,5.777319847106933,18,66,2,0,1.3285051114744335,0.19065944187831543,0
9674488653,157,8.017744478186547,41,114,0,1,0.5093858376143909,0.32203003344215503,0
9199065241,149,5.951361949046643,40,33,5,1,0.6784423989627644,0.6232300778203054,1
9778029885,199,3.0204105161439796,49,119,1,1,0.1866944466785144,0.4139750740743606,1
9567423363,103,6.841708587176203,2,6,4,0,0.6758870921773045,0.20397261468182876,0
9384312152,238,3.9341400846698527,30,94,0,0,0.4076720782036992,0.08567763503507235,0
9646322156,72,5.676296200714485,75,109,4,0,1.2274440020705542,0.38862772583989275,1
9479274281,34,5.131870951149785,14,61,1,1,1.0187733619292958,0.3947370186843848,1
9711797080,277,4.121162509169211,53,189,4,0,1.1943667065252184,0.3684867213396623,1
9885901969,290,7.329340813744284,52,46,0,1,0.9294766561364844,0.4749184423047801,1
9386042407,20,8.896823063865877,44,53,0,0,0.9371119387928901,0.08352488922208962,0
9967362631,210,0.549518925530787,37,189,2,1,0.4293149024605024,0.4576735611888909,1
9912328230,135,9.36935693268849,77,22,5,0,1.0377502365774658,0.4303477451970341,1
9645222157,199,5.359393792790637,79,31,1,0,0.3015581073995791,0.23119091404112846,0
9742816799,98,7.1569528634510196,49,122,3,1,0.4861789931041234,0.459841378144416,1
9633012092,125,8.628433378670833,23,58,5,1,0.3519266136496727,0.4947733264272439,1
9320666277,186,4.937485076985564,16,156,3,1,1.4293229112179056,0.5318689284223219,1
9270858336,23,8.432253696966457,17,166,4,1,1.3573221196770553,0.4790749433309825,1
9910652222,266,2.1873882848244213,41,154,3,1,1.324770506367818,0.6309071346795785,1
9111683982,218,2.0120915775582375,16,67,3,0,1.4442426667591268,0.3417973544137297,0
9432800992,290,6.745978004133459,15,168,0,1,0.9576318445315233,0.3410474186275147,0
9552528272,114,8.766358552741503,51,96,0,1,1.352576997599176,0.43426293707900315,1
9742417888,156,8.978048686592373,35,88,0,1,0.5086016655045769,0.3096456156214408,0
9707661038,288,6.6155343545838425,38,65,3,0,0.6386611225999994,0.25905292245699385,0
9675058422,18,5.492147686988516,24,86,4,1,0.753752402005973,0.49634451599685464,1
9236826817,127,3.648234333116904,41,46,1,0,0.22516695226204736,0.13035788894070946,0
9287058125,103,9.810003948193648,20,100,2,1,1.2545705762837842,0.423295088442397,1
9386126900,153,3.5371090233293794,67,165,4,1,0.2668460654899759,0.5546262195788445,1
9772042599,298,7.5697680187001355,58,78,0,1,1.2195145849238997,0.506471200633133,1
9633598130,23,5.553827099097507,29,141,4,0,1.3911594476948859,0.2771765418675496,0
9284036390,266,6.2808672539907935,56,123,1,1,0.894963212384663,0.4914585117716034,1
9602073266,195,4.238065230591949,32,29,5,1,0.33226214958212297,0.5985146751827516,1
9879657413,216,9.665819691986353,52,145,0,0,0.7113885620650802,0.07147679114397333,0
9915322757,181,5.930982097943075,15,51,1,1,0.2943948594364887,0.3446722646237284,0
9455691074,279,9.408982489358506,48,126,5,0,0.26665310351477683,0.25849058254947116,0
9648501894,230,0.5721184536521842,4,177,2,1,1.1585098300628873,0.4819890914970536,1
9464666823,161,5.940370540315649,76,137,4,1,0.6502514599841913,0.6081790620476486,1
9932010793,120,7.313275452390079,59,35,2,0,0.10018053277932122,0.15951235850483766,0
9698169023,192,7.578261626041071,70,163,3,1,0.1678502283911339,0.4684028878944432,1
9816103155,81,9.097280376925973,54,102,4,1,1.2448550226522934,0.5883152381951634,1
9289086734,292,0.5418152855359697,34,173,5,1,0.9675775322665571,0.6774741871122218,2
9652457838,83,0.5031365129650262,68,119,3,0,1.2823198825066835,0.3954740810785551,1
9615708572,224,4.986502877554545,41,178,1,1,0.483140063095406,0.38512210637412747,1
9243714291,32,0.7782901975510212,68,56,3,1,0.54004972156356,0.6009998175503483,1
9718013926,77,9.758059259792558,23,111,5,0,0.9636203827520349,0.23532106814606685,0
9414180506,102,2.6096191581432238,70,90,5,1,1.0312148912220374,0.7321303570489258,2
9265773731,72,4.990314928966025,70,137,1,1,0.13712350860923259,0.38877104188551564,1
9751438629,233,1.0808074851161242,54,16,2,1,1.370100915744401,0.695075753401268,2
9110321336,234,5.459459953626956,13,25,0,0,1.2188283239896247,0.15989587943523148,0
9365094240,112,4.10958318890038,54,13,2,1,0.28460844306771893,0.49770468156798847,1
9988974332,224,0.9242702743336257,14,97,3,1,0.11445164967176953,0.4573762880019422,1
9222715546,201,3.683680533614135,4,95,1,0,1.1768306692061492,0.1561155139013683,0
9714730016,169,4.218642192117128,3,149,3,0,1.3640307091928252,0.22237664546440022,0
9244020733,216,9.90425416711193,29,108,5,0,0.5509472041695529,0.23611261449500315,0
9978512323,278,2.474915783234067,52,156,0,1,0.5491231278048988,0.42932911927111234,1
9400173909,203,5.675406346015947,72,159,4,0,0.820466071263786,0.34298438573279627,0
9153509641,161,9.879497717386972,29,140,4,1,1.044378902672889,0.5009548290454364,1
9644454266,246,8.024182475431283,60,176,4,1,1.0067373135243167,0.5931182879177427,1
9119908425,97,9.936991258379845,70,66,3,0,1.1536853063836325,0.3015650083321444,0
9495488096,20,9.698833989271607,67,33,4,1,0.259577892052638,0.5103466725083906,1
9542020981,196,5.150625649894466,54,87,1,0,0.8277412072744301,0.21178810374086474,0
9406047781,223,7.115570573770375,70,78,0,0,0.8088611011168494,0.1896431519154441,0
9256686220,24,1.5492097059409355,72,156,5,0,1.4297951899738754,0.4633849063255738,1
9575159710,275,4.690913837944618,41,38,2,0,1.3855523782162535,0.3445586526639483,0
9653284398,82,8.185676151533626,76,64,5,1,1.1504510510574273,0.7006926789751545,2
9514259427,61,5.300685549282862,28,108,1,1,1.3276806113708597,0.44498011343977545,1
9989059180,137,7.175640811763703,34,163,0,1,1.1438702863822627,0.3626900779580404,1
9647559639,37,7.5846376348506315,44,119,2,0,1.1086751051320507,0.17939202766430518,0
9546495667,74,2.9079568418074917,73,136,4,0,0.4019929940268596,0.30532701051486655,0
9732594103,26,8.819144042954372,28,141,2,1,0.9641536047217807,0.37730203738449464,1
9109828366,147,4.8683130936372,69,94,3,0,1.382487082777201,0.3869286928096177,1
9303132060,238,2.4967584844046655,2,81,3,1,1.1502015394644958,0.5475297495895503,1
9271200135,263,8.721450876990216,56,125,4,0,0.9466118696493934,0.31856934716737795,0
9743890436,219,4.46927865800941,65,186,4,0,0.4614457872249328,0.289392150570879,0
9782707267,240,7.627968164607338,21,5,1,1,1.0500973436033656,0.4672260632571158,1
9193982380,250,5.706314186105133,26,193,1,1,0.5858834886442225,0.3544969150707118,1
9152411802,79,4.127781646227755,21,77,5,1,0.19132740568553594,0.5032425755941979,1
9706224478,113,8.193825942866408,73,163,3,0,0.43509205168873744,0.19876846822158495,0
9522808178,213,6.052464350623824,48,92,0,1,0.6449263050474293,0.4035615843982056,1
9933002226,62,4.210339973056801,23,49,1,1,1.495334407643127,0.4966993825738269,1
9381356195,63,1.5411797681837067,26,64,0,0,1.1641635245649145,0.16450546572958527,0
9283500067,285,9.006730480783725,35,90,5,0,0.49139219589848415,0.2806362977384135,0
9107726890,40,0.8369610607458322,16,107,3,0,1.1673457652251324,0.2552046257647326,0
9525327898,144,8.700279809496534,55,91,1,0,0.600697661325878,0.1283303616451469,0
9511011140,67,3.919634486389977,9,123,0,0,0.9510783756845583,0.04371045791213393,0
9429848467,114,6.573718253263356,53,46,5,1,1.1705530194703864,0.6882317432972862,2
9879956234,275,9.26089737643901,73,159,0,0,1.1371689214364404,0.1834128353884381,0
9997969405,19,1.941212847287035,73,190,1,1,0.29604644714966244,0.41054768615718173,1
9780539977,262,5.886029518568697,37,85,4,0,1.2557538126574603,0.36667476996273757,1
9497388647,165,7.762112192516824,3,166,5,0,1.3921130341747112,0.2616582177907634,0
9458165029,167,7.697046410831045,49,14,5,0,0.4267888892266025,0.3266334431105531,0
9747901895,46,5.493503188695287,60,127,2,0,0.5611825746430753,0.17318653735949224,0
9845592854,128,6.435024869111352,20,198,4,1,1.4134764361766328,0.5285302072451932,1
9262906457,76,7.696506444262023,35,115,5,1,1.4771465039252891,0.6264161698065571,1
9947325485,251,8.48976255869541,45,29,2,1,0.7348998069327091,0.5079941594609135,1
9593707626,222,7.737224420320706,70,7,0,0,0.14835249601369754,0.13815560647779523,0
9758639243,110,3.863046960221805,43,166,1,1,1.406047629954609,0.48945248540522485,1
9795150809,65,9.968900810048465,63,75,5,1,0.13554982822031633,0.5182225029991897,1
9470354316,248,4.627775590333392,17,32,3,1,0.5622932010596411,0.5123252103764896,1
9697499495,240,0.7324146762098676,12,141,1,1,0.22556585462693518,0.36277892644071386,1
9125291709,101,3.9448610400618893,12,15,4,1,0.8164421837208994,0.5530680628990987,1
9532909521,288,1.7139380684515109,24,97,2,0,0.1526019815487314,0.16804498096442966,0
9578692312,118,1.6537048494195625,4,122,1,0,0.41557284794038063,0.05349095022647758,0
9125836512,177,3.174582881015496,38,128,2,0,0.7423814020067377,0.20769077366862254,0
9177782638,227,1.007067194683978,28,171,4,0,0.2038378899378955,0.22640907378967307,0
9624518203,231,7.040865789890849,56,97,4,1,0.7725926965644869,0.6033207341090484,1
9499272618,170,1.2028943999180983,45,145,1,1,0.4711596187246403,0.4401877547812729,1
9882192075,25,2.4312507766415834,32,103,5,1,0.47367898634614325,0.554833135708505,1
9539000043,287,1.382547287694134,9,15,3,1,1.4118484499055977,0.6541145798696756,2
9379744867,66,1.1000934435787952,57,39,5,0,1.0663209329890617,0.46110739063574185,1
9824777967,71,3.0436408226256457,24,12,3,1,1.4012721294245845,0.6105622989927757,1
9944608835,251,5.933040192773515,73,11,2,1,0.9059658110118911,0.6312027483414782,1
9272162180,99,9.664512786244996,38,73,1,1,1.3700412396458668,0.44783079532256415,1
9840879223,81,8.81778821632126,15,74,0,1,1.2723993692861293,0.3452244657184804,0
9198881316,39,8.821372291730585,59,189,4,0,1.4969803790370118,0.29843117798367447,0
9990083143,297,2.1726368423577473,27,119,5,1,0.8043449040290511,0.6508997463751933,2
9750117246,95,3.016618338229291,75,128,2,0,1.0745765734976538,0.31083310209430026,0
9755150185,243,1.225736509555404,43,167,4,0,0.32493680825751736,0.2783335788762372,0
9191253744,244,7.8954492291942575,57,15,2,1,1.4152888796237544,0.6289059414711863,1
9427656027,274,1.1632548641128384,31,170,1,0,0.6582465606271334,0.16684719557256855,0
9634445854,296,5.788608872798106,62,95,2,0,1.3832867913165154,0.35546444181773795,1
9558337657,278,2.854817937077532,44,89,2,1,0.24099767104790096,0.49129523861415103,1
9396015752,195,2.8127335232730752,52,53,0,1,0.8213562837008506,0.4873099517648252,1
9847885557,140,9.91188802485225,60,39,2,0,0.10196065038750479,0.13412595508160696,0
9432091442,286,7.689408166296105,49,161,3,1,0.6824256597771082,0.5076348478443665,1
9547737293,189,8.450923903764977,26,92,2,1,0.2164573952672209,0.3554638005868868,1
9891850279,299,5.93383551076812,25,173,2,0,0.7288515142149935,0.15373948890991507,0
9488435240,172,8.774635730240618,2,113,1,0,0.8781127285108583,0.03794456532508225,0
9854061013,280,6.632160122080353,38,138,2,0,1.2931801960287252,0.2547623687251494,0
9790141962,105,9.488650195565281,64,14,0,1,0.5136054571666114,0.39276885251321003,1
9962598550,271,3.1727165674335494,34,88,1,0,0.8935319021736303,0.21791789611829968,0
9627468288,297,6.155535684937503,52,89,4,1,0.19303954223428946,0.5569983168488648,1
9586353709,92,7.056247805400475,45,155,3,0,1.3789069380438803,0.2610771922337933,0
9810905177,234,4.232904397764163,67,178,3,0,0.7324230609994009,0.29324591454675814,0
9481814381,232,8.857225832838505,21,144,4,0,0.4536260407760433,0.16126508156572983,0
9900242083,127,9.808130049489467,59,59,2,0,0.7485231897391427,0.19724188884149021,0
9635422133,201,5.190810168040285,5,145,0,1,0.774108390723211,0.3029532848703019,0
9475770070,88,4.211086220641221,51,78,0,0,1.1406149398156393,0.18555742479684875,0
9833760312,87,4.983410321286358,72,139,0,1,1.4644036732430665,0.5116275169337317,1
9452816128,156,8.60099908445335,74,144,0,1,0.36060044160839866,0.3561600639795676,1
9614950974,116,6.631950042422592,72,65,2,1,0.17629082857150227,0.4700048322528426,1
9363901109,280,0.9253375389219032,28,157,4,0,1.0179901463017291,0.34622143375581127,0
9180908854,253,5.650614149234291,42,134,4,1,1.3384097932178742,0.643768472062,1
9492024999,82,0.6643511660392132,73,30,3,1,0.8910583174413432,0.6820714507671573,2
9563402894,35,7.896086024532352,33,183,4,0,0.21181796479454515,0.09874845681429055,0
9739961748,219,3.6189665986534054,30,73,0,0,0.6904848536938734,0.12883058325942395,0
9655363758,101,4.984071080114629,45,66,2,0,1.0166258723606907,0.24536958505524062,0
9335199432,134,8.087442006122505,3,171,1,0,0.5592667473265294,0.0,0
9465919368,82,0.9412637642147348,1,120,1,1,1.282869746794164,0.4307658711113896,1
9982958537,132,2.006144588120299,4,119,0,0,0.41457102338301066,0.010374787748517689,0
9327003827,193,4.2806235762285905,45,143,5,0,0.610292569362677,0.3230842920754448,0
9262306360,196,2.6842890536828254,78,196,3,0,1.3830055474469067,0.3955158637161016,1
9119894388,207,3.7100635448630994,18,106,1,0,0.9029697066457963,0.15053560225913837,0
9545480601,87,9.982660009978417,37,46,5,0,0.10872904907890964,0.19670556576972817,0
9458626216,195,8.341437156951201,58,14,0,1,0.44162986541040994,0.4083983379658348,1
9590774306,262,8.89706724212103,78,127,2,1,1.154642671529803,0.5816589803447908,1
9736379710,22,9.402019018874865,71,23,1,0,0.172867486750512,0.10603653685022972,0
9806541811,85,3.7388908629848587,19,8,0,0,1.4902785531153613,0.19538340268469173,0
9260612888,60,3.3222310990664905,75,7,1,1,1.3570683585292989,0.6282314298347181,1
9587556697,284,2.7235936794347113,67,146,2,0,0.41335754259733326,0.25840311429179674,0
9829524298,158,8.386110657427164,52,14,4,1,1.353706767406993,0.6699448175330467,2
9842858533,228,6.955742691709257,54,10,4,1,1.079262958517117,0.6793426427215429,2
9513802881,131,2.7436338335873343,38,35,2,1,0.69549112752692,0.5214686626335159,1
9516410833,220,4.0814413774993215,35,35,2,1,0.3745644837660971,0.48388710818860653,1
9823507546,289,5.313761757361584,57,180,4,0,0.3802959991701631,0.2731870454787472,0
9968519440,35,5.51733054410066,14,13,2,0,0.9317041281968945,0.16792986218775274,0
9473955199,182,8.94291342124129,0,112,2,0,0.6824858104669903,0.05511666953447669,0
9241075386,165,4.115378262998555,8,128,2,0,0.9332881795774873,0.14861004239331582,0
9969471083,247,9.130978289754868,22,158,4,0,0.562357780233902,0.17027786081767654,0
9799003642,91,4.692991823038001,51,134,4,1,0.42210432311106183,0.5223532835635383,1
9704976306,282,7.590540410527361,25,8,5,1,1.2711778760528734,0.6889048602000165,2
9857576343,77,9.337416039858033,59,10,1,0,1.3880609684697687,0.24680165707140922,0
9433426712,53,9.12196918765103,17,34,4,1,1.0873600886618273,0.5124029137209403,1
9810874291,70,1.041052239308971,77,187,1,1,0.326224437244349,0.44907097226428094,1
9825529285,132,2.4541908022774135,57,160,4,1,0.22923458829455864,0.5375078609680182,1
9245509876,205,5.030601542556614,64,65,3,1,0.8547171779526513,0.6203655095103054,1
9808007767,120,4.599765754554519,76,81,1,0,0.8704930753601922,0.25576197998856887,0
9364025248,267,6.588470815953467,78,187,2,0,0.9949382815092845,0.28153094398967254,0
9582728112,98,9.474735982841416,68,114,3,1,1.368645589446706,0.5846739722728411,1
9230978076,207,1.5678447571405139,13,40,5,1,1.0055113843303787,0.6662972290339593,2
9446124350,291,4.792657318775285,77,137,4,0,1.3826050292262646,0.46675071568184834,1
9218485994,209,2.3279048599278234,45,161,4,0,0.26477646402028066,0.2563216506966331,0
9668070805,108,8.994022184780501,68,104,5,0,1.0929465397848421,0.3730253185568151,1
9156240283,36,9.663511765115702,74,144,3,0,1.3984178074602602,0.2879479957138428,0
9802387668,98,5.047665977958326,31,126,0,1,0.7479280898064783,0.34206271237461083,0
9165170480,155,1.4880978284173372,50,154,2,1,1.4545284481859921,0.6015195731746443,1
9864658630,191,7.960299333865396,68,63,1,1,0.8735185519395655,0.5057319675596966,1
9997600872,266,7.122842829677791,14,114,3,0,1.4201638166866295,0.26237887737959537,0
9738501552,198,3.8693728527979494,52,171,1,1,1.1479254997254975,0.4996185857334843,1
9346124691,249,8.930371002705153,70,134,4,0,0.7408653520145736,0.31463939020928705,0
9807055221,205,9.770402952935719,68,18,0,1,0.1480079627730265,0.3791827867642013,1
9575160917,174,5.799611566736856,14,142,5,1,1.0203484402731398,0.5597464740319347,1
9466574043,280,5.874415157770777,29,180,0,0,0.45599005471461274,0.03414249133917087,0
9250623294,17,3.3263782985808894,77,68,1,0,0.5041173262954339,0.20836087290581473,0
9892261991,47,6.0528073418414845,23,135,5,1,0.12769756193538412,0.43947335266348153,1
9109427504,123,4.676602044986042,34,76,4,1,0.8807134311588233,0.5768663871992261,1
9313012806,65,3.370814755816493,68,192,5,1,0.5050121056921701,0.5944850089465958,1
9509675520,147,1.1382593669770624,11,25,5,0,1.4753438021977434,0.43483214386000446,1
9357427167,111,2.9007246672366866,45,98,0,0,1.1486107474842762,0.1848745936912729,0
9388091276,186,2.379619171937812,68,151,2,0,0.6004821912825137,0.2586024328906479,0
9732726493,178,5.649398853262515,35,83,4,0,0.512228040219166,0.25439124525381646,0
9859302578,295,6.215865206754142,47,24,3,1,1.100962574609796,0.6419417931387925,1
9313812151,270,6.281431380907156,66,62,3,0,0.4558909304389478,0.3008297350817878,0
9735888338,232,4.1877195099339515,53,46,3,1,0.7272082007237,0.6071290166343032,1
9526863933,208,4.501682470012212,35,98,2,0,0.32453946718739834,0.15814121308900797,0
9981068063,220,8.42526508158608,51,142,4,1,0.45575165428514886,0.5120036842018517,1
9918997532,296,5.024211728413043,21,155,5,0,0.23773943346995008,0.2369215246087708,0
9636767792,189,9.883846655302662,37,92,1,1,0.6980069830452492,0.37680467810179796,1
9256979628,259,4.676363685084216,61,144,1,0,1.3974960154627651,0.2898998243011879,0
9648578780,240,6.6710189738694705,64,13,4,1,0.2412043536254917,0.6063922947486254,1
9471793039,32,0.9784484904372601,2,83,2,0,0.7122629160771129,0.13326350137733978,0
9378490535,57,6.706729281978703,7,161,4,1,0.51765153648735,0.3880874329947376,1
9475610386,118,8.588550746942557,38,86,1,0,0.6081495264688674,0.08788200087962009,0
9382216465,15,9.453349466066314,17,152,4,0,1.1800801531082772,0.1704194247801975,0
9289170432,47,9.974545810577819,2,197,3,1,0.7090604129211288,0.2959260331569349,0
9209640269,178,3.1806971336677146,17,7,5,1,1.010550608696548,0.6653143741062398,2
9973118894,292,5.96601561584431,79,140,4,0,1.4610764284743998,0.46535365069346285,1
9218746097,212,4.7818208625554,0,43,5,0,0.9630450815619529,0.31321689277010284,0
9204755393,282,5.8562660654641245,25,68,0,0,0.5723442723937096,0.09585611990167567,0
9247986933,253,1.995803093303543,51,35,4,0,0.6567179801423902,0.39557318716411094,1
9919319771,56,8.633420939661445,11,115,1,0,1.07427274537815,0.051495011502773996,0
9747522417,258,9.140904961773582,37,127,1,0,1.0720677266525607,0.15150726765702427,0
9356153253,88,4.771785799572764,40,154,5,0,0.6153439952565745,0.27304651650258244,0
9165954738,119,3.16408368494898,52,100,1,1,1.114254525777979,0.518474872207303,1
9766751806,22,1.837917562703617,12,9,3,1,0.870806194703913,0.5228083992786929,1
9542302083,99,6.995765835389142,75,62,1,1,1.4725885303652484,0.5809114336191601,1
9881375360,289,3.4662024763969845,12,109,0,1,1.3713275094651014,0.4525315380857151,1
9462335495,230,9.140616414177192,17,67,4,0,1.253394323752621,0.28280325521352156,0
9580115612,82,6.874618511026266,18,65,2,0,0.1480682226077596,0.05313943124728264,0
9424284470,243,6.634010589155286,18,56,1,0,0.6326084224902014,0.1176048836289608,0
9942309478,269,5.814320101033288,69,112,4,0,0.9026076430437804,0.38552440928618764,1
9113942402,122,0.9348752245728933,47,105,3,0,0.8302626908184028,0.30619635353666697,0
9629609503,55,9.353263139013077,70,37,4,0,1.1689919623489227,0.3577065444803805,1
9195785737,283,6.46540618634487,70,26,1,1,1.372717371509372,0.6311078770116528,1
9189097673,52,9.943588842139548,27,55,1,0,1.2020001330585215,0.11603361652801472,0
9733208786,217,5.604885845342427,18,15,5,0,0.408281537022379,0.29260182096524306,0
9718473325,112,7.246053473109025,79,131,1,0,0.7798570503796818,0.19274687103492016,0
9214153633,133,1.0339907997291107,47,190,0,0,0.6510562536854113,0.1119355275121667,0
9781758075,19,6.501493679822404,28,54,4,0,1.1726808858609834,0.2797704488121158,0
9317968608,196,7.764171310108394,47,21,5,0,1.353173631700826,0.43672744674946506,1
9209033558,40,7.895885801099294,18,178,2,0,0.501558861872908,0.015603100478224066,0
9770670299,165,7.816060696187711,46,48,0,1,0.7844737837997203,0.4038441257017139,1
9485640223,69,2.649684959289843,59,189,2,1,1.1246857865909263,0.5278160748794329,1
9602484358,258,9.766285537249646,47,137,1,1,0.16993415977035337,0.3332466727254466,0
9782573148,279,9.954230145936918,19,43,2,1,1.448300618476596,0.5179953124659487,1
9778538247,226,1.218160814035212,18,190,2,0,1.219949533695128,0.22554268094165955,0
9216376384,11,9.396241016711695,41,141,0,1,0.8598730215305114,0.29511320371645433,0
9322146872,33,3.2497673458915086,76,27,0,1,1.190110688419376,0.5501160744596271,1
9116701250,215,7.048198776634165,75,179,4,0,1.2709011719973482,0.3805130886534051,1
9942299350,208,3.7120537469932553,48,168,2,1,0.7913694422619324,0.4978863547741795,1
9838273722,123,9.693666072044655,14,35,0,0,0.7161003539474513,0.01640804960915829,0
9123656190,289,1.464286653883587,59,88,4,1,1.2727848593675806,0.7569794099441735,2
9184656124,164,5.2285947610855725,67,27,2,1,1.3035407927522018,0.6426650913305708,1
9508232263,174,4.566454023449709,78,188,2,1,0.27307853584546093,0.4738719760200589,1
9547142965,231,3.5972227966408568,26,178,5,0,1.370978922083545,0.3724507970903351,1
9483417080,100,6.632572913361412,74,62,1,0,0.4875115584162306,0.1850771787162774,0
9314387950,176,1.7450295625058412,54,168,0,1,1.0340343549072948,0.46757710117213874,1
9398257636,216,7.30829297227012,14,92,3,1,1.0930346282902257,0.49856463972758563,1
9866843458,291,9.81562517614548,51,192,5,0,0.4916130808334611,0.2575560675862696,0
9690388274,74,8.143307787451986,30,146,0,0,0.5258465078079232,0.0,0
9756039520,13,8.67015915264068,6,29,5,1,1.0888209373263655,0.5290832693141424,1
9343617371,166,3.916549060200524,12,176,1,1,0.3451063749898262,0.3016808429430396,0
9527097505,258,3.5864227615715776,53,50,5,1,1.3017786697960394,0.7762263672366658,2
9337575970,266,5.411959369556266,12,145,5,1,0.4120535811251851,0.5099362506336803,1
9543229471,244,0.9344028402415905,19,66,4,0,0.5916414422205707,0.31060080565023607,0
9553962871,83,9.48090227733706,9,23,0,1,0.4733218126382872,0.25391112352188305,0
9344169517,196,1.8659591436538259,51,144,2,0,0.44341704443504226,0.21383520227502584,0
9444541674,71,9.078623872096877,36,116,3,0,1.470412731483229,0.24143937464615833,0
9732148419,173,1.2940311090033791,51,94,4,0,0.45465426060806136,0.3289134712982602,0
9934983411,65,8.314936812946321,26,52,0,0,0.9096606473591609,0.05921336926107678,0
9821920164,120,1.9436439958430438,33,165,4,0,1.143533947505521,0.31365034575054607,0
9705941941,227,0.8622503338689906,61,169,2,0,0.15876427637956123,0.2099880424924528,0
9980400852,249,7.335149777464382,15,138,5,0,1.3342007803208416,0.3232322963089284,0
9771699853,30,3.162520351657069,58,127,3,0,0.31404479201162405,0.20673513082151007,0
9285318110,150,7.287713451451321,20,121,2,0,0.9232920740014309,0.13584248746275585,0
9417784886,274,5.773309879491788,15,85,3,1,0.9975793684006073,0.526746472320838,1
9728507567,148,1.533670207185623,78,175,4,0,0.9813921754778748,0.40282968523778423,1
9473340113,79,9.355235696361055,12,104,5,1,1.1268245681576095,0.5190227864892472,1
9155842822,127,4.796984660253037,32,182,5,0,1.403732581120787,0.34575076047812464,0
9672264777,207,7.477249139087536,53,178,0,0,1.3976432475331908,0.16344020003493237,0
9467256326,214,5.259695434148439,68,77,3,1,0.9093091911059261,0.6295674243895967,1
9992864662,223,6.241434012131445,26,32,2,0,0.6178862472779335,0.1892158081944414,0
9521456980,65,3.376349127388578,51,199,3,0,0.5501064765319477,0.1900799209885041,0
9213954962,296,2.403422888032778,64,15,4,1,1.341362118045414,0.8035557128423898,2
9627322735,184,5.654416932376645,43,152,5,1,1.2943801454987867,0.6572892809380013,2
9879259260,137,4.682080243224519,29,91,4,0,0.5141506830872589,0.23779645238511013,0
9643073170,297,4.206075527622365,22,162,4,0,0.31328970752966134,0.21082185857209096,0
9456660771,235,6.889388353398919,78,105,0,1,1.305598966806695,0.5396658824426831,1
9713860636,73,7.059813004105791,15,40,4,0,0.9516888342732667,0.23870157073018916,0
9836262843,57,0.9362405328669989,54,104,0,0,0.5383944391270923,0.13807244630084708,0
9975941969,211,3.7180726953148855,17,123,1,0,0.9549083887788299,0.14698880097634762,0
9712770305,69,4.411763227150585,16,102,3,1,0.19267555121526744,0.3855799074200251,1
9789874816,266,1.420475531059597,74,92,5,0,0.36619145838953526,0.43833060196736234,1
9389667886,74,2.7410582336337392,51,40,5,1,0.8641033433996813,0.6852830357376902,2
9635845572,248,0.990597073616188,44,62,2,0,0.854835657484655,0.3128264473480976,0
9494352531,298,9.964299936861696,55,32,5,0,0.44533581471726924,0.3410853651903986,0
9468791050,47,7.497293428213522,53,43,0,0,1.4749239982799087,0.19730669198836012,0
9140473321,34,1.33077648677616,8,70,5,1,0.6774112418860965,0.5573866978516843,1
9422583550,68,0.6923691080058751,16,175,0,1,1.0919533503752477,0.36935930608229256,1
9657024641,167,7.333234101446662,26,9,5,1,0.46183956624638656,0.5659552720655399,1
9585585602,66,4.672325573985336,36,145,2,0,0.694268324887598,0.14134429209868776,0
9487813846,57,7.974568736113472,21,13,3,0,1.263711614434249,0.24390056889874823,0
9247008630,65,9.273022359274645,71,107,4,1,1.2880363822217253,0.6228714308886446,1
9177582731,74,6.193353695655539,66,61,3,1,0.2893631937251523,0.5101366722324853,1
9446408467,277,2.2775300177139037,37,31,0,1,0.596537956717927,0.46587086126025107,1
9633215492,78,7.9308433424413,71,193,4,0,0.3844106131474473,0.21100915346839808,0
9508847140,225,9.580211560156558,43,107,1,0,1.3463758136091302,0.19385255891121694,0
9784667813,98,6.012197227069581,35,182,2,1,1.1554059089014723,0.44838567567667503,1
9202368511,290,6.978975749166969,24,86,3,0,0.8886354842127472,0.24322188244885937,0
9323540957,266,3.7060096028483938,41,166,4,0,1.0101176848675737,0.33292534028326143,0
9584291464,169,4.124513099272956,12,89,2,1,1.3798167041204126,0.5116505139698407,1
9899407329,243,7.479217729604107,55,69,3,0,0.5245856676487362,0.25924966736259913,0
9577033524,140,9.313825434864782,78,177,0,1,0.11914500929635313,0.3068648292305184,0
9290978987,58,6.4753896786313465,50,91,0,1,0.13689747269586164,0.30118968724659395,0
9952350451,156,8.0035551306108,49,38,0,1,0.16536222670233608,0.33665080563695077,0
9158436437,11,2.1305326654460437,76,104,1,1,0.27987327622716673,0.4539517344952409,1
9227812971,154,2.5136113574507486,51,140,5,1,0.8992239575097867,0.6635602052784321,2
9701781527,70,5.554329524917206,32,98,0,0,1.4735210929883293,0.15183724352625977,0
9590648144,282,2.1772648263069847,24,52,0,1,0.6878842841646843,0.4396189361840783,1
9608816073,58,6.532453167098774,57,168,5,1,1.097383104328355,0.613013201180884,1
9382508445,140,3.27070526124964,39,104,0,0,1.2090479828240706,0.17892062813722615,0
9720847085,52,8.019559877335475,37,86,4,0,1.2219558413284406,0.2805166490980539,0
9314126719,66,8.177048292836263,2,198,2,1,0.7206147450271773,0.2794491898892262,0
9882144223,59,4.905980829675854,15,121,1,1,0.8699243889060947,0.3585024900459544,1
9852536272,187,2.2177010328575353,1,15,3,1,0.5602554986238748,0.49723491410724113,1
9196504946,55,6.644362130278359,22,56,5,1,1.0630054181670185,0.5839949712833687,1
9153505232,179,9.93147667350407,29,168,5,0,0.636014451362838,0.20612734741482502,0
9180218637,280,6.4146135304539715,9,35,5,1,0.5354890108251468,0.5646999856002366,1
9278817575,148,0.8398595617830746,64,28,1,1,0.978224415083246,0.6007752817352593,1
9954036417,256,0.6642927697872845,21,153,2,1,0.5777576110303062,0.46837606675285604,1
9673284588,157,3.543438719676909,51,100,0,1,0.6711991694028887,0.4246393023588904,1
9755197464,239,2.359946165173846,55,162,5,0,1.0952231248197553,0.42959075432961774,1
9133877350,289,8.223986467861426,32,125,0,0,1.294668310169509,0.14323902627267063,0
9698529781,134,8.525653836842004,79,76,3,1,0.7087222696746228,0.5702221596521839,1
9723002901,201,2.9568783274495236,29,101,5,1,0.8310800124233285,0.6325970615614052,1
9464772586,89,3.5936253810239807,23,119,1,1,1.1449355085890132,0.43425208979172725,1
9837462765,103,2.7443461932935893,4,68,1,0,0.41492770520174627,0.06332583697135316,0
9668122009,235,9.129634200027008,52,131,3,1,0.6810080347940932,0.4983320204416337,1
9210338489,74,5.275168678911681,54,121,1,0,1.236039821919446,0.20975608781672667,0
9746703132,97,6.733301918779189,22,43,1,0,1.3522763009021777,0.17934019974957774,0
9837356908,97,4.447079823646231,75,133,1,1,1.0028663817465595,0.5190956745924992,1
9921291617,210,6.494634838293046,9,101,5,0,0.6507535321737875,0.24590480580133794,0
9195809238,223,4.1656260788564925,32,174,3,0,0.9482918302999036,0.24027417335637719,0
9886768676,213,3.726945158427642,79,81,5,1,0.3503787859245405,0.6913721124098132,2
9178987338,98,6.527560695148062,61,9,3,1,0.1410141382885693,0.5094743015861849,1
9411745349,70,6.115089741465398,26,144,2,0,0.20446134028860263,0.04432095060371423,0
9805658001,280,3.2885155645955217,6,161,1,0,0.25144138555073675,0.0423774461576088,0
9227395967,103,1.9188102780349974,26,7,2,0,0.41592329542292594,0.19735173878099782,0
9605737044,36,4.001478591462307,73,65,4,1,0.746415993444786,0.6389021761158267,1
9379406633,223,4.444377571848138,9,183,4,0,0.42523176964108067,0.16191194816141868,0
9428635747,83,6.472501167533746,74,168,1,1,0.9190445369756242,0.46124866376000334,1
9203316389,70,9.188023254550206,56,115,0,0,1.4976197598620402,0.156624758795509,0
9388516129,195,0.8437555765627889,29,79,4,1,0.7974535322935012,0.6193193569564668,1
9332692752,40,2.8147796191475267,2,134,0,0,1.1595974963935243,0.05354101080411924,0
9766785444,228,2.340301451655823,28,33,2,0,0.5093621803537994,0.22833984422258607,0
9750345624,21,5.2717968825909445,13,45,1,1,1.448031631043681,0.44685223313415046,1
9442488441,41,4.582157666910018,76,33,2,1,0.44874766582907544,0.5322971612299022,1
9986572630,169,7.42585742629179,24,104,5,0,0.9352834047914064,0.29019038612613407,0
9557752180,246,2.8029511691762066,9,68,2,0,1.4766629791379278,0.2834141434664368,0
9147226729,236,6.147734474622706,78,62,3,0,1.231543850820936,0.41344578173637314,1
9701375061,190,8.896644004199613,48,142,1,0,1.488846628928131,0.20356853408764702,0
9687919316,55,9.151438529223894,37,15,3,1,0.6316331800155043,0.46839538591784047,1
9158771482,89,9.608453744887795,70,139,2,0,0.20868409609932984,0.10947397992659937,0
9744325176,144,7.845980944759892,13,81,0,1,0.44088691852407136,0.26590465888576986,0
9170860062,269,9.106885109459693,29,112,1,1,1.4406589057732855,0.46857978071261136,1
9632103813,256,2.728043283860105,39,193,1,1,0.6188092307736742,0.42503725495318634,1
9518386087,168,2.3770189713295315,11,198,4,1,0.27468308797553154,0.4309877429011094,1
9103138145,212,0.5616367959150013,13,98,0,1,0.93034672361285,0.4216852986158954,1
9531716619,121,7.215021395576434,0,90,5,1,0.8005930648083248,0.4967575776967485,1
9671651820,128,9.405938284230572,67,185,0,0,0.1874566916055124,0.0020068769152279536,0
9808827128,26,2.275885777895926,48,69,2,0,0.7341239056297122,0.2292175726741477,0
9853213894,236,6.550963966555349,17,31,2,1,0.9860161689125512,0.49339370600417526,1
9414796937,126,7.591367712606886,35,139,2,0,0.42576314866484055,0.09084516528849824,0
9806143916,52,9.312335233906538,63,69,4,1,0.27421702411899684,0.49827468675406783,1
9478416528,124,6.645172128163606,27,62,0,1,1.3107154510942411,0.4203604552600123,1
9824863897,292,9.717790461113147,31,29,3,1,0.975627336377768,0.5455784614986412,1
9763063508,46,3.7743948396192035,71,52,0,0,0.31735958311349466,0.13880707856485558,0
9671825627,122,3.824321070828373,24,8,3,0,0.9807513394178439,0.28633164121353416,0
9189813693,44,5.658618845136283,46,140,1,0,1.1293582583991344,0.15685289819959403,0
9181250937,141,4.143267870601118,19,119,3,1,0.9365392388321749,0.4955154942126476,1
9838889261,237,0.5135444187315599,32,192,1,0,0.2626195362327291,0.10855181132314878,0
9301717311,156,7.45183423832638,29,8,5,1,0.27464263788591403,0.5463851056863932,1
9546124161,131,7.641311894045592,36,140,5,1,0.16320282200007602,0.4738219292447953,1
9814181627,90,7.596258744524319,79,94,2,0,0.4276056215037348,0.20290756964615636,0
9996046901,182,3.7776963327994326,52,20,0,1,0.18350871769628455,0.4122220234632943,1
9891867072,163,5.461749996456133,73,151,2,1,1.2274248827114755,0.58196665263457,1
9455617586,159,3.9197484226783597,68,133,0,1,0.12156773908285468,0.3764511476178023,1
9487994292,67,0.6523458002911349,7,105,3,1,0.9134237436112403,0.49489936629652187,1
9543034915,72,5.843264942078478,0,166,0,1,1.2337667713213543,0.2941328332536208,0
9190133874,165,1.675726327798105,6,116,3,0,1.3528081875843858,0.27372826657654903,0
9393130268,177,1.2603925788686858,61,49,0,1,0.6732370768362834,0.5056137382739299,1
9698270100,175,7.677241152619478,57,67,1,1,0.9692940159073274,0.4896050547441123,1
9474001418,94,0.5903089229720034,77,98,3,0,1.4316340242481016,0.4460290425007749,1
9266188327,146,9.610580214282898,72,138,2,0,1.040254631887062,0.22943692658838594,0
9903989514,198,5.3949259590694805,7,40,2,1,1.3615293149533083,0.5151944062855631,1
9553860863,11,9.83865609170841,63,125,2,0,1.0580088129998333,0.17908051779281242,0
9810875811,115,1.05097693849073,7,107,2,1,0.19519617652926408,0.37172848458828966,1
9302386214,81,6.043530714226176,2,70,1,0,0.37563619998671705,0.0076539754276919655,0
9574184423,135,3.8186068417711563,57,123,1,0,1.4166314522528762,0.27092249216909126,0
9385205730,179,8.513083681735715,31,12,4,0,1.2819764955085304,0.3391635086135284,0
9956016181,214,3.9316159847257195,67,199,4,1,0.6918105000131732,0.6001545348515389,1
9729854262,204,2.9746320010448164,48,31,4,0,0.3255759252599217,0.3262735270186528,0
9802962286,167,8.646754707449176,37,38,5,0,0.32003857973015093,0.2634269064115613,0
9976546711,150,4.059204370705979,1,32,4,0,1.3668068174732098,0.31755636564831335,0
9902427637,284,0.659916538675334,8,163,0,1,0.3326910332871377,0.3242372588636859,0
9679826069,16,4.207746457973671,45,149,5,0,0.6407919563948395,0.2774187439383633,0
9185518073,63,6.7179615556039485,64,112,3,0,1.3611260211032943,0.31951958386514795,0
9233930531,113,2.9164156186606274,48,127,2,0,0.14680601831502732,0.14525306810720906,0
9271123438,70,4.603882128038994,74,187,0,0,0.9830375966299432,0.15438459272579186,0
9152673683,96,1.0387938136811425,28,13,5,0,0.5908338237416342,0.3605345330848224,1
9795844306,267,6.086881519382594,28,61,1,0,0.2508966368350415,0.10476501818761383,0
9508356578,187,7.684801776673741,32,49,2,0,0.8945334734570977,0.20049306216143356,0
9493116915,251,4.426469333310548,27,138,3,1,0.7788616612750143,0.5110291006866086,1
9320872170,212,4.492210011613871,25,146,3,1,0.23888215346503802,0.4265426716097715,1
9514068560,40,1.3386837365567061,28,163,1,0,0.4740957741014131,0.07699395472015576,0
9981483258,298,2.418438212863834,10,186,2,1,1.1364986599377902,0.48432524730483556,1
9515936876,89,1.9694153797151703,33,15,4,0,1.1581903325447114,0.3818331886821167,1
9764311786,20,5.076033802284611,47,73,2,0,0.9381558248405691,0.2142496266867863,0
9461824737,263,5.527927639032126,26,99,2,0,0.2546820513217247,0.13136004782355482,0
9629709256,296,9.51493124720047,71,134,3,1,1.2943285343313746,0.6248235824866926,1
9189817241,185,1.195699290633722,39,107,1,1,0.3417855753472412,0.4342492108873977,1
9557836020,135,6.198745744972948,30,21,2,1,1.1093137409357767,0.519732699972618,1
9505375048,56,5.501736009618292,64,114,0,0,0.15961796693136873,0.055066657249678075,0
9422714312,215,5.404214430390377,38,40,0,1,0.564561781108115,0.40573017390162264,1
9536111655,116,8.79501323013685,23,135,1,1,0.7697062315764576,0.32600792236086606,0
9799192960,284,2.4526154716071216,67,195,4,0,0.1391496660433498,0.29224990759924985,0
9980148540,132,0.8873461062430288,22,47,5,0,0.34017506949900633,0.3113728550649644,0
9909182122,143,6.886579322524829,60,97,2,0,0.5464743541532441,0.1955713039614247,0
9522135399,116,3.7789959092918113,26,37,5,0,1.4755103015593594,0.42264661860895464,1
9893827369,59,0.6671042040189836,15,106,2,0,1.191266180969843,0.2194300246014867,0
9426131490,104,2.8880530692589312,44,33,3,0,1.2769750604050032,0.3608137037508265,1
9396792194,277,3.438604355059713,26,155,2,0,1.0345236446589703,0.22574625176502655,0
9433999601,32,6.359964579450299,72,191,5,0,0.5093523118703547,0.27983603580437233,0
9312239588,63,2.139565043468085,4,85,4,1,1.0932270649334535,0.5448124672703976,1
9110047595,263,4.424016305557281,58,181,2,1,1.04323737137697,0.5502336222318824,1
9936214955,244,5.083516721969409,71,187,2,0,0.9539316535204916,0.2727862644254927,0
9195112669,68,4.862755217958863,34,79,3,1,0.5176501049907706,0.47089828331671957,1
9122564965,173,9.752437283334427,69,160,0,0,0.46850010837334843,0.06057409893812202,0
9487537761,268,0.932290259007813,45,113,0,1,0.5708189220654557,0.4535274542064276,1
9542784267,225,9.534197771297794,55,108,4,1,0.5373558690752831,0.5358223310334603,1
9576629266,192,6.028403532943316,23,76,1,1,0.20896566247234022,0.3416850371013611,0
9377440100,66,8.059413292213463,9,29,1,0,1.223189173426878,0.1174197413046638,0
9493341995,154,4.588729871152717,78,139,3,0,0.6169598977973839,0.2980370959485201,0
9346661050,99,4.811459871941314,37,125,5,0,1.089291538272887,0.34012746612945066,0
9818606330,54,8.853601740650324,69,79,5,0,0.4918942402753037,0.3029340879452326,0
9687631548,266,9.01137771477307,47,166,2,0,0.9428228393868425,0.18668554148247762,0
9271856912,30,2.7675443735973273,8,154,3,0,0.14854304249307404,0.06561463261600098,0
9960012873,30,2.3927978465538726,49,71,5,1,0.24845370558713728,0.58385087051181,1
9918449976,61,5.214234151764535,68,182,0,1,0.6103415919812678,0.36893684788324443,1
9941838390,180,9.05263175771307,47,180,4,0,0.47623149216071614,0.18826619796672905,0
9191485680,76,3.562373387358675,38,108,1,0,0.5947644347894919,0.12438991819310156,0
9895139886,122,6.694138845721747,4,123,2,1,1.4029690177806016,0.43605994931834446,1
9472396043,169,7.227441033535711,10,74,1,1,0.2034610946996941,0.29225270562820144,0
9279963197,275,7.89740931649448,59,61,0,1,0.747823154934277,0.4505532001275129,1
9994086735,241,5.857282350249151,26,157,2,0,0.37755927365353503,0.1072863913021011,0
9628048343,77,4.323324193650211,6,70,0,0,0.5981739255394211,0.018934314074261327,0
9136045138,37,9.686651893590243,59,148,1,1,1.0478488369439716,0.40211870437686037,1
9696783070,125,6.307642156377101,49,62,1,1,1.4621147793573601,0.5363454009796913,1
9342928276,60,7.421369510516072,66,121,0,1,1.0726187884285348,0.4236578204852313,1
9138808656,190,3.777337034110844,68,173,2,1,1.3387822025162353,0.6004924865592848,1
9781969366,269,6.864517219529261,54,55,0,1,0.3061621319794383,0.4000985825365148,1
9925821557,88,2.9490777905591963,76,25,2,1,0.3539482601900855,0.5570515244027666,1
9689405135,282,2.8284207165220434,15,83,3,1,1.327475871708922,0.6048060560068063,1
9526042053,117,7.28986091718955,11,60,3,0,0.9505312788537571,0.18453542245617624,0
9758692561,83,5.453249994497884,26,102,2,0,1.208967135768848,0.19727038969162053,0
9729921035,184,6.991127799012703,32,51,0,1,0.4120037313346865,0.3411135808386766,0
9929681210,193,3.059665662106871,78,122,2,1,0.5880329648631145,0.5678146345049582,1
9321602280,32,6.187871740038939,54,175,1,1,0.21344833876944322,0.31789267310519925,0
9933478508,283,4.7173696721795695,51,88,0,1,1.3538196287851607,0.5320665860547311,1
9829789977,138,6.171122725032515,36,112,5,1,1.4388975945072568,0.6604142386404804,2
9269336878,195,3.263357456320084,14,35,2,0,1.3004493865606364,0.27089363691143536,0
9289689119,68,7.2967841546666765,64,19,1,1,0.7120524398398402,0.474518216258114,1
9982938633,10,8.156328978514923,67,180,4,1,0.5775885955997985,0.4908513503964634,1
9479089935,140,2.9692065016483746,2,66,1,1,0.7476410839628949,0.3869197853891002,1
9852685766,76,3.3558953186286,71,74,5,1,0.9926645042101284,0.7218656633483388,2
9875565206,294,6.780965562331383,4,135,2,0,0.7041102811244563,0.11102164698695816,0
9339687449,98,7.108059155883669,8,170,0,0,0.6902683894769234,0.0,0
9391822548,109,7.188947001775776,0,91,0,0,0.703454730734488,0.0,0
9810766841,198,6.98563579537045,29,62,3,0,1.1424080559397847,0.2723113371683288,0
9369959558,250,4.231673311049119,70,199,5,0,1.201507218352814,0.4380674531364148,1
9245796877,279,4.2511099068349445,19,49,2,0,1.3187536511973248,0.28788711926165966,0
9617640526,228,2.9207674246216238,26,176,1,0,0.44018218363677886,0.09307265294095397,0
9947913588,185,1.9899201490154483,62,12,1,1,0.3205066595006444,0.5214150906852254,1
9303362440,242,7.079485104270604,74,131,5,0,0.5831790823619206,0.3705610019655166,1
9927206514,160,1.385293466736972,30,70,2,0,0.6886272049444785,0.22917840965916045,0
9849025967,286,9.409026724474426,18,75,1,0,1.0826147221715505,0.14027211263355968,0
9595132487,238,8.353519884878787,78,193,4,0,1.1611026073922885,0.35755674093519585,1
9837715002,180,8.646304529593934,61,21,5,0,1.4778140135795426,0.4683320272744179,1
9934368214,232,9.113353738844307,6,75,3,0,0.6295116803239739,0.13604782343941188,0
9294741724,222,4.38174722187078,36,101,0,1,0.6635277605796088,0.39674236460710377,1
9581219549,291,8.54365687182881,70,40,1,1,0.8589119638621836,0.5396455532015163,1
9335719027,50,2.0015823527706686,75,72,4,1,1.2484696689552914,0.7278807053747203,2
9506086566,131,0.7055970487782389,7,112,2,1,1.0253076123204057,0.4772530822264432,1
9981085410,236,7.956468249306576,56,25,1,1,0.9017231949753863,0.5131624977387008,1
9396784273,97,1.2105681559709234,27,50,5,0,1.0073707481645457,0.38797433857476105,1
9196355770,276,9.890984339596255,16,178,2,1,0.7502305487435048,0.35993585377406545,1
9438939369,38,6.910566081214782,10,96,4,0,1.1626749966880026,0.21722753996131622,0
9720823142,256,7.657772247300002,14,111,4,1,0.20541399547546044,0.4330230791561219,1
9258946576,253,2.8351366346397264,29,128,0,1,0.8126335667563963,0.41221105506175754,1
9744963853,70,6.901721242237038,5,20,2,1,1.2292087115233283,0.45260105714262167,1
9513475998,156,0.9105894039220934,11,154,3,1,0.5235267084857692,0.4532461321712273,1
9592620951,183,8.459344339274208,60,138,0,1,1.2807824569961856,0.4469817627682518,1
9360606571,287,2.111428883799938,35,188,2,1,1.1959651361467452,0.5474620030653435,1
9617830843,151,7.12490163492082,34,49,2,0,0.912936804710454,0.2043202636128713,0
9430511457,53,2.632564761710919,66,190,4,1,0.45300800990774426,0.5464035173817317,1
9679813506,153,1.150305109547406,78,160,5,1,1.3055039020023065,0.7791568069257078,2
9943053860,64,5.074189946219246,76,149,4,1,0.14195642593439284,0.5257111584241628,1
9229987754,170,2.1082189975915,62,168,2,1,0.9295185307005663,0.5550769290463035,1
9486010023,294,7.429717889102223,39,16,5,0,1.1955905340456903,0.43246424941625616,1
9920476889,207,2.756875512143106,30,54,5,0,0.7795640236769937,0.37616517669552196,1
9763509974,168,3.753489284240374,36,63,4,1,0.2439985760392627,0.5345379577138271,1
9380703339,89,5.890672887012493,4,108,2,1,1.2675742105526249,0.4281541639554984,1
9411074854,40,3.20719863698446,3,16,2,0,1.3727232995602208,0.22365707897007964,0
9380419854,121,4.0908871039946355,25,194,5,1,0.8886335708672605,0.5490620499228024,1
9331829367,55,8.248406824883673,23,44,0,1,1.2020165143425259,0.36967776648916567,1
9269613808,214,2.202493570829744,38,97,0,1,0.9550007014785483,0.46223682799413557,1
9264933123,61,1.2809151000783698,55,134,3,0,0.9025961296994685,0.29795722102966243,0
9274904668,147,3.619398958763683,53,97,0,0,0.283080798194283,0.10048690827814978,0
9794303701,83,4.5315792866318425,37,112,1,0,0.7115096582736697,0.12438554088659158,0
9395289752,50,5.655263180297393,53,157,1,0,1.0503112495837932,0.15625752511981983,0
9640699345,86,4.038025113662567,18,89,4,1,0.736276286662046,0.514830186368828,1
9186621344,196,8.004161152116648,25,78,5,0,0.9648703611956253,0.30925117618474196,0
9684019983,61,0.873535132850496,51,131,1,1,1.3527321564372146,0.5413621038449264,1
9859423468,96,4.6017916128863,74,35,0,0,0.612710284347098,0.1929037347670162,0
9597628585,118,4.131431189235844,60,179,5,0,1.2598812765869327,0.3985752455862684,1
9644023659,234,6.65199566266516,66,192,3,1,0.14066325762300133,0.46395564296277836,1
9819433153,257,9.67962439302526,21,109,2,1,1.2937271854336185,0.4683751028690645,1
9204800566,78,5.34856636297419,16,102,3,0,0.24934821486795924,0.10353898942846486,0
9615820713,129,9.875330045946345,10,107,0,0,0.5500170134210985,0.0,0
9191351453,76,3.371369251675376,38,45,0,1,0.818822595301007,0.421068947082683,1
9101020154,70,0.7932472591533797,60,182,0,0,1.0100491971222876,0.17435360321150056,0
9635589622,200,2.0738000910259213,48,155,4,0,1.434356755897025,0.4070705429486653,1
9896600076,198,4.25368640535839,60,16,1,0,0.5298425085203959,0.23633686415814684,0
9224284044,160,3.505172137291246,11,75,0,0,0.21948826034429653,0.014193192260487299,0
9675370513,295,1.4220142443420878,12,100,2,1,0.7423698504475608,0.49568687778826886,1
9912039583,105,4.61027102306181,57,26,1,1,0.5833754809948378,0.4819318054426388,1
9884217695,272,3.712099830765846,10,60,1,0,0.9401667676025548,0.17730814747644977,0
9309522402,106,1.6648825943456653,63,20,4,0,1.3918955448359234,0.4830655409148294,1
9400775290,122,3.3131127408131347,30,190,3,1,1.0007013481104006,0.4973601422168239,1
9140739629,134,8.92114252587621,10,183,5,1,0.9092199588872716,0.4687860180892913,1
9532553971,141,3.3694642221487316,42,138,1,0,0.44451841418202864,0.1200086390360587,0
9326275356,130,7.28257652079949,35,6,1,1,0.47066986614575534,0.4035061323545635,1
9173823165,206,6.314447256748679,1,66,0,0,0.7105062511560343,0.0336707163910733,0
9480291056,131,4.558221042879532,60,127,2,0,1.347809337448936,0.3014718013126513,0
9752538332,291,2.770743549634857,35,46,0,1,0.911277208355084,0.4894543424069918,1
9261476925,269,4.005639643786482,77,121,2,1,0.7925068739905904,0.5995164824867664,1
9647631800,48,6.125018527974906,48,121,1,0,0.8595665292926072,0.13394776117941398,0
9446849551,63,3.832155540118872,26,47,2,0,1.2672951378154529,0.24588955005642785,0
9631189175,170,2.5415161189552022,11,56,0,0,1.049052061109368,0.13747138723899507,0
9193144811,298,1.606396114470505,57,127,0,0,1.3983949909909243,0.29274731221193157,0
9736889464,209,8.857785910140871,5,190,3,1,0.9144372364429174,0.387422370784793,1
9178483721,285,4.682973269643104,43,152,4,1,0.3744400442642183,0.541487126075989,1
9493845661,25,6.439479056557835,46,60,3,1,0.12621618617908822,0.43003886032946337,1
9820552856,182,5.15889843079965,22,71,1,1,0.5439594695974157,0.3899016885154275,1
9470958334,257,8.789381924400653,73,63,2,0,0.18783043545208053,0.20635040249477513,0
9835972710,227,5.695881098258003,75,52,0,0,0.669891043410191,0.21531968536346022,0
9196719187,96,5.067423470516577,25,39,0,1,0.36304623783255496,0.3251064668937077,0
9114372528,91,9.28370940900627,6,140,0,0,0.6668785688735723,0.0,0
9574482690,71,7.3370511624308685,31,80,5,0,0.6588845812529184,0.2597048691345132,0
9549348749,296,1.5597241197951446,32,36,0,1,0.48677669731176776,0.4526298475732038,1
9301875831,51,2.1881923813697335,19,49,5,0,1.0139471988867583,0.34726535528997415,0
9259940253,21,7.977667197924698,68,89,1,0,0.70680733774219,0.1471848741539664,0
9541616369,243,8.440587551209566,51,127,4,0,1.3508388293700937,0.35286360890989643,1
9298891843,140,5.679312876357817,41,199,3,1,0.20651257201458167,0.3987130874587894,1
9482718244,124,5.7673246647330725,0,106,5,0,0.6748730234601272,0.21184353350508506,0
9280788888,227,6.503363147088723,62,31,3,1,1.1863295020421079,0.6608525158133216,2
9217105071,146,4.671599855685075,6,123,5,1,0.7923493958493526,0.5299560625670349,1
9176767936,115,6.961891673097088,57,7,0,0,1.4525137817280394,0.24617562039686633,0
9788651188,188,1.530571946880949,49,61,0,1,0.34475215869350834,0.43288672901398295,1
9293705934,25,9.63215280249017,33,197,2,1,0.5424338724080223,0.2999228977257473,0
9863529800,251,7.626470826051756,50,152,0,0,0.2626156814055864,0.04342956518938261,0
9570159758,235,6.496154938085565,9,125,3,1,0.4454215124409264,0.407913388902551,1
9676928560,251,3.5050595415900663,25,173,2,0,1.0415451526550359,0.20760803715285686,0
9708296824,150,2.0290771308389273,31,5,2,1,0.7817243962534095,0.5447080019803421,1
9871579223,208,4.3887581563749745,41,78,0,1,0.3268941215969948,0.3752788633818064,1
9634455235,121,6.7849790354535555,61,113,2,0,0.7645730970537024,0.21134568988766833,0
9986548666,136,6.520242562519554,11,136,4,1,1.2863620424111202,0.5251372010057664,1
9958826745,30,4.13509097312293,39,75,0,0,0.7157562007922534,0.09451965241759527,0
9306112548,156,6.3262207414147325,77,14,4,0,0.1185003405908429,0.3221553919739244,0
9256100668,98,8.230608807891702,33,131,0,1,0.17689015443097827,0.23734284617035029,0
9138580196,212,0.7497053372072671,69,161,5,0,0.713368467101851,0.42789108533906817,1
9484017322,94,4.780899955337619,26,19,4,0,0.930543176002982,0.3043610483229731,0
9480337531,176,7.706274670434515,7,23,0,1,1.3411462220279395,0.399645583931472,1
9819753925,81,5.688372469402084,46,190,3,1,1.47474612144543,0.5508090649406268,1
9654558903,18,6.689022835326165,25,114,5,0,1.4725265536296603,0.3204849124116453,0
9676380222,290,5.408425729750749,56,185,5,0,0.8810515702305796,0.3716584130039939,1
9936367661,267,9.922808174481954,6,50,5,0,0.15002259484159305,0.17862901328720773,0
9532926039,284,1.0189045966458632,25,22,0,0,0.39887497447601705,0.156621475110705,0
9760239421,247,5.1649258068375845,58,110,3,0,0.7080644016098303,0.2963552851777953,0
9587098188,29,1.368457216587918,68,7,1,0,1.3315463445613005,0.34459740808163436,0
9817405336,242,2.017962840078919,46,74,5,1,0.1301824665345763,0.6224396752365355,1
9379114499,230,4.138864328973487,34,26,1,0,0.8130752091358935,0.21673598648195871,0
9751032135,26,1.9776308692546294,29,59,0,0,1.0148516571198338,0.14073396175665784,0
9927776659,98,9.655028076588184,49,122,5,1,0.5035217663303476,0.5199456083739169,1
9477208668,205,9.494502878889012,23,196,3,0,0.541949719289333,0.09151659843471852,0
9742727486,93,3.693041639095736,29,45,3,1,0.6437978396628171,0.5124892410903894,1
9562726004,96,6.577603264357956,53,114,5,1,0.48443197986199804,0.5670505984111442,1
9446356978,163,5.5706565456409685,66,121,2,0,0.712063794482072,0.2380664434568237,0
9154496748,237,8.248076314899802,31,140,2,0,0.3213301282399001,0.09053269960999043,0
9616851053,273,6.460733293260951,7,69,5,0,0.3790646533428824,0.24200895888201454,0
9301628778,232,0.5023983176603399,49,135,4,1,0.15199061771706687,0.5728267609807907,1
9858182113,130,7.750156663292519,46,161,2,1,0.675840512020327,0.4137656481495956,1
9675914808,182,7.595057152313122,45,74,0,1,1.09027355326054,0.43247547389684077,1
9257762472,13,5.34236570288157,79,22,2,0,0.8086130761006526,0.29114184736416615,0
9900746224,137,9.077730245714012,34,190,2,1,0.8429209047092983,0.37825107894988097,1
9990219001,119,9.130238954058814,60,121,0,1,0.7299248943524734,0.3642614532069245,1
9227064322,46,5.477160928691774,78,5,0,0,0.9187853843391597,0.22979498164306447,0
9427300983,80,6.275888196367108,50,26,4,1,0.421546898304481,0.5521083027734658,1
9530034693,298,9.966959683284387,62,99,3,1,0.39052211975824713,0.5087258048382437,1
9318054148,40,3.3387922307084663,7,155,2,1,1.4187502095064666,0.44710118503894114,1
9348432388,277,3.583863801959035,33,140,5,1,0.7305731660067143,0.622779080963964,1
9657391925,20,2.2363520753032153,24,161,5,0,1.2580461325809733,0.3229626443394116,0
9674606000,41,9.010735921999746,43,176,1,1,1.3835644533074563,0.4015822366662311,1
9178427656,66,7.572639704518029,42,119,3,1,0.9608367665815386,0.48902873553556825,1
9863440226,175,1.5036070642672978,49,66,0,0,0.5183105761688627,0.1680706510357226,0
9517788947,197,9.826789836380673,12,23,5,1,1.0517244958298941,0.5763187947963526,1
9207509488,28,7.444136227530603,45,63,2,0,0.7032794508133181,0.16028056603389762,0
9846874428,125,8.579960041247258,75,128,4,0,1.4622953416840634,0.3865992538404538,1
9143951994,193,0.9574324971454088,78,84,1,1,1.2358054521941875,0.6457741309642243,1
9728104681,279,5.297128729950593,52,151,3,1,1.240922752652199,0.6132451855588568,1
9165489314,42,7.136683723906873,62,26,2,1,0.9241646161805027,0.5309595492547778,1
9135383985,19,5.657992553432493,1,87,0,0,0.11178176026231008,0.0,0
9941902141,89,6.833150924143136,39,72,3,1,1.2645490108023119,0.5572314035398932,1
9760977879,201,8.26980360410949,22,9,1,1,0.13552065088081935,0.33962483485638445,0
9733233410,199,4.056202098121863,58,9,0,0,0.27130128543685633,0.16294839574162706,0
9382751135,77,8.562352418377742,68,157,1,1,1.2741367674998592,0.4691815164127835,1
9628012044,134,2.047702995270262,33,28,2,0,0.4063129619662438,0.20816845282603944,0
9258803950,68,3.0734175227505602,73,133,3,0,1.2775766054139133,0.3643115157099962,1
9249744728,106,0.9117833893095948,26,118,4,0,0.4308912430373927,0.24453221515943868,0
9499173960,284,3.9620547076848855,54,32,2,1,1.1789916479065312,0.6431676745898985,1
9722432835,158,4.109140675829143,3,51,5,0,0.8590469828427002,0.2971592831645076,0
9443967629,287,8.150070673468884,67,89,2,1,1.0393914091383814,0.5777094543483126,1
9572991076,274,6.704741367751732,71,192,4,1,1.2733138919242313,0.6651574372845536,2
9492932961,18,4.648864302478833,69,23,4,1,1.4776397804833494,0.7260804020282561,2
9990914058,292,6.6950827969256075,26,91,5,0,0.21996853482681208,0.2569218972827768,0
9647440232,282,1.0014418298990662,46,146,5,0,1.059536605131183,0.4408270906569532,1
9706319543,17,2.212579592174573,39,74,0,0,1.4422156734861298,0.20179825904557402,0
9167001666,217,6.456004624796672,26,118,1,0,0.6233138743380413,0.0986922760896716,0
9198609786,134,6.592984782640372,6,12,2,1,0.5672427684223125,0.4001866481523264,1
9656262363,132,7.854279257720558,22,41,0,0,1.051967784568068,0.09618478305552144,0
9695918472,42,4.328497711009221,63,90,5,0,0.6627314793712659,0.3555358049924413,1
9290596290,10,7.364263917853484,28,76,0,0,0.40024472293185565,0.0,0
9983266456,213,6.997813159321799,60,129,2,0,0.3260539201292281,0.17045271250364583,0
9538917857,15,9.652237094513566,43,14,1,1,0.3696822991041103,0.34628503075833045,0
9581584459,14,2.543737151034452,68,71,4,1,1.086035441523599,0.6770327405037518,2
9252137897,89,5.740955855650075,26,145,2,0,1.3861731499311813,0.19518264105727423,0
9355619592,283,6.216762200049459,11,43,1,1,1.228419177205229,0.47552582153070067,1
9439523022,186,9.987154906875096,16,68,4,0,0.7274823037786884,0.19505201757094145,0
9766759207,145,2.411249350583191,36,34,3,0,0.8400416119085506,0.3065366678886945,0
9879920920,34,5.470571189689276,33,136,2,0,0.9682428094154544,0.15385894952024987,0
9318430724,192,3.788760423279569,35,49,5,0,0.9119252841037572,0.38941590901309603,1
9473605306,177,5.495983201500498,5,138,2,1,1.4558618440590374,0.46620162286907846,1
9234823137,187,2.705221719979506,31,20,5,0,1.3413703063683224,0.4581184427911113,1
9780551383,104,0.9523175950611371,72,26,1,0,0.16095625565720006,0.2286202728714637,0
9111377787,42,5.939371812028044,21,25,0,1,1.2700721868422111,0.4070862006767288,1
9626943182,120,3.690616000677905,9,197,0,0,0.2596853462893432,0.0,0
9121827621,155,2.22844331661012,28,162,1,0,1.0662933520650573,0.1685472157818188,0
9141892167,240,3.577387877741321,10,28,2,1,0.4999100176984076,0.45756054759091314,1
9940586490,281,0.9681619137535767,65,68,2,1,1.1827367636290225,0.6854938020037731,2
9309523887,47,9.529201223855981,55,145,5,1,0.11204873568679535,0.46287876692947694,1
9240026769,144,6.020905192245975,57,30,2,1,0.635180527734674,0.5236208010212092,1
9448090821,244,8.240302472796735,51,102,3,0,0.13013124115659713,0.17754878593189755,0
9570165167,169,4.519622876703439,60,24,5,0,1.4349420308066794,0.5060242358430269,1
9887090380,47,9.081489341878765,16,65,0,0,0.12151088877763144,0.0,0
9720536603,159,5.091523104746407,29,128,3,0,0.3174059122743129,0.1526404322159607,0
9426979524,38,5.952480560906359,71,138,2,1,0.8549818998690811,0.5000513945867467,1
9534680400,153,5.17204281059524,36,175,0,1,1.0046115445749455,0.37278887162185054,1
9364213617,85,7.46614381074269,4,181,5,0,1.1205877627858765,0.20604347247205956,0
9670828076,154,5.8832327372195925,25,13,2,1,0.44566329205143196,0.4416974688662034,1
9169058877,238,3.0801897740137782,69,132,5,1,0.5213930081726837,0.6783215503592233,2
9496888412,73,1.88262554756514,79,105,2,0,0.43586406312571524,0.2624288476709708,0
9772221298,278,6.258181694388288,0,169,1,0,0.441701951229145,0.011539387148171279,0
9420752313,193,5.147209634696845,8,20,0,1,1.194510080122336,0.4210413606649849,1
9406312514,270,1.411769118613073,70,8,2,1,1.4271983151009213,0.7478225683887538,2
9520087351,277,4.25836592503605,63,36,4,1,0.9341241098426486,0.7146111687473519,2
9796265767,178,5.390376009004309,78,88,4,0,0.3204028262544697,0.32873049370915136,0
9864573537,268,8.355485721343104,23,97,5,0,0.19160595019574433,0.21744355203403876,0
9288028967,236,1.2229600304169423,4,132,2,1,0.43484719750415424,0.4114394766688285,1
9382316634,42,3.810705808337028,50,21,1,1,0.3489121784698811,0.43334099171634133,1
9591743180,223,8.315233165748662,37,45,5,0,0.9099296323419614,0.3496254245587181,0
9173135852,59,6.660027351829998,28,49,2,1,1.0771029334973061,0.4715653571310502,1
9652461573,219,3.2546040571359742,45,20,4,1,0.10642709350574234,0.5793660025350574,1
9191312343,38,8.530683659215102,51,24,0,1,0.7154685075837254,0.3763713503327992,1
9303693202,48,5.186289015345578,45,46,1,1,0.9721709574218377,0.46947504670647355,1
9607496783,109,5.2343429674493755,74,14,2,0,0.3700259610004971,0.25815766637733384,0
9780545447,182,9.777579722403651,67,56,4,0,1.361359168191602,0.39331547684748175,1
9531995232,26,9.497606780745596,58,192,0,1,0.8686171783197687,0.3116961133627585,0
9775772986,65,3.906060492013517,9,180,4,0,0.5835568899698179,0.14673743422554925,0
9603774778,235,1.835501722299282,3,155,5,0,0.12614586065523664,0.20502814927770363,0
9788913199,55,3.5938339566418938,51,37,1,1,0.7780296104444899,0.4851542124403027,1
9994912168,76,0.7895909729581864,73,131,5,0,0.5703244459653286,0.3979805085070078,1
9460815372,206,0.6972949237487165,17,157,3,1,1.457364808790335,0.5931995713031889,1
9473719402,151,4.2574602943884825,75,54,2,1,0.6302569490798622,0.5745579770235884,1
9948133464,32,9.439688315623725,50,105,5,0,1.3894103816134622,0.3419863193394641,0
9873482164,103,8.777894741705973,22,104,0,1,1.0604761410488623,0.32688906669205847,0
9873698729,251,5.358706922217419,24,92,1,0,0.20354828054071689,0.07905464393161032,0
9554553955,246,5.869650621122892,59,83,1,1,1.405808668555403,0.5791112327731738,1
9609431998,63,0.5563682190875365,36,187,3,1,0.3358277929788268,0.4499229165284089,1
9954658714,147,2.547260980420772,67,102,3,1,0.7272329941190157,0.6076508275292327,1
9111667877,281,0.7353542058766456,76,72,2,0,1.3922056305498858,0.4561737585287998,1
9912700347,50,7.668125560606182,17,82,5,1,1.2599138412112867,0.5697554875514135,1
9781203718,107,1.8836350622517286,28,136,2,0,0.7826145135279098,0.1828434542096618,0
9665377156,192,8.75594747352976,29,32,5,1,0.3896887583892906,0.5421412813243578,1
9662085610,137,6.611580979919989,6,33,5,1,0.8129654681088055,0.5517502177473501,1
9623313977,238,2.6794774268992767,40,86,1,1,0.8666881250635254,0.5063155125514984,1
9225616114,95,1.9983430122908725,73,126,5,1,1.4957112658863294,0.7820885690922024,2
9654357790,265,6.462434658769005,36,180,2,1,1.2536438019150922,0.5025547069912498,1
9425630486,218,9.057951312682073,26,109,2,0,1.3058438335377665,0.1981391776056804,0
9122098345,224,7.3244220796866255,20,76,3,1,1.480662394660611,0.5685197557363671,1
9653491849,109,3.8111931902320872,42,114,1,1,0.8326470879027074,0.4447499989322065,1
9400419743,58,6.080144155052148,50,117,4,0,0.9193170845034048,0.2828229869464495,0
9465582698,210,3.452236106038003,70,145,4,1,0.7362219037651968,0.6439197951793677,1
9781616934,267,9.99192088439726,12,47,0,0,0.27563566071003587,0.0,0
9790458526,187,7.613972290387586,52,13,3,0,0.8353594128479866,0.30124212872377404,0
9104810833,254,6.336625577689159,62,44,0,0,0.9156244386648197,0.2190687590408418,0
9391916131,132,4.5209618562753775,56,50,1,0,0.4321810031843032,0.17781017810681188,0
9341298689,180,6.372446757465794,24,62,4,0,1.1959540312653587,0.3140451226622535,0
9452763597,145,3.7453525934396805,12,188,4,0,0.27427525930013147,0.13563546666140633,0
9128500556,68,0.7742159748512922,36,144,4,0,0.8027989492673023,0.2901786155471941,0
9132073692,202,4.2533409623880125,29,105,0,0,1.0277983186517976,0.1389123733562262,0
9137316107,277,9.339567786008736,11,29,2,0,0.17690384859449304,0.08127031506590103,0
9127427110,269,6.449860400351726,64,93,0,0,1.2256746334853237,0.2389159645473514,0
9929499329,104,1.2975791791735654,17,148,4,0,0.525815870262977,0.21551028761480778,0
9259077599,134,8.907439327252746,61,183,3,0,1.1048488910231484,0.23917592832907814,0
9461199116,50,3.054311068744391,23,128,3,1,0.2514929519899234,0.40661075474719144,1
9602197293,263,2.815810184285911,59,103,5,1,0.9684180528084012,0.7338037774589107,2
9428279706,16,3.3223642034130476,16,185,0,1,0.8800969727798013,0.2935099329592862,0
9357029352,225,5.983421243196596,59,184,5,0,0.3100036300035688,0.2861493806820691,0
9666134800,78,5.674536887622778,8,199,5,0,0.9746428532774185,0.20816269974181692,0
9597545575,78,5.1684306689173765,51,128,0,1,1.067853850901547,0.41767129408117715,1
9142106078,90,7.316600203369957,14,28,5,0,0.7979032830469062,0.26944919152518926,0
9644152417,39,3.5071084476821106,76,111,1,0,0.9100074714567523,0.23701559520262494,0
9675550139,82,7.929612954938095,27,18,0,1,1.3423873803612865,0.41954779685076393,1
9138965695,271,2.165555944596692,8,26,5,0,1.0767842202414921,0.4004941017604854,1
9271735895,98,7.934897496231588,55,132,5,1,1.3683365286707196,0.6528649468190406,2
9394975852,217,6.806195999877687,74,35,0,1,0.8732815351972192,0.5099860988918007,1
9228184994,222,6.990478940702071,35,89,4,0,0.34479428541006196,0.22693956696078257,0
9651683055,275,5.07475727270897,55,62,5,0,0.444807101817141,0.37856309827888257,1
9559478341,216,6.836514560468215,70,73,2,0,0.34697479069357723,0.22619880015761065,0
9243206866,86,1.2580719423148454,19,151,4,1,0.5693479698687758,0.4994082264098083,1
9147364509,297,8.589735611968988,54,110,2,0,0.7685506101686201,0.22284924587660654,0
9179146438,56,1.0276987181326371,59,185,4,0,0.45830408962689007,0.27384743947096846,0
9277238601,119,1.9130443437792262,34,89,4,0,0.7658886513872027,0.308683439374447,0
9882718184,209,5.979502230723745,73,6,1,1,0.6101013155095452,0.5424414644257938,1
9487068897,219,7.524408826838569,0,185,5,0,0.8774861704654452,0.20090543453379062,0
9494587966,163,1.224389861289408,77,199,2,0,0.6999192828519155,0.27451430227342366,0
9710534811,19,9.247265734162038,44,51,4,1,0.7077299306137088,0.5085270695303673,1
9669606715,166,9.749272663606638,68,119,4,0,0.7868696575672367,0.29119975361145545,0
9870935118,270,6.256526643573255,39,57,2,0,1.4830253228124308,0.32213471901461266,0
9881804765,86,5.071812826079947,37,189,1,1,0.8791678276338459,0.3803217187364355,1
9115886372,266,7.543252236657622,23,29,2,0,1.1126728265758108,0.23918504568253912,0
9540275932,140,3.6193948471084516,3,39,1,0,0.6834438277830757,0.10716385450200101,0
9266674709,76,5.186012123998511,68,161,1,0,0.5561886802640974,0.1412771628103762,0
9904140227,237,9.203434754736813,12,91,3,1,1.3832080769118842,0.5122437521725844,1
9846265491,172,9.57872653979457,20,114,1,1,1.139304459017088,0.3796384832711824,1
9906963039,24,9.307156602486257,31,149,3,1,0.9154016720607989,0.4118123214174607,1
9189567715,241,2.9932566361564814,37,84,5,1,0.5710038111000518,0.6381180443647951,1
9391357937,204,2.708455882059252,31,181,0,0,0.46100438342320904,0.05646905542607407,0
9947387971,39,3.3278128063284855,78,188,1,1,0.4529003516321456,0.4303142885199156,1
9318886874,229,4.692455567690372,56,135,2,0,0.8052231720653874,0.2478839805022287,0
9814586303,156,3.484590421523654,47,26,3,0,1.3247486525386805,0.3835047532463578,1
9994092304,268,4.055021559521051,29,146,0,0,1.3334669484518793,0.17507244176663955,0
9190126859,152,6.396051045147216,70,135,5,0,1.1429793692597554,0.41093824510273735,1
9389268629,244,7.743993932392771,37,42,0,1,0.8594876351070809,0.4175272556908032,1
9995809936,124,7.4878028835452115,43,91,1,0,0.4288736328362661,0.08992786800447602,0
9452919433,99,8.237023887251944,25,25,2,1,0.7703933780050919,0.4317529187135877,1
9511814592,217,0.8057518305463206,1,183,1,1,1.0726115727134968,0.41166103342573046,1
9348766485,173,0.9534710019481827,42,28,4,1,0.9330233090901988,0.683154478400779,2
9619328217,93,7.999138126541979,42,100,0,0,0.8196477753163466,0.07166807551945782,0
9420810103,86,5.564248812084003,62,49,4,1,0.6994962673466585,0.6111018996699243,1
9296460538,170,5.992336400740143,72,176,4,0,1.1535200151548124,0.36184769834302916,1
9539867601,14,0.9995751720365823,57,51,3,0,1.279129173093636,0.3799839320401306,1
9621996593,87,2.9254811111270733,47,189,4,1,1.1120757319123555,0.5887933144959576,1
9856138670,100,6.564365896412038,4,151,0,0,1.4130985522731867,0.05096610218250458,0
9941634507,96,8.662227956051423,75,166,0,1,1.19182288837906,0.43042201113287,1
9733823994,279,9.211342273223323,34,135,2,0,0.7308467928174508,0.1485655078594143,0
9658716130,113,5.253985210433276,15,43,1,0,0.9634548805088655,0.1389500964691979,0
9505427123,184,5.682005211012878,48,96,2,0,0.8061140797472586,0.22561629370418318,0
9135490172,63,8.413971495155414,59,79,2,0,0.8648526157102298,0.20086465594336259,0
9673860299,220,5.607433707099869,50,192,1,1,1.3539798095835844,0.49435503933149827,1
9205600006,104,5.410155992604515,58,142,0,1,0.5212019228046632,0.3648556921586387,1
9381862172,232,9.09829835872906,63,172,3,1,0.11833271238802126,0.4346370118484804,1
9195019914,18,8.00436085003086,12,6,4,0,1.0739055202288075,0.23761633222708664,0
9407145760,62,9.136189000432298,25,49,3,0,0.3534191551300957,0.11305936394375729,0
9416153477,86,2.573347020420961,69,159,4,0,0.3159253828077737,0.2817142150252147,0
9623271022,215,5.481567123225889,2,57,1,1,1.489466691343712,0.47029053081586814,1
9395432095,121,8.5034852216369,11,141,1,1,0.47348535904656985,0.26529308709261223,0
9187649202,174,1.555904360937535,40,107,2,1,0.3852748633959976,0.47846213127626924,1
9110774986,288,8.049290465792637,78,133,5,1,0.36737658739808055,0.633293704898258,1
9887247673,36,2.23824714244126,64,165,5,1,0.6772949561013918,0.625516429022872,1
9104421590,79,8.17712817236055,62,42,1,0,0.6731849567786053,0.1662233234117727,0
9941395737,227,6.314008906790248,49,61,4,1,0.9854993016497258,0.6387751426498175,1
9782634721,198,2.335741919106238,46,165,5,0,0.2450941669728102,0.29518239700746235,0
9201475757,133,4.99686470366161,7,180,3,1,0.9896228738456492,0.43200903508420524,1
9934527747,28,6.97809908137733,30,7,3,0,0.7350860595967331,0.2079398048417467,0
9856692944,266,6.521602558393653,10,36,3,0,0.3907157307592575,0.1760599903237204,0
9538918242,31,4.558848364201191,16,153,5,1,1.1895094783506404,0.5558016236983292,1
9964950668,49,9.043982024748805,26,72,3,0,0.7636880725844014,0.15068145107980915,0
9547577576,47,5.433002437634521,26,149,2,0,1.1038857377598592,0.15180359261290222,0
9802758950,57,5.3057393360225396,77,174,5,0,1.3887974046437814,0.4244368165249833,1
9216067598,192,1.0913806044438155,55,72,3,0,0.594766696507057,0.3292254363275211,0
9292455542,84,9.260143703077553,68,88,4,0,1.35706622752625,0.3591262228662194,1
9426077212,218,2.1826074024445434,46,16,2,0,0.3804780771851618,0.2610994137662182,0
9931858844,192,5.519274587647265,18,49,2,0,0.4109825984096186,0.13828661675738707,0
9307766602,116,8.133892213302946,56,168,5,0,1.0291765871799536,0.31882781723529247,0
9486320159,197,2.5468061310786116,30,84,2,0,0.24368434443292042,0.16471378109234044,0
9453823873,273,5.51004625472299,15,183,1,1,0.7366920129933062,0.3613324865025208,1
9198023086,95,2.7865066376217382,44,139,2,1,0.39936518485228356,0.43731907586414653,1
9875238605,146,7.717102479099162,26,165,4,0,0.8991988805217012,0.20623196924674753,0
9763620629,104,5.861241094794932,60,52,5,1,1.229551500341968,0.7139446202368304,2
9664080074,254,8.631770673753863,25,198,5,0,0.1593942437446602,0.16052939449764622,0
9199898906,99,8.998301027335136,28,37,3,1,0.6786340263892995,0.45635647083869435,1
9607039426,68,6.662968083231282,43,88,1,1,1.1229416602578646,0.44968071556550165,1
9962702416,37,7.391216838509973,28,105,3,1,0.5791560239482767,0.41317078747834024,1
9748788715,81,5.7175909489252055,1,159,0,1,0.1583884736364738,0.17474552544927435,0
9234442423,279,4.152072964140137,5,51,1,1,0.9279324393588279,0.44567701715337776,1
9883122011,33,6.657120268697929,8,89,4,0,0.26823032961616766,0.11060219632956494,0
9931574036,121,9.128741923129624,14,198,1,0,0.6178875835410617,0.0,0
9785152558,65,4.45846361409866,57,47,2,0,1.4867464637137688,0.3349913456098016,0
9828973263,232,3.4868952505510555,1,84,1,0,0.6572279563267691,0.10314127841926626,0
9561108068,129,4.190150916249454,2,151,2,0,1.2799997247884438,0.1547181559796198,0
9694964410,188,4.636277487010196,51,142,3,0,1.3037287281269248,0.326695450864442,0
9733913093,297,1.1988297752883041,54,26,1,1,0.4679636372861564,0.5534696791708792,1
9143353746,290,5.2351974841324465,52,198,1,0,0.9337069718047991,0.1885558001403199,0
9204003512,198,5.195985356475567,71,134,4,0,1.4264421294174385,0.4303712312523858,1
9925916868,75,6.09021636258497,39,112,0,1,0.9488656828445137,0.37253128559032195,1
9366081786,258,3.946790289477649,38,102,1,1,1.2385560687786135,0.5285652447797018,1
9784334336,85,6.324522161578102,42,22,3,1,0.7475880923782598,0.5319829718131206,1
9403837753,146,8.843054947604928,12,132,2,1,1.1070583608416398,0.394663677263071,1
9718901371,173,9.57697440970406,36,23,3,0,0.1305927907186562,0.14838077530312338,0
9960535970,242,6.044316053339972,54,162,5,0,1.2024628419371797,0.3967970817257152,1
9233719871,264,0.9046140627179744,31,138,5,1,1.0405892067021743,0.6851653360516452,2
9607333616,179,9.707741974037535,13,31,4,0,0.6023882396485132,0.1932770184027045,0
9751404056,183,7.205689578514434,64,19,5,0,0.6837802745573001,0.3988853580047028,1
9609066763,27,3.691654661259695,26,163,1,0,0.557259469499996,0.0507712804048832,0
9369510417,79,1.897998159155372,23,176,0,1,0.8340012200804663,0.3421208351664582,0
9591164942,125,1.862476816244612,21,142,0,1,0.25214588787091213,0.29749111808290746,0
9285683482,89,2.093571858326226,77,153,1,1,1.2828809138321782,0.5733061806932801,1
9783955259,24,0.9329389553312929,44,179,0,0,0.7692751498792396,0.09701775052153323,0
9896826029,185,9.07046479220266,7,187,3,1,0.16034304966295865,0.29397892178645646,0
9974890200,278,5.6372982118596955,66,127,2,1,0.8741464371997325,0.5643833272549849,1
9609482640,128,7.149614420781454,63,99,1,1,1.4027239900666342,0.532914839091952,1
9491548508,197,8.36703083804892,46,168,5,0,0.22244470849056713,0.21832232829561432,0
9214232628,66,8.019639560165402,20,131,2,1,0.2724695915140877,0.3015606762597058,0
9759956231,208,8.884753425423995,31,78,0,1,0.6420565962675853,0.3366464171136889,0
9189858638,26,9.688918913987044,44,62,4,0,1.1298739650287652,0.2702511821689406,0
9974857498,297,4.6711708400484255,43,151,2,0,0.9464707119054855,0.2459724353480771,0
9507090861,64,9.52818693334971,40,196,4,0,0.7411432864644267,0.15966561784220137,0
9230371121,278,7.371254509256755,51,114,3,0,1.4898442473127795,0.35420958889978577,1
9147347699,96,1.1713478079267454,10,142,4,0,0.3601105964169178,0.18225709787490918,0
9176716230,38,6.976939651517282,17,53,2,1,1.250459512893525,0.4562151990623489,1
9642112130,31,7.023808266246062,10,186,2,1,0.2733717312573314,0.2542855752225937,0
9300995164,294,9.105675356029007,26,65,1,1,0.3514498367869059,0.36130587614208065,1
9663692479,57,4.042855258465874,42,191,5,0,0.5136219718029192,0.2473203735147598,0
9289700011,14,6.05665925258227,64,134,4,0,1.3223340064178097,0.34273350307248324,0
9239698868,259,0.6157817346115539,53,79,3,0,0.7218880209074781,0.36005384836022536,1
9795080471,172,3.654714800722692,28,12,1,0,0.6540995758131485,0.1815020381555722,0
9833785915,211,1.091315398508419,20,151,1,0,0.7870161078024615,0.151112814820861,0
9601009282,110,5.457793241266521,28,146,3,1,0.9832688649040915,0.48383207822662605,1
9896539795,80,8.265752679816057,8,26,1,1,0.6928918352407181,0.3342913214044268,0
9299876141,172,2.4612055752261552,60,21,3,1,1.4475443638924852,0.726537523431051,2
9105290717,182,5.510689932798895,61,111,0,0,0.2894786737802646,0.09889249499337834,0
9603834829,150,2.438082046852287,70,67,1,1,0.7659328259881277,0.5506549545563479,1
9522312390,147,1.6465404445392842,4,126,2,0,0.6816062813495946,0.13523426842747996,0
9637668880,75,5.354469523376253,14,30,0,0,1.0697895448968355,0.10062111110710521,0
9560877693,207,1.2519118990224125,56,168,1,1,1.448316704343091,0.579975061732902,1
9896996843,237,6.079868995810899,4,121,3,0,0.5037780241672302,0.13119493495033685,0
9874407907,290,0.7977058764288996,19,49,0,1,1.437457105472068,0.5385057154728348,1
9350880520,181,1.5137922327495676,3,34,5,0,1.2587794849356917,0.39090469806595485,1
9961247141,49,5.724976112129899,55,120,0,0,1.2346690766205481,0.15627724251557368,0
9790740155,16,6.118370422539682,33,153,2,1,0.20230632945019236,0.32087298113021356,0
9375775294,183,0.7753758358907017,39,152,1,0,1.4168168336980584,0.2652635100130786,0
9750771157,160,5.947079486014805,68,174,1,1,1.274498985029559,0.5142415910380361,1
9452064501,220,8.46577399057455,67,94,3,1,1.0584163741916564,0.5998373436827709,1
9426097396,95,7.362003684292562,21,123,0,1,0.27900293450950675,0.23621964126296346,0
9181576052,262,1.746258487247587,13,188,2,1,0.6880521629905724,0.4347278243785644,1
9487680641,30,6.128509151854342,67,144,3,1,1.2763195582083746,0.578366237162753,1
9304264791,266,6.886398750705028,7,12,5,1,0.7125439272174959,0.5835518195909726,1
9887038791,42,0.8536964166467719,66,97,3,1,0.7110372359602609,0.5982801113154701,1
9359252618,269,8.625802852494415,45,121,2,1,0.47817613103785483,0.434354834827943,1
9981413836,243,9.109540274253387,28,195,1,1,0.171663551303425,0.2655851428653704,0
9742443984,12,8.579296596941457,11,60,2,0,0.8182053382507629,0.08118308142679409,0
9149909831,236,8.333998945896575,78,139,1,0,1.1842572909712379,0.255036220899123,0
9411157009,293,7.577169385378486,51,66,4,0,0.3044998970991648,0.2814972883606912,0
9875055325,79,6.517604297178622,57,125,0,1,1.351288594158487,0.4507600463995416,1
9712005183,263,6.946956547388393,1,65,2,0,0.8773975790731475,0.1498075642534503,0
9725111377,153,8.160755286682338,0,142,5,0,1.2372184328735198,0.24033714850463433,0
9529584990,33,6.7937353544323935,54,54,5,0,1.033855821680031,0.36583787434841497,1
9278939423,243,3.613406088479674,33,152,3,1,0.28892387285507437,0.4663599916808528,1
9774240522,184,4.071630470532862,63,32,1,0,1.3692291033033,0.33426459341666825,0
9937440812,168,9.022045949536775,67,146,0,1,1.105409653981991,0.4269346070833977,1
9130319320,295,0.6626598150730381,11,80,5,0,0.14981058561896343,0.29344201916006585,0
9572972064,27,7.138795521820679,49,12,0,1,0.9120619342202764,0.4152318858445851,1
9970369275,53,9.570386748039546,20,139,2,1,0.7721766892059471,0.3354498950615725,0
9228208997,164,7.20916761460075,9,9,3,0,1.3028157067377384,0.2613112067666529,0
9777825960,240,9.942163888201929,69,5,5,1,0.27189887644105637,0.6300718985145036,1
9270161543,234,7.031676602519143,13,115,2,1,0.9271816642691716,0.42903168048207097,1
9550671703,226,0.8264487775601802,39,77,3,0,0.53439205575809,0.29572632802691534,0
9726730536,65,8.356593875645775,29,110,4,0,0.44386641379046776,0.1565681764804402,0
9541489995,40,3.2039841634235313,72,14,2,1,0.13154949054378354,0.5110047955708384,1
9404532525,68,4.737543643812189,13,190,1,1,0.5651197093899577,0.2873471747343821,0
9712013727,244,3.4648732011172796,51,69,2,0,0.654534235712799,0.2702822965387952,0
9178888398,116,3.051264008991955,16,192,2,1,0.7269013870295328,0.3895463316689739,1
9607475029,200,4.598354184862961,61,152,5,0,1.1286103384951018,0.41483632373438994,1
9969580435,27,4.0981387601864006,21,62,4,1,0.6649594037071767,0.5100674633226244,1
9512388000,235,6.516716527504599,52,175,5,1,0.3733358338201903,0.5587663683950342,1
9356189129,176,8.22493640938135,31,161,4,0,0.6574047279190781,0.1923726637710465,0
9210830503,80,3.322342205278787,75,6,5,0,0.19739100824166134,0.39090214785898725,1
9141965471,63,2.5303509518091656,54,158,2,1,1.4609039209455708,0.5722442590917585,1
9921358833,254,6.835505073268251,79,63,3,1,0.19272677213656994,0.5670844851105027,1
9428398843,85,6.8680406253924255,21,109,4,0,0.3826471949001098,0.15491784254997076,0
9411025504,44,9.060746773218632,37,5,4,1,0.6992442910102303,0.5236636869759375,1
9176070913,276,0.651484021306453,49,35,3,0,1.4067681615453331,0.4593443711297625,1
9247069152,130,8.603886290106844,65,42,0,0,0.3502320284970415,0.0986978746050295,0
9477383712,34,5.449520643009391,44,26,4,0,0.6596898872996502,0.28483520542651203,0
9669226984,169,6.402369847134939,7,198,4,0,1.485043881484605,0.2391934942792001,0
9532189388,93,1.3680286853334405,64,179,3,0,0.94286667663784,0.3080276569725395,0
9454371485,123,4.6098418622844335,39,5,3,0,0.9604165831263561,0.30998188762774953,0
9242606240,232,2.659372868765976,4,92,2,1,1.4637811144394728,0.5366079259742116,1
9420035404,175,2.9151377857838363,44,182,2,0,0.8085374667270769,0.20470950924450987,0
9437492083,200,5.288903589422261,45,168,0,1,0.10358504234802948,0.29954669534202977,0
9563003289,184,8.218331528829568,35,177,0,1,0.14337150085528064,0.23790126842334552,0
9731030677,10,7.565918836376134,16,168,0,0,1.0539573868878236,0.0,0
9409644390,238,6.114499611316561,40,166,1,0,0.39611571987290295,0.0886265577156163,0
9670009793,95,5.624472831157937,29,13,3,1,0.7698730300864904,0.520974422969817,1
9390085734,71,4.559407410727655,51,114,4,1,0.8719211587555628,0.5826009834552692,1
9962683225,215,9.74074474883317,78,88,3,0,1.0342901578749555,0.32805921529232995,0
9913745837,114,5.821829265225216,19,136,3,1,0.21724531328938418,0.37335748641202354,1
9929761657,259,2.91268078396611,35,67,0,1,1.1640611552574074,0.49905183588996227,1
9317268209,22,2.6858625243803758,65,136,3,0,1.3882352209508289,0.3504745428882016,1
9406835598,172,6.307853792363847,44,137,1,0,0.45804375132651776,0.09963767131748263,0
9959638753,52,5.466861509453823,3,142,5,1,0.6326245063422402,0.45992926931428973,1
9276881769,120,0.5731291280697715,49,112,4,1,1.1413454178077105,0.672333900600088,2
9819332214,214,8.385621035859904,54,176,5,0,0.4478169277480739,0.26367724556611666,0
9831799979,265,7.189162365208129,58,44,0,0,0.8591423894687272,0.1959938050204164,0
9549115440,153,6.787378251941983,41,40,2,0,1.0239255708821664,0.24247252948255615,0
9965650535,155,1.1534162481277601,1,39,5,1,1.3309835452839227,0.6699603637898711,2
9685963466,173,3.9395305766386683,45,63,4,1,0.5835120379403519,0.5946304109665116,1
9633520700,178,9.386131476961468,1,197,5,0,0.7897075235466053,0.1533479917687217,0
9986806466,242,8.694597792742956,49,120,2,1,0.3584391694483796,0.4214608601542235,1
9728015738,280,3.212657909760568,0,35,2,1,0.530654668675554,0.4502933319906064,1
9235661445,69,1.9920593989418176,12,178,3,1,0.2329109497922265,0.37244460118776535,1
9507062536,244,4.766335593101482,69,53,4,0,0.37669284303274075,0.3578237807133778,1
9899775493,174,3.8803885973427783,21,138,1,1,0.5846958583032921,0.37224883982828166,1
9600812872,203,6.981150578706915,16,110,3,0,0.6939805517396386,0.16663719259760695,0
9323214950,243,9.681130695801036,58,23,2,1,1.0896285122371763,0.5663818531188487,1
9585091550,192,3.9485137748343337,69,100,5,0,0.7418284897695714,0.41808725347433656,1
9277366431,241,1.091129640196299,2,174,4,0,0.16866879916391825,0.16491336688398123,0
9309748520,116,9.02733307925266,69,34,3,0,1.1580435300867553,0.33182055999271204,0
9997908081,232,0.8605224372787726,48,30,4,1,0.8459155616370498,0.7020502648157674,2
9895435723,89,9.551276022956664,49,135,5,0,1.415171842826897,0.34168864219708106,0
9619558407,243,6.813504566085878,34,165,0,1,0.9893360902985731,0.3757582760427982,1
9947613767,193,9.446047480198517,22,54,1,1,0.8475045256041994,0.3863146399767885,1
9638179419,194,2.3967670231652933,71,163,1,1,0.512200406604536,0.48668617784789403,1
9322170429,143,0.8866480549111724,6,115,1,1,0.4310445511095753,0.35921890280754837,1
9243549523,229,5.137994793626672,49,100,2,1,0.422047293572243,0.4783064043718159,1
9484185661,297,4.78092243841619,9,86,2,0,0.6699719566379825,0.16747556553556361,0
9582144366,211,3.649176595921387,54,142,1,0,0.339919983531062,0.1477669455393375,0
9378421754,155,9.597736506692627,73,26,4,1,1.2818937273265631,0.6872377425322094,2
9444090630,136,8.314545455533606,18,195,0,0,1.2272763594837732,0.02676528433831618,0
9790717130,144,6.785029203068136,22,58,2,1,1.1203867013643871,0.4799260537269089,1
9721982803,123,2.0471537705593637,63,183,5,0,0.16825107639149534,0.29867428392026707,0
9327639503,273,7.476072378075985,32,85,3,1,0.20066821870914303,0.44866731770818535,1
9304407683,73,7.406618319647378,65,136,3,0,0.9909953951169077,0.2597566942449271,0
9518655621,144,4.538147649352071,8,41,2,1,1.1485555881235976,0.48726889878260676,1
9389041721,50,9.285466142283129,28,67,1,1,0.13740231721166346,0.2718960176913354,0
9245309717,12,2.086289881175599,78,55,4,0,0.5067003076478551,0.3629685583436354,1
9968950425,203,3.0397068429108107,17,140,0,1,0.29079646475960175,0.30080242698955584,0
9716661506,119,1.1006312228810196,70,5,3,0,0.42379057794651454,0.3563806280123428,1
9275037566,230,8.056784102687082,77,12,2,0,0.8257278044879754,0.3189892606396454,0
9213398568,13,6.406714167906274,28,85,4,0,0.25294258313291273,0.1534392066277409,0
9804372411,253,3.4919329039718705,60,109,1,0,0.4217677836233532,0.20067560585380662,0
9910061837,175,2.056229804145996,4,187,0,1,0.8908717528037721,0.3243965193533674,0
9450598090,35,0.8814038152730335,68,116,0,1,0.8113527037523528,0.4711188120003393,1
9359210229,26,2.0840829019463976,55,141,3,1,1.300627421166576,0.6032496290499658,1
9500628747,225,4.806204140207753,51,183,3,1,0.31081161263248036,0.4748729438334046,1
9745508619,101,2.8481812056007585,14,148,5,1,0.6178386299646944,0.5243957944618878,1
9785239180,40,2.960330685603684,19,185,2,0,1.3941035894795704,0.18068512917697088,0
9623056428,214,8.817975483343286,72,63,0,0,1.2141175570098355,0.22744506770772752,0
9597108210,216,5.393807897880456,15,49,1,1,0.9363002637863915,0.43848033687980154,1
9439377298,116,7.427893744719939,74,169,1,1,1.1765895423391302,0.4889893534773897,1
9473214563,155,0.8392540157673594,24,95,2,0,0.7277330938272065,0.21309025640338985,0
9882190471,110,3.969051878941273,56,70,0,1,1.374962047363293,0.5177001564696332,1
9623267804,250,5.052108800256697,20,196,3,1,0.939519014800709,0.47778364283967145,1
9270503798,256,2.2709601244967548,4,40,5,0,1.0738900667723488,0.37888195318538753,1
9888793652,172,1.6418196437326174,74,80,1,1,1.0127805136581172,0.5981984925808493,1
9781644726,182,8.767885895748504,8,54,4,0,1.0418703461993448,0.23534314412827265,0
9287525407,44,9.424600457448067,10,103,2,0,0.9974882572365501,0.07733671871234256,0
9794378283,293,1.2486636314313704,64,99,1,0,0.2032701533055563,0.2260417881528236,0
9337784657,30,3.8156777691532096,62,185,4,1,0.9453888373986526,0.5786585272579998,1
9189597893,172,9.6037134673725,25,189,4,1,1.1967591968925066,0.49198320868529766,1
9758259666,106,1.2900364647584164,73,151,1,1,0.10055418493264567,0.4376027312814831,1
9453538596,64,6.6145930423479,18,158,2,1,1.3483460892646288,0.4289930808702474,1
9282444343,136,9.736103024186553,15,122,4,0,1.4331272027827222,0.24015869471035473,0
9745643906,202,9.793124851523059,55,104,4,1,0.279466451771203,0.4976351426609343,1
9450153627,252,4.976621643585561,67,72,0,1,0.8490730857256381,0.5041193105640499,1
9957028297,97,2.046116523932616,77,116,5,1,0.25483508580417136,0.647143478675976,1
9758252530,224,2.419800992285669,29,175,5,0,0.496211000113031,0.287991041439469,0
9874074402,101,8.951213253681749,6,131,5,0,0.9700895676374834,0.20392952240565032,0
9410089820,244,9.160988541132491,11,99,0,0,0.5239936281717457,0.0,0
9823271605,193,6.27485661679877,23,126,5,0,0.6117702140699363,0.25833081295347377,0
9231651518,47,7.778675794964157,21,190,0,1,1.1445888421772192,0.28878988485502977,0
9974362062,148,7.5293468889688775,46,131,4,0,0.9049764214045213,0.2717116745675827,0
9132997728,204,6.787305180896516,29,107,4,0,0.825262694082114,0.2597338611190955,0
9488490118,24,8.359131071283421,59,63,2,1,0.5538429116427029,0.44180157654172325,1
9848154672,266,7.01136291888305,38,50,3,0,1.085811440647473,0.30959435118443346,0
9607976541,144,5.5730219046012435,19,44,0,0,0.693553265412814,0.07550012899432275,0
9812566713,10,2.7510854445874893,25,145,5,1,1.3583392852800817,0.6164043555652267,1
9513370391,58,7.56693736912688,48,125,3,0,0.9422382016123174,0.21523200243062224,0
9853738131,105,4.997659744463608,68,109,0,1,0.8536376408096308,0.4489645999635925,1
9653040676,210,3.3005209980713386,41,13,5,0,1.2243882895781013,0.46907034277251597,1
9512037635,35,8.118489619546866,5,70,0,1,0.779617650722125,0.261715575985426,0
9619857515,244,7.118779203353769,52,57,5,1,0.4910036619971375,0.627061755666078,1
9176123517,253,9.40472584968465,33,85,2,1,0.31713581451438455,0.3924162542121771,1
9120808635,60,2.0716955801793384,68,8,2,0,0.8865458506431104,0.3345251551150212,0
9272267671,90,6.667298204046685,9,130,1,1,0.6947992412270323,0.30661833049868376,0
9285974321,45,2.8202749468376718,27,146,0,1,0.6563264053509086,0.324665869280057,0
9602646448,76,9.084038360365597,2,109,0,0,0.5891700656723325,0.0,0
9160111794,138,1.445244435437849,76,140,0,1,1.0402571022426121,0.5252879190438594,1
9437908319,164,6.733537161226334,47,101,2,1,0.8265950116426206,0.4853722887957318,1
9478207848,254,8.015314354516285,65,194,5,1,0.8521341203358476,0.6230556555194396,1
9910097059,120,3.871719483464718,34,177,0,1,0.5313747217639031,0.31730433281009174,0
9226248185,177,9.564311754146187,51,96,1,0,0.9591113697213941,0.1582716233168131,0
9724982881,151,8.581941503567354,61,199,4,1,0.6649225042723199,0.5108240691365368,1
9556077027,206,3.298873847006582,51,194,1,1,1.1772719156773823,0.49836947705054013,1
9630098753,118,0.5716403808019874,46,82,5,1,0.8413427766163197,0.6880681152910012,2
9519719502,88,3.3182431731215782,53,87,4,0,0.5052335010989237,0.29602576872107866,0
9747259553,170,3.172449469472054,27,74,2,0,0.30682153354354813,0.15583252372489445,0
9284495011,28,8.954663771258636,22,40,5,1,1.0799103982642122,0.5590999492032686,1
9837535749,136,9.687651193420102,34,88,3,1,0.619547981848536,0.4388606101674498,1
9765760038,214,1.1691798667174733,31,133,5,0,0.1917156583196517,0.2892923872644152,0
9215224489,38,4.977300871066509,1,192,2,1,1.3808861829052044,0.3903620648291597,1
9496641650,216,5.709153986033059,15,145,3,0,0.6413033234008143,0.159296550975701,0
9245404089,289,1.3826607826321813,15,144,4,1,1.1443205628158102,0.6155432048129778,1
9797345269,160,4.086228236806464,50,79,3,0,0.7424812632101198,0.28772967941020344,0
9568800124,249,3.5122829652330307,66,104,4,1,1.3472965248480977,0.7384281873989754,2
9674869122,275,5.592535366107329,53,149,5,1,0.1407011458088874,0.567857046437112,1
9628137452,191,6.781313547453411,19,179,3,0,0.4631695494564201,0.11038791669866281,0
9665046823,114,7.1831085497173826,32,57,4,1,0.8640863432910927,0.5473930585983225,1
9469358868,245,1.7991727243271816,7,71,5,0,0.5525207737022793,0.31029575348568067,0
9665078882,182,8.223003168473904,23,14,3,1,1.139763975116399,0.5433789723256143,1
9211670041,167,6.94614928301221,52,50,4,1,1.0637854031189269,0.636833790311458,1
9767052131,181,8.946211709093836,63,87,1,0,0.13573402361154155,0.09945020899092563,0
9783039471,166,4.768692564636623,57,121,0,0,0.9407182004599484,0.16767853994622098,0
9537465565,267,8.99195274586082,36,8,1,0,1.2702409481147308,0.2367254808234378,0
9871733078,173,8.724854162382716,11,61,2,1,0.5418708107426501,0.36870958067385884,1
9669257257,156,4.664888657413061,3,42,3,1,0.2951025240043599,0.4187836389915665,1
9627630861,163,4.120861495283297,30,144,5,1,1.133615921356735,0.6255502392860753,1
9154181889,47,9.361714142217439,78,35,4,1,1.3605984459782958,0.6774645771441197,2
9877290102,140,7.294064978115157,37,134,1,1,1.019665910658174,0.41241446287493233,1
9800213540,264,9.318330791161719,36,133,1,1,1.284461115952012,0.45121536442030097,1
9548330564,217,8.071260399510223,74,85,5,0,1.4981310059305744,0.4847872625842129,1
9396923045,104,6.288325673268436,13,29,4,1,0.7991405223867761,0.5189202879405255,1
9903869224,180,1.6006013815357627,74,9,3,0,1.4094041922910736,0.49192128649649963,1
9518301429,259,3.2690663895014356,72,52,5,1,0.5821070605141546,0.7356907172543479,2
9618616891,199,9.704002867434719,23,146,2,0,1.1439078251795776,0.14063757127899928,0
9765809276,208,3.5345099377849425,9,56,2,0,1.362052599274506,0.2567488593261881,0
9938829678,230,1.3859212629610225,37,78,5,1,0.8292253690219237,0.6884593224604318,2
9499081485,33,7.221756881233538,42,153,2,0,0.9770542625138315,0.1453854289268573,0
9163640055,253,7.4730404181650005,36,157,4,1,1.4586913725483168,0.6113331463544847,1
9441084390,137,3.2118483427279325,41,103,1,0,0.4516519622533105,0.13693938869099537,0
9569153752,102,3.3278838037898857,31,71,5,0,0.5983690398511042,0.31331967913665393,0
9798453075,142,4.9544833623334465,13,123,2,0,1.1811873678231508,0.17590535045744338,0
9499220865,64,0.7069950227414277,3,182,1,0,0.5773584616951472,0.0376157417971872,0
9509145062,167,7.998568598431054,23,107,5,0,0.8010855809352668,0.26293077986439267,0
9802329669,38,3.512343479104193,9,37,2,0,0.17064079670685836,0.07821210718890602,0
9753364368,220,8.610749469018787,15,149,2,0,0.8916776567833016,0.10958899185243738,0
9705940602,163,8.12498900520032,38,38,5,1,0.9774987374673247,0.6297666471003418,1
9366923864,231,6.783319314628439,17,158,3,1,0.21564629990375725,0.3773277242129096,1
9740147483,124,3.5863112374432426,24,174,4,1,0.44146303677657306,0.4660064962305365,1
9134932801,167,5.405007335781115,6,163,3,1,0.7064614583461517,0.4084486203054982,1
9563797410,268,4.72587794718061,55,117,1,0,1.1937374869735644,0.26725462973732705,0
9773178852,260,3.719377919362405,46,55,1,0,0.13031978207158118,0.1603391721495742,0
9138785284,131,8.557294748380192,2,40,5,1,0.5638893029330146,0.48441251270473284,1
9422938878,272,5.09331720848782,0,17,4,1,0.10684962767506345,0.4717354821524872,1
9479729344,58,8.410869429072893,32,89,2,0,0.8297953453874369,0.12961167496428444,0
9200816295,86,1.4995755043473307,70,17,4,1,0.7982859932728105,0.7057327464739027,2
9523973323,136,1.8397354917031894,73,36,2,0,1.1575204690877243,0.38734229705675527,1
9662098103,206,9.78454289857328,58,137,0,1,0.10548742160436518,0.29217730914297785,0
9729898915,230,6.083800394757851,71,16,0,0,1.1621990663390283,0.2795416165569225,0
9975269422,100,5.342811898240965,31,191,4,1,1.3477178925448374,0.5545290709931555,1
9674278665,17,5.469982599869061,16,173,0,1,0.5443881659226383,0.2337201220456212,0
9415666114,41,2.545053353312168,77,41,0,1,0.5671664702234541,0.48120266952040186,1
9924738421,278,7.327687520268744,16,72,1,0,0.10149682629410209,0.04238070224540067,0
9829104653,200,1.3054159254326665,20,110,2,1,0.7007580278027628,0.4797593055644728,1
9447417167,172,5.946575274478721,54,180,5,1,0.9582196870662895,0.6209941258208769,1
9184928457,70,5.922303567566063,5,175,0,0,0.2717728079754199,0.0,0
9953743196,273,9.184790029268354,48,97,3,0,1.020030861383356,0.27648622301478243,0
9473675785,294,5.498736695996174,25,45,1,1,0.612039738592801,0.44360992827918205,1
9827526219,104,1.8020956117547056,31,60,2,0,1.042197045514826,0.258921831454056,0
9438801501,50,5.941155962857544,71,73,1,0,0.4515361910998831,0.16347380471102876,0
9726019688,158,1.3676126214706574,43,15,3,0,1.1845049381602826,0.3891125744549194,1
9876905984,213,2.4360414353492557,58,141,5,1,0.868394006781001,0.691774783589529,2
9956561796,276,0.7955315497804533,28,117,2,0,0.846472916309234,0.25813037135974265,0
9477460487,11,5.376289033365234,16,32,4,1,0.7834221546134472,0.5084285234865642,1
9603133866,187,1.3030598452889375,17,26,4,0,1.2787647997664267,0.3889317244951706,1
9952909003,203,4.959246596047626,39,89,1,1,0.8759565815469709,0.4669871639663984,1
9988101376,205,9.362977835579368,62,10,5,0,0.3234389448664321,0.3356236060236861,0
9110856760,258,7.337733423683654,74,30,4,0,0.9761285272154021,0.42538262218164435,1
9817439551,221,1.235410905140284,44,148,2,1,0.8197212926619967,0.5354749575910897,1
9569228405,162,2.62999321598401,75,18,3,1,0.19650594390072795,0.6069707946762791,1
9819919059,167,6.899792988987625,78,39,3,1,0.9135133664412242,0.6393574214384287,1
9655590939,148,8.999667679729745,2,46,4,1,0.2111385883159091,0.3943072851078189,1
9257502584,230,0.8127265742575607,2,57,0,1,1.114764599390382,0.4413523663690885,1
9553282922,282,8.218285751345643,37,104,0,1,1.0166930684185738,0.4098337391940811,1
9558410670,163,5.837231863213932,72,154,5,1,0.790558998859112,0.6532869641711929,2
9803535076,258,5.687867590315729,39,185,0,1,1.148298016058377,0.4135913508432165,1
9243932619,288,9.5992252361569,67,198,4,0,0.4930396385744792,0.24852405379505468,0
9236538416,285,7.602623819669344,53,17,4,1,0.7249966212965688,0.6385181087195562,1
9504458992,11,8.576129246533064,19,15,4,1,0.12140370755655161,0.4058382272817228,1
9982124407,97,3.862957910674334,14,144,2,1,1.483610641567543,0.4850444487266799,1
9339101483,296,5.766458387869894,4,101,0,0,0.17875645261712605,0.0,0
9943396919,139,6.3463539355638225,38,90,1,1,0.24623738213147164,0.3549589052956775,1
9466594203,87,3.555047433443418,39,57,5,0,0.7928398285663312,0.35493021022663873,1
9590554734,269,5.917357187000295,6,13,2,0,0.6262645826733706,0.17087679701013422,0
9607971278,250,2.7482261050572814,71,75,5,0,0.8452881456519402,0.47737253088421217,1
9349710469,150,1.862068875148276,32,21,5,0,1.2690159861218662,0.4514370918328446,1
9984081259,237,4.05271746313466,36,193,2,0,0.32206892343980065,0.12571566125516015,0
9271394298,172,7.523251473091151,31,14,4,0,0.9953442740308222,0.3137789618732715,0
9580691132,245,9.203777906701932,42,170,4,0,0.12524954997602517,0.15541794445003315,0
9246835347,137,4.848283489233209,62,127,2,0,1.2060624320252973,0.2870814233055704,0
9184823921,209,6.606825038616601,35,43,4,1,1.241881330102623,0.638727192482249,1
9345186177,40,1.4788527442634545,48,114,0,0,0.6311289159958817,0.119655903655011,0
9628155592,147,9.092405706247122,24,93,2,0,0.3426665489982148,0.06671111740482033,0
9233872126,30,5.901740028914377,65,98,5,1,1.235485502618074,0.6826873799671963,2
9901465363,243,7.913213352438992,8,162,2,1,1.3728926498329725,0.4395885577506888,1
9322036249,211,8.04719140875324,17,111,2,1,0.20542939033954696,0.33510189660237344,0
9268979228,288,2.9365650004970063,21,38,4,1,0.9117294832729493,0.6352187579867898,1
9701308160,140,5.52715730522757,14,37,2,1,1.4134160749847955,0.521617374668778,1
9624458102,157,9.624557639829286,6,164,1,1,1.0012302102581332,0.30201960021969126,0
9968438213,38,1.3515281757978639,12,16,1,1,1.2484482826912857,0.4867287891467133,1
9873138916,171,6.988974031280852,35,91,0,1,0.4217507263439344,0.3255923987859019,0
9889737204,70,9.641508741334134,15,97,2,1,0.2432695226724367,0.28541090449134954,0
9480343354,134,3.3554825265132107,40,111,2,0,0.6266631142089363,0.19316711672024717,0
9384138308,80,8.683755253341307,20,197,5,1,0.653154220790991,0.4420067767881566,1
9543708576,252,9.36974668137858,27,14,4,0,1.2006851668791045,0.32859525984894955,0
9131073264,258,7.597318989250838,73,129,5,1,0.6688122739244975,0.6576396449999296,2
9463657906,230,2.6976189669161035,16,23,3,1,0.43124315624416576,0.51721108447964,1
9278554061,30,3.6730068288526416,64,27,5,0,1.3408767183354675,0.47532912425402435,1
9908346635,91,0.840188296968442,12,132,3,0,1.1957160681743522,0.2506703352839676,0
9737129193,19,8.398805725330874,35,89,2,1,1.0342222909092784,0.4306376728718096,1
9732987923,21,8.57130627185526,57,189,0,0,0.38995770356608106,0.0,0
9898725370,272,6.510747944678831,19,111,1,0,0.3867368383980564,0.0720627786049541,0
9121217066,154,3.8490145870065877,51,103,2,0,0.7878973069871379,0.24067616846104417,0
9174645629,201,1.229704762579245,5,63,2,1,0.84328915764651,0.48778824176663027,1
9966775009,259,7.654047294191639,22,186,0,0,0.45853344062497625,0.0,0
9414093784,123,7.401998839294268,41,78,0,0,0.2727185611838237,0.02995224127052759,0
9697515569,35,9.16972395651956,23,6,3,0,0.6084852008226875,0.15306486995382118,0
9606455224,280,7.440054199550941,4,52,2,1,0.7007165067709643,0.42047199708457106,1
9444079398,42,8.372601951318018,31,10,2,1,0.17355849060490294,0.36430579545677216,1
9979351006,71,7.586568870087995,45,47,4,0,0.8904957763183683,0.2885040000504816,0
9118144439,238,6.491528288967006,16,149,1,0,0.10281493349715139,0.0034061192187207767,0
9166984430,104,4.556180744814588,74,131,4,0,0.3116421355162393,0.28745622065750703,0
9193329834,44,9.070114432101638,26,83,4,1,0.305743436270913,0.41258117250062337,1
9497943702,202,6.684201433120963,67,168,1,0,1.062576432296665,0.21191542134481495,0
9816676523,85,4.284375558676136,22,156,2,0,0.7802484295708588,0.12438397151105607,0
9238491173,258,1.2929583042285937,33,125,3,0,1.2704508327969797,0.3494886002848944,0
9699797587,92,3.26169613109163,20,124,1,0,0.4707881018324187,0.068887551980124,0
9640055702,34,5.665403980886565,21,193,0,0,0.3948041307954815,0.0,0
9228735615,66,3.118536015153848,64,33,2,0,1.2240531268703136,0.3425639430425914,0
9670005117,41,2.60173580522007,31,82,1,1,0.7218857197075531,0.41908879003559896,1
9348807212,21,5.510238383834548,61,62,1,1,0.4839228869997346,0.4277978858339536,1
9716509747,101,2.1132932860094784,27,198,5,1,0.6855637152238548,0.5455914597280822,1
9979097167,10,8.103895601588484,6,185,1,0,0.6953829346696967,0.0,0
9915269809,145,5.101497437755251,53,74,3,1,0.9009507211411026,0.5798127839505359,1
9966953961,205,5.951696352645176,69,13,4,1,0.15273286222952695,0.6063242539024678,1
9844886646,142,1.9001410421748113,13,174,4,0,0.4471286536650989,0.18697041260038078,0
9797424903,95,3.58347518847899,54,43,5,0,0.7536517178641243,0.39276983721528036,1
9908953172,288,4.395851990980953,57,126,1,0,0.8592102930119875,0.23640501126966706,0
9503300480,189,8.178021889906777,43,172,1,0,0.322257848017599,0.04568467908323055,0
9841320455,13,7.816515469318449,45,63,4,1,0.37107139943273226,0.4799470489667731,1
9770718620,135,2.618286010482973,13,48,3,0,1.1186440906792547,0.27606785875571493,0
9932150879,184,6.353701275266573,43,69,2,1,1.1997800257715006,0.5470458544560478,1
9607417092,260,2.812835398833977,40,15,4,0,0.20519949346539781,0.3187032477631733,0
9860852565,30,9.88834797905733,72,95,1,0,1.4861120951583398,0.2261732756703128,0
9122791342,114,9.54517684224327,1,88,3,1,0.7063733918321068,0.37087268491293357,1
9927322145,75,5.851014844945895,4,9,3,1,0.9200513142186475,0.4766939795668871,1
9794205632,272,7.139574432994358,11,118,5,1,0.9311112104378069,0.564341785389938,1
9478452278,58,8.113588630982129,77,181,1,1,0.5844304651368754,0.39498525891130615,1
9935861721,25,7.349484990426587,76,183,0,1,0.8627068545702321,0.3814976693299755,1
9633850538,154,7.148372565282998,46,168,3,0,0.9167629111615819,0.21679774522266043,0
9887044297,259,9.606263075520516,78,109,4,0,1.1650679392649728,0.3905996624722173,1
9175230621,84,6.1663330099191915,34,20,0,1,1.026509402286165,0.4180851321553095,1
9606150032,299,6.544875382281028,18,11,5,0,0.7253479662084298,0.34323658469097257,0
9447364889,291,8.56805312916272,78,48,2,0,0.36786285641461025,0.2584269052198006,0
9610692999,75,6.863963244654864,62,30,4,0,0.13522402879648626,0.25435932451972,0
9592241198,134,7.462859909166464,7,40,5,0,1.0125954604612657,0.2834404696786877,0
9403266535,96,2.724602518868103,22,185,5,1,0.7687868151552465,0.5421591875922123,1
9179540080,50,4.027035779093174,12,96,5,0,1.4517346605691155,0.3382170632525091,0
9230511435,195,1.8993627842629837,22,176,1,1,0.23764361217137156,0.34322488004940876,0
9585802970,275,5.304771702180652,30,16,0,1,0.2016724787399503,0.3733767703559596,1
9877168711,280,4.82941030646234,29,94,5,1,0.3537898690115018,0.5774185272704987,1
9295465560,51,9.97304673565484,41,72,5,1,0.6275674276427942,0.5254815304892773,1
9914011181,102,6.306482201747654,1,112,5,1,0.3452445424141561,0.439201558668727,1
9824465603,194,7.971225820347022,10,155,4,1,0.7493845227836868,0.4470047662232115,1
9858119200,224,3.6731393721977152,24,108,5,0,0.5755910959554029,0.3047265923816092,0
9532114688,26,8.399680647756567,28,92,3,0,1.4992901746482121,0.23505198651803996,0
9919803422,274,6.3433071816329925,21,99,1,1,1.4533844186802758,0.49310311072870394,1
9782407887,123,7.121427150185165,18,130,0,1,0.6107422451154263,0.2761319436116292,0
9430020493,57,3.2970923905198166,72,34,3,1,1.2089392368925795,0.6777075997408718,2
9717892916,106,5.712064721107983,40,67,5,1,0.4383067292088485,0.5688186975184327,1
9817137199,104,6.523351247429282,37,7,1,1,0.18084529646476882,0.3749045539399542,1
9749540676,83,6.09639942025752,28,166,1,1,0.15668326535955948,0.2717785321333902,0
9431508072,77,9.194340258533382,73,106,0,0,0.1408479215421738,0.03835300081599359,0
9557813593,255,9.033590312679259,21,96,0,0,1.1303091980641307,0.09448402001554461,0
9523370685,86,9.724348549830271,7,181,0,0,0.5791117439990807,0.0,0
9777940443,217,6.840566057066399,46,176,4,0,1.2533688691664113,0.3176841382818393,0
9784134337,263,9.733184236194004,5,173,1,0,1.3233675107385556,0.08088922378763193,0
9550773695,230,8.408541000303135,6,52,5,1,0.5277074067525472,0.5112557301400014,1
9307069125,271,3.0729053332296132,35,12,2,0,0.5048010494588909,0.2567179286029782,0
9392536894,268,4.560638860737322,7,139,3,1,0.5310992726136164,0.4387209130514528,1
9600100256,83,2.764728200795593,76,41,0,0,0.7656281779303978,0.23133197627543398,0
9773914536,134,0.5398730278903694,45,187,1,0,0.12232265607234034,0.09568357572732973,0
9618632111,197,2.286463154895632,63,75,5,1,0.11517975610546086,0.6431673462072411,1
9110427148,263,0.5385755697253188,30,182,3,1,1.1296663994883365,0.58773039443523,1
9239094600,244,7.338465382829655,22,86,2,0,1.2314917198751705,0.21928408845773126,0
9488615924,259,4.542575828351396,60,116,3,0,0.38577809785501516,0.2698491284690518,0
9387832652,81,3.4694599072396537,49,107,2,1,0.9314278909135726,0.5164878280227528,1
9266153374,244,7.736348465404285,45,25,5,0,0.4024109178608162,0.3292697952251132,0
9568622282,165,8.408624358886627,42,38,0,1,1.1278987779568286,0.4339443610481799,1
9651970115,124,9.76534561717386,9,181,4,0,0.688724099813154,0.10427941123815886,0
9746442593,237,6.599129054414791,19,31,2,1,1.2518567390268946,0.52948326003025,1
9762027644,254,4.884525106130491,15,12,0,1,1.4279553082723644,0.48822366905245124,1
9165244261,23,3.400010865270641,77,166,3,1,0.8776327375457122,0.5728991314555711,1
9430854893,25,2.6120229875351497,2,22,5,0,1.360934525037886,0.3521345338207912,1
9854517635,51,2.5227965295847117,29,183,3,1,0.1473077060720995,0.38675336637363544,1
9819808101,119,4.387299059838089,17,144,3,0,0.7477677846270717,0.16706787877052487,0
9908194066,287,9.921970375235333,58,55,5,0,0.8048939394001088,0.3770569615585224,1
9348446405,28,0.5081101256553311,69,195,5,0,0.682137611051799,0.36097585848501856,1
9750153441,75,2.3734560236945077,34,172,4,1,0.540779180405245,0.5029120293642954,1
9152764241,176,2.2897333328339515,18,154,1,0,1.1121469813905673,0.160414171106194,0
9649288332,82,7.3126351125567775,25,140,2,1,0.8737551073079567,0.39321565819294024,1
9305358056,121,3.848604912181587,34,160,5,1,0.21538294504069544,0.5084293611253712,1
9388603414,283,4.843977643622296,75,182,1,0,1.4309975026668542,0.3108086352632216,0
9897074258,94,1.9119292394640972,71,51,3,1,1.3425242119694916,0.7094764212294365,2
9610674284,148,4.347471869331003,56,60,4,1,0.5948556886615467,0.6106796868740803,1
9391345738,48,1.4803982131054425,48,164,0,1,0.4446756498825647,0.3543962994286424,1
9639758208,114,5.56391123494154,9,143,4,0,0.9798608152371301,0.2059663630091571,0
9616293975,290,1.4304144711371314,28,153,5,1,0.16063065435008156,0.5659440382016976,1
9301302013,132,8.009829621144984,70,158,1,1,0.7943910496376027,0.4369089705027726,1
9291079221,227,5.88271631663465,67,146,3,0,1.0416754772176016,0.3246917947998297,0
9740270790,70,7.377694800848411,77,83,2,1,0.6693593676564911,0.5102074531752647,1
9124733272,109,4.475905673200497,23,18,4,1,1.4612081650830577,0.6494507783982277,1
9436644820,213,4.1241672858011595,42,104,1,1,1.106410902595917,0.5065793008818961,1
9420343694,267,1.4329844459642043,38,7,1,0,1.4076934563520582,0.3489274014106765,0
9659242304,14,5.476628266906815,24,189,0,1,1.3710476741219668,0.34203951502508756,0
9600198475,206,5.387770566142374,67,126,2,1,0.2843760237912698,0.4801552093945773,1
9571724025,189,4.946969422271251,33,11,1,0,1.036080902987824,0.22811607529128386,0
9727806918,142,7.534924464483268,52,43,2,1,0.9353621277298447,0.523191028420449,1
9372468110,262,8.408791800307368,54,189,3,1,0.17676302110320855,0.4291727275953633,1
9939525268,274,7.632501912010827,52,119,5,1,0.5450419433588989,0.6043816769256047,1
9660148370,102,1.8667245566650164,17,114,4,1,0.8484099224919742,0.5438584960190569,1
9695102523,159,6.409565338180027,6,69,1,0,0.8674163154063627,0.09257517379060318,0
9308304732,147,1.263069504050567,62,29,3,0,1.2397087048034947,0.42980821052781254,1
9953382616,217,7.098911730684526,74,35,0,0,0.9226924731037967,0.23240282267090798,0
9514401952,134,4.127471417330703,41,90,2,1,0.7531090824686724,0.49182676622160565,1
9296223711,243,1.7587400845297227,10,142,5,1,1.1527431610345926,0.6335242983097944,1
9629362416,70,8.689483141273215,8,81,3,1,0.8992459562963118,0.41180238372694566,1
9935025186,275,6.333079220869905,34,141,2,1,1.337259240552371,0.5318074915491791,1
9162994533,143,3.8698871955015113,64,126,5,0,1.3676521359479576,0.4568129433010701,1
9414374105,122,0.7919082066797456,4,12,2,0,0.9461429243815928,0.2275675857789675,0
9473927178,200,5.6044474605343,25,101,1,1,0.8900698326974122,0.42263834373061127,1
9544308322,196,9.27064584561921,50,23,2,0,1.081792153240874,0.25983397490814103,0
9823463111,98,6.1656084106724744,37,34,3,0,1.115717663834983,0.2842821520654616,0
9822468461,196,9.730680743885184,2,13,0,0,1.1180361974972939,0.0676628414397197,0
9712359117,141,1.796285623569356,58,87,1,0,0.9689890986859185,0.263323264359478,0
9613207113,132,5.89889849365095,12,51,4,0,1.1679390510093497,0.28206590419731054,0
9140133569,57,8.08218795606108,34,178,0,1,0.30176181724004325,0.22192516259607226,0
9101912584,297,5.492636945694304,2,94,3,1,1.250063239359641,0.5327959453748253,1
9657425666,188,1.3651303818809897,52,5,1,0,0.5346053758738415,0.25640441385562246,0
9281950548,189,6.037417014698568,54,135,5,0,1.3399628490065172,0.41274653770439923,1
9586764313,108,6.311510105503481,44,166,5,0,0.28455674540106307,0.22320868818208578,0
9965343815,43,7.422737860515849,65,157,2,0,0.105044347771118,0.09074913407301066,0
9181955631,79,7.7315093940720026,66,162,0,1,0.12194167045292903,0.29042155439215417,0
9517330625,180,7.822340538000768,43,5,1,0,0.39422386718747326,0.13968877760648754,0
9805390491,281,6.802721739570178,72,127,4,0,0.25928447369099306,0.2989148093014104,0
9210131828,68,2.5502062709772524,67,150,4,0,0.8754779223620078,0.34433820876504717,0
9373874140,190,4.340239680475054,61,165,4,1,0.7277797887849138,0.5966673651551557,1
9491906457,28,7.8732347398367875,24,141,5,0,0.9484738710481352,0.23030471431440147,0
9567800728,235,9.557556342307725,51,139,1,0,0.3697199002040147,0.08159237858345576,0
9659185931,104,1.249996165947909,49,34,0,0,1.1553746162823302,0.24462833329583805,0
9739915140,90,5.587598439073351,0,81,2,0,0.9546565084819412,0.11900759974895272,0
9739188961,184,3.4689615775809113,38,85,0,0,0.40967202315918394,0.09959977051479776,0
9214348335,231,2.641241996009883,51,17,2,0,0.6584949714565219,0.303174492622664,0
9444337700,112,5.305201493437293,75,17,0,1,1.1054876635657833,0.5391127683733132,1
9244321835,63,6.257848735287099,39,46,0,1,1.052518942772221,0.41275808830922134,1
9563448846,192,0.5928361984850719,59,128,1,0,0.8872736881129889,0.26330880819173785,0
9720044330,77,7.911962435911314,72,105,4,1,1.470625084503156,0.6675647942427764,2
9163923119,37,8.288880246964752,68,82,4,0,0.2845516351660855,0.23254629992301992,0
9312232534,283,9.672352833395363,19,195,4,1,0.7835906766193435,0.4546793138602435,1
9370521669,291,2.2161154656346023,1,111,4,0,0.9736487089057053,0.2905944594810695,0
9982717562,128,6.148249342429006,8,40,0,0,1.4916363243529172,0.13735070014653528,0
9191199914,143,4.5529410480257475,38,39,4,1,0.8596266923406773,0.6086532438379059,1
9178308332,138,3.6808645897758314,29,178,0,1,0.7193186239292959,0.3351978597942056,0
9410927380,17,5.873517788656295,53,177,2,0,1.391208590692225,0.21974615075252468,0
9940860054,60,7.932639385623728,57,60,3,0,0.808936256708383,0.24813067817752124,0
9876796778,290,0.7190014427294961,43,91,3,0,1.4149186226614119,0.4217455507399488,1
9132482294,184,9.709301069378775,42,9,2,1,1.1505729684551742,0.5286238100487424,1
9730133071,192,8.193875064204253,9,176,0,1,0.33504564079648413,0.20532897612512707,0
9733399086,201,7.635960184632995,47,125,4,1,0.3344519300847316,0.5013527093945719,1
9406146420,258,7.723680130714783,16,160,1,0,0.5451632758948204,0.04153543153880104,0
9735786363,244,4.196076741377199,4,91,0,1,0.19473241919592957,0.2815816360736519,0
9979008142,92,7.64039523302573,69,174,0,1,0.8595571891208166,0.38424545323152254,1
9764401699,102,4.174316981728097,73,102,2,0,1.3036392905286287,0.33479491108269827,0
9860357578,277,9.037714880960534,63,163,2,1,0.6600344798536099,0.47286822567757336,1
9658665778,129,2.183612641411462,65,139,1,1,1.0076432943587308,0.5298638436261102,1
9358846478,80,3.277300530043939,70,11,4,0,1.4740752313725851,0.4868947547375163,1
9946770499,26,5.737706655641222,3,8,3,1,0.3712280772233828,0.39737822273244466,1
9892146708,262,3.532504840929089,27,112,5,0,0.6012921148732338,0.3243816623603057,0
9536466133,131,4.530253830305098,37,132,4,1,0.1349857194376776,0.4700185737021935,1
9935621650,19,5.178015549286649,65,36,4,0,0.42465158784496626,0.2981386706166228,0
9535599137,296,8.635356813728333,66,32,5,0,1.1911872918916875,0.47075152659559577,1
9814388813,282,5.470326409282582,59,188,5,0,1.0192263160234738,0.3906132410114259,1
9604021955,219,3.9433685618383247,46,8,0,0,1.197331627667902,0.25425937257808834,0
9129105135,227,2.8534935583336,24,113,1,1,0.6954389325570127,0.4312440825401717,1
9199148148,250,4.382421798525874,65,12,0,0,1.129886925931477,0.28991403619613343,0
9249777971,209,5.399492991936514,78,146,2,0,0.9393799207061294,0.2941650079148307,0
9830556909,225,7.588091143430745,66,34,5,0,0.5597856178744179,0.3876171804237612,1
9346058522,214,1.6499633736372172,68,135,3,1,0.6773652327739111,0.6160509341158895,1
9871401372,225,2.605287288271933,39,134,1,0,0.8578626618843631,0.19643007196686035,0
9327744494,89,4.1067131507523955,49,14,1,0,1.4390087060325107,0.29438382024820586,0
9238556571,276,3.9237848486353886,39,74,4,1,1.4039069385095835,0.7017334144375253,2
9268196386,44,4.2216068322495115,36,123,0,1,1.4810683835480225,0.438302257372102,1
9447600519,298,8.038452014083084,68,75,4,0,0.12297641607907427,0.28926241242715856,0
9363314575,27,3.5794668281406445,16,148,4,1,1.1040517683127065,0.5147326102598371,1
9484942185,174,5.268032713825314,61,74,1,0,1.3525176318225807,0.28973572325280594,0
9573879971,22,6.427116812150016,40,95,3,0,1.1349998758499693,0.23944125002286287,0
9743837953,211,2.705696226744249,75,124,2,1,0.6829611364748233,0.5805036483227146,1
9197169328,238,7.327606177901619,41,154,4,0,1.1147084299769408,0.3005504041290801,0
9802438019,10,5.697557537513669,30,39,5,1,0.7217865978595702,0.5689103679596511,1
9414280025,226,4.744421048798092,32,128,3,0,1.0998738936605725,0.27531848132035824,0
9623496792,43,8.19294825401398,42,116,5,0,1.1924911541313947,0.3127502261142663,0
9196555357,275,2.813204962259229,66,106,4,1,1.280469229127634,0.7447311812815387,2
9878030538,137,8.89017172083607,37,181,3,0,1.1192341679319564,0.1889093728351352,0
9629237254,221,5.829962985983686,40,134,0,1,0.3240263778321457,0.33085694284138656,0
9877895262,272,6.287161354106753,62,198,5,0,1.4107889767195807,0.42688207429040204,1
9569937259,89,8.813060159604957,39,151,2,0,0.3987458190468123,0.06607610970369132,0
9879271753,174,8.267035534568691,29,136,1,1,0.6005961673557866,0.34051711366787013,0
9313808166,261,6.2148396538080535,46,86,0,0,0.7007515960448195,0.13961211567968165,0
9208075916,21,7.6552831865576545,21,108,4,1,1.0973783466998315,0.494672003365288,1
9892787102,221,4.61653515721252,54,45,4,1,1.081731123477383,0.6883426462640692,2
9997846854,291,5.70008865824759,42,60,2,1,1.446414256707105,0.6152686469058816,1
9294468798,121,1.0896662987308559,60,59,5,1,0.3639169467372788,0.6683607046903699,2
9559032887,220,1.3536502210004449,73,163,5,1,0.7310213675445186,0.7128954281200035,2
9286432752,248,8.379541339770155,31,131,2,1,0.38522549109210336,0.38405589618714386,1
9389103785,277,1.0668807289837183,3,154,2,1,1.0415876815149585,0.4838046197006571,1
9895550140,67,2.1092916935097694,44,79,4,1,0.3982432162392099,0.5558443522932547,1
9128186921,43,8.060410260029194,71,180,4,1,1.3150504392553455,0.5982977962569579,1
9820491447,272,0.5108865309684347,19,84,1,1,1.4758367527180791,0.5682531052878816,1
9849589587,44,3.182841124035711,70,132,2,0,0.5435762724990878,0.21826839254479535,0
9473829493,280,6.048367249352907,64,136,3,1,1.135106642549931,0.6262990567804234,1
9340486150,236,6.156774348958318,59,153,1,1,0.8459210462725634,0.4708125666985411,1
9382388277,34,7.882952628179999,25,173,3,0,0.6029907851732264,0.08858012934929384,0
9315721344,243,5.3062994176756195,72,49,0,1,0.3677170841508195,0.4627504570859909,1
9630470059,68,5.339317760544218,22,88,2,1,1.1068913320523754,0.4603884800530878,1
9286455415,260,7.390450467636654,39,12,1,1,0.32224028280569594,0.4250667616583771,1
9213813164,95,5.236932401029693,1,111,5,1,0.4928925202560006,0.4683872469516972,1
9671880809,260,6.28066532235436,25,121,1,0,1.3874561505966634,0.20021008753668063,0
9582343470,189,9.028853648422984,77,13,0,0,0.8117104065584937,0.20620900500594336,0
9965020794,216,4.313784572317534,61,150,0,1,1.2957184454353938,0.5035707985844369,1
9111098252,158,4.158688173732611,43,35,0,1,1.174561665331561,0.4924264750883293,1
9536419446,80,0.5337154227153275,30,39,1,1,0.6267345091581599,0.4621368893597286,1
9692641941,130,6.327549484451703,25,162,4,1,0.40523423660788793,0.4386141812461927,1
9397163893,262,0.7828331203677539,4,22,3,0,0.23987507061571908,0.2192576776961399,0
9165176852,102,5.289410652419004,69,173,5,1,1.4448789791371395,0.7058625496674287,2
9676412373,265,8.140220995806153,34,28,5,1,0.5545818146109316,0.6020338324703046,1
9501745115,263,5.724250169936799,15,90,3,0,1.0423606149958904,0.24727560509359856,0
9287878425,297,3.061543569558422,30,52,5,0,1.1224175349151697,0.4386515813551192,1
9729667598,68,7.968600003769027,13,146,0,0,0.3767562571204752,0.0,0
9576659721,78,3.062311538784119,24,151,5,1,1.0713240796025443,0.5911111510868959,1
9850646231,95,7.463801918986038,78,64,4,1,0.11303553336996866,0.5488319743098972,1
9791612025,283,6.297455324307197,74,97,4,0,0.685484011359647,0.3761552841381379,1
9575764344,236,2.1149648191060115,70,26,0,1,0.5905698788732321,0.5329221409688489,1
9485951356,90,9.098771811019764,17,34,2,1,1.4059392494634444,0.4727774482033762,1
9769547177,123,2.406114988093359,49,147,1,0,1.480435168448233,0.26232884035666765,0
9744344391,193,9.901077204336364,19,25,2,0,0.5031126170238662,0.11127725425749425,0
9185661847,289,0.5694496422219373,55,158,4,1,0.9540046944294502,0.6854638342915373,2
9544191439,63,3.003092082857579,1,104,0,1,1.1433071715721783,0.3482097555943704,0
9343254320,206,2.398672824104889,25,16,1,0,0.36754224133462665,0.16250432840422988,0
9124245082,189,0.632937396619395,22,139,3,1,1.061254679979228,0.5621553128380746,1
9231106084,231,7.457495051399498,31,107,5,1,0.4607807391635641,0.5436537480828337,1
9323598147,283,7.0875451199461645,12,39,4,1,0.336402459136011,0.494284420323634,1
9206541105,253,8.02733416137184,12,72,1,1,1.2909465680055123,0.4410522448908662,1
9411876114,163,2.93863619141337,16,134,1,1,0.8034708127794159,0.3976195299032362,1
9534540131,282,4.721184087288214,57,24,2,0,0.5157493447450548,0.284685712321948,0
9846200123,144,6.761578455404701,26,51,3,1,0.666574829400251,0.4822500380631736,1
9836263334,17,4.677800786937365,16,88,2,1,0.6784391796948676,0.3898124254534691,1
9819621321,137,7.1245948180202,37,16,2,1,1.1780481492993704,0.5356539734330154,1
9355679320,65,6.5227473801842,13,57,2,0,1.3414613173114514,0.18878572284849707,0
9510321041,135,1.5891541287106765,13,21,2,1,0.7659279473774228,0.49559150414076275,1
9171537554,168,7.9199096502311965,11,22,4,1,0.5520406521008635,0.4857559624493293,1
9631971747,68,7.346425411378924,68,108,3,0,1.1181705131595383,0.29515668997593086,0
9742973641,67,6.7304266823653505,67,156,2,1,1.3674357631191942,0.5419438380525858,1
9966585568,149,1.9733892595745222,54,76,4,1,0.2597191097108827,0.586718955383745,1
9847087286,185,3.045966263555955,62,169,5,1,1.2155365493686696,0.7136461240949021,2
9471980529,117,4.235181800082204,28,109,4,0,0.8800405521924684,0.2704826846621098,0
9757060420,220,3.1593314057362125,44,162,1,0,1.3146471484734066,0.24051234761464085,0
9821615534,83,2.6641977614232486,3,88,1,0,0.8197469163313208,0.09528259015601281,0
9612216171,176,8.15089786653687,15,56,0,1,1.3076061004223347,0.39178529098557113,1
9584459745,242,6.563206340421923,65,155,4,1,0.8762776147196157,0.6156781710146242,1
9251861908,191,5.871985249727378,22,41,0,0,0.30283516692516593,0.04580973036762469,0
9511090896,131,2.646550753105912,67,127,4,0,0.10692407930084427,0.2792556138121637,0
9866419605,212,9.221727341552093,19,101,2,1,0.9680192327750078,0.42228491316770916,1
9201526959,38,2.3162388714245044,16,156,2,0,0.928956018256748,0.13981318906704904,0
9367455268,211,8.052033861834433,51,104,0,0,0.39431340111176627,0.06970986845806541,0
9709762958,102,9.683390333700284,5,124,2,1,1.2908842358825519,0.3831554243015028,1
9559965403,185,7.407380927630243,38,54,2,0,1.3148643597793814,0.26472848537529614,0
9985562822,220,9.932158364253983,33,152,1,1,1.22584996012191,0.408832761510248,1
9300563871,193,6.684985611290494,53,51,2,1,1.4112213754713177,0.6023434043877389,1
9692537098,104,2.5658732642370023,64,22,1,0,0.8093285965817604,0.2710622857523005,0
9129565896,282,2.436285190306857,28,126,3,0,1.0832290677145808,0.3079520658420674,0
9705186637,146,3.583360700427025,40,30,4,1,1.3662535756741125,0.6908834340091027,2
9667002188,246,0.5677351920995576,62,124,1,0,0.7387472896561523,0.2689368524535436,0
9505772796,274,6.976135465786928,31,75,5,0,0.9657988089548777,0.3574988981518089,1
9351060664,144,3.052343953964362,65,47,5,0,0.8179060063697949,0.44267059331680303,1
9708916376,153,8.244240706781152,44,51,1,0,1.4765530626406758,0.2365554790355073,0
9205399615,28,3.9121401803133526,16,89,1,0,0.7126810141425368,0.08154270620001089,0
9686004258,240,5.05958668790147,42,47,5,0,0.543844576998761,0.35954630898503365,1
9516813318,143,9.674044707323509,65,132,4,1,0.9814838351374976,0.5760728570619511,1
9938139476,123,2.8006351689491322,67,164,4,1,0.4929739928921334,0.5830992571196666,1
9855232401,148,7.351913925582526,33,11,4,1,1.300593682851954,0.6320649415019111,1
9762794050,134,7.673618998401463,0,36,5,0,1.3491319791812526,0.30754574285426606,0
9927713065,213,2.599482496474534,22,92,2,0,0.5830985628987048,0.1870780375901502,0
9865361525,70,5.259469947815859,5,69,1,1,0.6017176664670522,0.32850914726892266,0
9940915580,259,3.8269182904731993,15,62,4,0,0.2212768279674986,0.2284468665370881,0
9926506992,22,7.833109312300847,1,185,3,1,0.4582448341989821,0.2886087350229344,0
9167951050,264,6.4135915307758555,75,96,5,1,0.19505949710093293,0.6375940412828016,1
9491228695,94,5.021839021175197,26,38,4,0,1.1601253570140457,0.3195196412542498,0
9651449275,29,7.903951017953323,18,94,0,0,0.35244655419189364,0.0,0
9395094573,59,2.733977915079962,27,188,0,0,0.21051051694057116,0.0,0
9547147538,173,7.659407865551412,34,70,1,0,0.33005255122215493,0.07932674509337498,0
9543323971,101,8.721055964881831,67,164,1,0,0.6282665868378464,0.11042265217529289,0
9474637669,97,8.846905169671938,48,102,1,0,0.6914907347841762,0.10368269280470453,0
9436669225,78,7.944899133686237,6,54,2,0,1.3580101566292675,0.16292242919127725,0
9767973919,46,4.376134586483554,36,28,5,0,0.491455079174145,0.30572766112976135,0
9203769254,262,9.827176215819357,24,178,0,0,1.104817838699495,0.04951869272077376,0
9197163884,261,4.106139616313179,40,135,0,0,1.3528744907805161,0.20517126349790377,0
9441103597,149,6.566941291473044,61,118,1,1,1.299380835964189,0.5191057381513595,1
9163975459,177,2.0302046916599523,40,14,5,0,0.3785567546519476,0.3712643542583143,1
9467899367,63,9.81426453704573,13,138,0,1,0.49160800195785914,0.19827178579039434,0
9724015076,187,7.187866257714301,53,102,0,1,0.17622662642976514,0.3330094667456669,0
9719295072,115,7.657086679840499,1,56,2,1,0.7766069768573222,0.37422446373145934,1
9511246243,146,1.1248786824058739,78,54,3,0,0.6673910932927959,0.3860217203395983,1
9924063874,199,7.752469235096382,47,114,1,1,0.8634252595274479,0.43639806698880396,1
9749347144,137,7.859872577595713,50,62,3,1,0.7410285128334745,0.5246382839422017,1
9415128455,56,6.881840900441183,54,184,3,0,1.130119106962302,0.22946553536351538,0
9602322528,14,3.2731413310082647,11,17,2,0,1.0377709066713339,0.19323814616179422,0
9501839173,266,5.152055400528375,68,129,0,0,0.7000444079061204,0.1816139974757273,0
9550955688,159,1.5491265274328065,0,63,1,0,0.15298064806476602,0.05466815943857825,0
9603180262,252,4.980077131361949,58,171,4,0,0.5813248855034819,0.2981980606840744,0
9398173123,284,2.816326599703846,72,57,3,0,0.5538544533260334,0.3738999485360113,1
9926394380,217,3.8164213716937794,33,190,5,1,0.22510120617482995,0.5183317549473209,1
9181861168,124,2.0447038798351365,45,24,3,1,0.5259286259434646,0.5728916552218607,1
9451599419,204,2.6855164935955216,58,195,2,1,1.48231159280051,0.6010511932129149,1
9390393729,179,1.2274020972911044,65,100,3,0,1.2497520379678086,0.41122475272197717,1
9828437691,91,9.239062981150752,18,14,3,1,1.2222936106087827,0.5055731441659115,1
9316279556,163,5.538901535766332,27,158,3,0,1.280626214380464,0.24442499396312634,0
9400353963,150,4.2690487269960276,39,151,2,0,1.3110714987332752,0.2463499951240407,0
9702017951,155,5.582777521303447,56,65,0,0,0.5554978636253578,0.13449974671273493,0
9271849876,131,6.46878567057475,50,81,5,1,0.5511652003834195,0.5954477293324468,1
9190827527,261,9.257848537008817,21,122,3,1,0.5710281696806369,0.42527919791757063,1
9658685413,98,2.1975830467199766,67,166,1,0,1.2459629632657592,0.2610278923645847,0
9498624455,67,3.3077487370345673,7,88,5,1,1.2162382179189528,0.5958722679725263,1
9748013361,72,9.76999869526909,59,176,3,1,0.12366391731106952,0.3735496857340993,1
9873660738,289,4.026333373160982,64,22,3,1,1.4288483342090001,0.7452124662938149,2
9241552629,81,0.7143356821946125,35,125,1,1,0.49979233453784266,0.41325305195820583,1
9419261052,18,1.9026131800530086,70,116,2,0,0.9765962227122115,0.28666018856482933,0
9988451129,103,0.7502176666112441,28,76,4,0,0.9958809224346284,0.3389697653594871,0
9456490498,161,9.90426985299692,64,148,1,1,0.2587378478403795,0.3491306368382159,0
9917439061,49,3.1492730654166188,55,108,4,1,1.0740491898893647,0.629911292668391,1
9827940933,71,9.273656190894147,3,81,0,0,0.8470105404570198,0.0,0
9324793729,263,9.9609196197173,71,30,0,0,0.9552675476910816,0.20998440361965548,0
9651802027,78,6.198491600859585,49,197,3,1,0.7256955624982664,0.4572515682894771,1
9795094017,254,0.8153649931228366,38,198,5,0,1.2261076180655386,0.41158186758372395,1
9585091941,179,1.275120488675806,34,107,3,1,0.9892249069843909,0.5861388763073506,1
9348177872,187,5.075096023524838,24,159,2,1,0.3700990789252604,0.3758774038553998,1
9943326934,198,4.358634122659117,77,8,4,0,1.1538154198852881,0.4842042409143251,1
9458928499,269,6.258684404926793,43,55,0,0,0.8035873408252802,0.16230960137324543,0
9358309383,81,4.669054192257957,46,135,0,1,0.1521846096121903,0.2998335028463674,0
9445637525,26,9.373730068079102,39,91,3,1,0.6527815668774536,0.42703236054167865,1
9367562795,66,5.580027296428355,30,70,3,0,0.6624181680175016,0.19462985260495994,0
9481253049,227,7.090397583893201,68,148,2,1,1.2220069338582786,0.5690893943896084,1
9991743779,116,9.016610090103717,73,32,3,1,0.42755337077885014,0.5342904167455508,1
9852920396,182,1.8952828204154701,42,48,5,1,0.7335492910883962,0.6843158544189551,2
9679648988,228,2.682479214126021,54,150,3,1,0.17616952970611316,0.5082505929952215,1
9916064798,256,1.519527274503143,15,6,5,1,1.3340157303720608,0.7408642270172763,2
9120778286,227,1.8265647926841666,67,176,5,0,0.7213547120078508,0.40792712126206543,1
9963003640,40,5.369547685875215,68,152,2,1,1.2992306881538553,0.5471397770146267,1
9832197174,56,3.551202960190908,41,60,3,1,1.0481316229648807,0.5723446925668282,1
9253878735,143,4.520141975504171,40,124,5,1,0.547794366586234,0.5776269536176315,1
9784952169,117,9.833653402043588,49,108,5,0,1.0977895644268338,0.32118090690669704,0
9515222205,81,1.988691304061507,5,155,3,0,0.7563898853596578,0.15425249059442087,0
9841694109,117,5.637714672581718,74,122,3,0,0.5777284697635463,0.2703748403006449,0
9960586616,281,1.4392759730096842,52,64,4,0,1.0350990880646,0.4428739122249692,1
9408406326,180,3.5257149760068467,16,177,0,0,1.1840705722988918,0.09527988896378485,0
9126471311,125,5.511496274908687,56,51,1,0,1.0640573354788156,0.23938225829188695,0
9105311499,83,9.493001586670708,66,82,0,1,0.7480043235111722,0.38547783311462547,1
9519066512,265,4.216668102193088,15,169,4,1,0.4630317972813953,0.4808804651141171,1
9318412431,90,1.1166136140393634,51,140,1,1,1.2345541956366177,0.5274971401079219,1
9808290443,277,4.1875337556230114,33,137,0,0,0.5853063762305615,0.09960302674685789,0
9295206099,137,1.8845411708027884,19,27,2,0,0.9581375164104979,0.24614534125295967,0
9860972943,244,2.6849013262687302,79,109,4,0,0.2614881443706767,0.3634764280759231,1
9669196061,50,6.371860920067409,55,14,2,0,1.1363893763222799,0.27798772745119793,0
9614661654,190,1.1405267289349759,50,117,2,0,1.434077976575977,0.35106970310856417,1
9741306971,166,4.914875684375355,52,31,0,0,0.7290036163845489,0.1742685924203083,0
9754621799,68,6.2898850671022615,48,103,5,1,0.8677007613200868,0.6032788038865167,1
9186012533,258,4.507654727491221,3,5,1,0,1.359285909138211,0.2260724523666907,0
9860213351,201,0.6817003309254384,17,75,5,1,1.2134174910664617,0.6917796949568701,2
9179885559,33,9.862433890577222,35,119,3,0,1.447192082405089,0.215363843201684,0
9271614571,89,3.987599789735085,34,140,3,0,0.4724909245731097,0.17108104680528552,0
9495279992,143,7.896483275866036,29,143,4,0,0.7579902387241813,0.2040843626698427,0
9836837917,222,3.593641675780806,62,131,2,1,0.7379003654288141,0.546624343742088,1
9190013844,175,5.0126591914374785,20,120,4,1,0.7623425954956414,0.518995867828894,1
9499127635,80,4.190404604804467,51,160,0,1,1.378376076477453,0.4512036072529741,1
9630796485,223,3.754122680341273,68,38,2,1,0.3877209823506361,0.5629437123846477,1
9130267797,74,0.7075880834738981,40,175,3,0,1.3528563609083772,0.3080850396406518,0
9482786513,230,3.9201989096177834,53,160,0,1,0.8995775166965014,0.44149024842150003,1
9262787783,295,8.950154908795536,29,181,0,1,0.8515795687732453,0.32820435601390974,0
9122636262,194,7.058736716639995,55,193,5,0,0.6830997571154643,0.29625046358750917,0
9592573471,216,1.8815171614066784,78,169,4,0,0.8555016905986811,0.4046819969349616,1
9648525216,108,6.115972543916023,40,135,4,0,1.2246063341397522,0.300861089569778,0
9565945588,251,8.97619316951428,13,13,5,1,0.7891277378306888,0.5766643438388446,1
9426707983,167,7.150323389166127,20,93,1,1,1.1864317728591691,0.4236012654064401,1
9129370827,107,1.912501727388619,24,134,3,1,0.6832915842704632,0.4865783027171254,1
9237559589,51,8.744408718977718,49,27,3,0,0.35605422596247327,0.18014360248776418,0
9784205555,148,3.3646681262442213,52,183,4,0,0.6805277339304237,0.28225397722338685,0
9996551649,292,4.813723370967247,47,149,3,0,1.112681714049219,0.316873791900966,0
9371051260,236,5.49835621704689,69,157,3,0,1.2924526008748694,0.36079737083375496,1
9255307661,81,8.579812741592855,47,159,0,1,1.180275274371732,0.36652528002549356,1
9605298723,252,9.35027120390278,3,24,5,0,0.6242359952380948,0.24465506498173795,0
9328184544,27,9.331702339010283,23,77,5,0,0.9108083794191232,0.23776657746217142,0
9156318065,86,0.5755647221461361,30,168,2,0,0.6046337289055019,0.16008260413623998,0
9493738988,54,9.257940613061844,74,160,2,0,1.0862960591378676,0.20816023973980202,0
9573032257,149,1.0166761770149373,28,33,1,1,0.7110330786725205,0.48335718864985655,1
9662252136,186,3.024849739765636,4,124,2,0,1.1707721870354133,0.18879446556706198,0
9476422740,231,5.392384619914413,66,174,5,0,0.11791462061584362,0.29254113903492823,0
9513698817,101,5.059294045541743,74,62,3,1,0.5762149661515027,0.5828676007250126,1
9902977754,31,6.244743041930224,52,122,5,0,1.3295114255149993,0.3688711212253038,1
9331078856,181,5.054739173001555,63,36,0,1,0.5529628422035447,0.4577153376550734,1
9141765312,101,9.376568956583997,34,144,5,0,0.6526701225395146,0.21723492055906707,0
9338475082,201,2.7852140580385765,11,162,2,0,1.207024187807656,0.19677033384045572,0
9423351362,86,3.1032345933656154,46,64,3,1,0.23246211062990443,0.4970899714885345,1
9731280819,290,9.247010389084034,54,143,5,0,0.5366495369630393,0.30076715309988966,0
9227575741,188,1.2290253805799343,68,105,3,1,1.1842543258077691,0.6899955478633065,2
9946978454,247,6.290827808095694,37,143,4,0,1.4398244774974285,0.3509056702692098,1
9926295961,144,6.976491544623302,28,116,5,1,1.195970930657983,0.6031986131434783,1
9532049347,289,5.302646372582525,11,115,4,1,0.3413774142295117,0.4776501999032178,1
9629726929,28,7.095202848819803,18,84,2,1,1.26902689179833,0.4411074594966286,1
9167342646,92,2.1411691371136863,8,103,4,1,0.7660850107074293,0.5132695049728606,1
9794771973,237,8.600006211329628,28,182,3,0,1.196207655068676,0.20754484407228557,0
9827532962,274,1.830244049963913,2,5,3,1,0.4350963987338269,0.5173153059151591,1
9255804053,121,4.307718220999622,29,93,4,0,0.5775856091977146,0.24463432111839692,0
9420350350,260,1.2149472124279552,57,117,0,0,1.3622922053352209,0.28797903142442444,0
9385939003,173,5.6795052487653015,52,31,4,0,1.3751196930557559,0.4204936335148405,1
9535616868,177,6.862585170543572,3,120,0,0,0.49924580840734667,0.0,0
9705774067,230,9.44160553340526,56,36,4,1,0.2169729338531961,0.5380708189948538,1
9995545833,200,7.523693861012008,53,10,3,1,1.4006209163802406,0.6573735169668181,2
9104952075,179,5.640477706314435,27,45,5,0,0.5205656745525412,0.30076548180386503,0
9875650542,54,9.35986166311817,15,168,3,1,0.26816713641434076,0.2960117164123029,0
9732128048,23,5.0451499613883275,12,171,4,1,0.5873596420059971,0.41357469083739307,1
9599789865,240,5.831453704439259,71,91,1,0,0.49479863417062275,0.21164839164720364,0
9270650277,166,6.162936012865909,55,162,0,0,0.21277968422915167,0.03859499661977393,0
9389694289,143,4.394807395922385,52,61,1,0,1.4772348676706302,0.2931638287027404,0
9649541292,46,8.46558556037533,47,143,3,1,0.5112790843028566,0.4182831300585056,1
9661022754,62,2.2591714190280614,24,94,0,0,0.4813312482395472,0.05418302609374227,0
9848629149,27,5.7710008085302755,65,135,5,1,0.687902736131901,0.5992463186334648,1
9649645527,47,7.361215933778343,29,52,4,0,0.6807504385554585,0.22113879475464826,0
9239505641,196,9.087773632827483,2,138,0,1,0.7073585746206539,0.24359641202721538,0
9607049629,205,8.897224766125644,22,11,0,1,1.3692819560581195,0.4362138042001333,1
9340197765,252,5.333032749586349,28,48,2,1,0.18433095206096817,0.43232332125228007,1
9706784578,44,6.610033786051746,40,65,5,0,1.418303063999721,0.38010929558067896,1
9271929423,224,4.245258493228359,10,186,0,0,1.0322886724428793,0.062164872107738536,0
9334845107,228,4.9476887473619025,20,183,5,1,1.076515068702165,0.584109543275917,1
9395214605,99,9.10952502944397,23,90,3,0,0.3209928552954352,0.09435484228212457,0
9447545672,261,9.341687935328503,64,52,5,1,0.5607758373894329,0.6427928452627899,1
9411505294,17,9.006433551636688,0,65,1,1,0.17310714132617158,0.20872898767283368,0
9757044884,265,1.814523187229563,53,101,1,1,1.0143106540813964,0.5633596669096795,1
9198328226,217,8.575798202641044,71,172,5,1,0.575788789643901,0.5978017429922423,1
9845282113,140,9.509455444704063,33,135,4,1,0.8717548839933548,0.4905804540760873,1
9760527962,233,3.9318720984492446,79,162,2,1,1.1538196327254409,0.6181592240789953,1
9937308545,206,5.427139749505858,67,156,1,1,0.8749477449800801,0.4915513857368728,1
9512745169,151,7.901404930223461,28,199,1,1,0.20009294007932493,0.2569609603135041,0
9990445005,261,5.839742306873663,2,6,0,0,0.18629619359483526,0.023378635548896274,0
9413710545,105,9.93809345620937,10,48,5,0,1.3140208619550524,0.28492538196009387,0
9705470463,35,4.82927696898987,7,172,3,0,0.4670092513411209,0.0691731198663894,0
9884822537,120,7.282455756470087,61,23,5,1,0.6070950265818904,0.6432119341121859,1
9411301656,132,8.029615831867169,32,195,5,0,0.405754949116401,0.1820352039115621,0
9422824129,195,5.1939539497051745,7,156,3,1,1.0784333400312913,0.4688345534072929,1
9669189144,177,8.64134615425807,24,54,4,1,0.640538075471987,0.5033684152055415,1
9581098549,60,5.688468616468366,25,24,3,0,0.7388556047669109,0.21265104917440897,0
9373708320,14,4.410682569615498,25,61,1,1,1.0442493315612622,0.42586506228529886,1
9841986467,86,1.5243249015934968,16,117,0,0,0.9722902515736953,0.0988162647030548,0
9556859742,169,4.2374289753290295,28,54,3,0,1.184081716295491,0.30430732491817725,0
9697850944,217,7.4723963199662,42,99,2,0,1.1483485508053248,0.23899973692371124,0
9556352877,266,9.25222091096102,72,109,2,1,0.7158523070903992,0.5213089592526491,1
9736778831,214,2.890954336672948,77,190,2,0,0.368596641761161,0.23285681163793057,0
9163607605,264,3.874737414639775,4,163,3,1,0.41250757475652644,0.41290405999510593,1
9440730093,20,1.962629443992049,49,169,0,1,1.0894334412674476,0.4182637929575225,1
9850926204,17,7.061867495175203,55,111,3,1,0.46580535179239557,0.4559375656063184,1
9390045363,41,9.62179008509429,62,97,1,1,0.7166363270281634,0.3964682115555815,1
9111021186,37,6.589046088557668,56,8,3,1,0.2510678517294784,0.4949262558115122,1
9971008738,215,6.36222703505915,44,190,5,1,0.27116250646354667,0.5175261096882492,1
9738502824,237,5.758154339754123,36,142,2,0,0.4499266332870444,0.14609334391739587,0
9422984837,137,1.340329536512597,71,67,2,0,0.21876646787622955,0.26095135504032974,0
9728671512,264,7.430286351079144,78,168,5,1,0.4843845739526157,0.6308627126613642,1
9814282636,221,6.219470663718833,35,187,0,0,0.8954696764201553,0.07700604653912597,0
9604806516,248,6.784029304134727,32,61,4,1,1.1426762919746671,0.6193461367206767,1
9622963425,216,9.038705383760504,5,175,2,0,0.14578378752394178,0.0,0
9392797831,292,7.94762747707967,75,109,2,0,0.9408634958802563,0.2976487564473414,0
9210861281,254,7.918694895467998,70,69,4,0,0.6084610309603861,0.3447243183029637,0
9126231747,54,9.308245804353803,44,144,3,0,0.4172978173875179,0.11177678843425655,0
9680534808,114,9.904382038898497,6,66,2,1,0.14460086639176412,0.2773995195002298,0
9443448748,290,6.022185953630066,64,156,0,0,0.5563120976163147,0.13782455360373033,0
9312727739,243,1.5343753522960746,23,134,3,0,1.2055494797821065,0.3078034333462999,0
9214777099,198,4.861734123866646,44,179,3,1,0.8420320607839138,0.5170030378076699,1
9624136575,53,7.982210891385622,60,130,2,1,1.1859022488292108,0.49865507249621127,1
9883822431,234,0.7633905852375673,18,188,3,0,0.6772981152747389,0.21301508681011785,0
9504975707,151,1.040430664383416,31,148,3,0,1.2805559728253808,0.3091982154331114,0
9365498252,145,1.1379989326368025,29,166,0,1,0.31049616011242964,0.32452021868851666,0
9900793118,185,7.4448397041189525,64,150,3,0,1.2480471422921073,0.3107609139589588,0
9126379085,151,5.261082971350135,31,33,5,0,0.7664004009026305,0.3423517191187807,0
9641617683,89,4.004530463445639,56,186,2,1,1.1444051418349335,0.5140075847921778,1
9913946513,91,1.5033619299864918,19,55,2,0,0.43659099228688913,0.16186724258125545,0
9219196636,144,7.456282376955946,29,18,5,1,0.7806198101045045,0.5988489886890692,1
9553826363,216,3.549688200233547,58,98,5,1,1.125909189733653,0.7316128443652358,2
9535718590,186,3.0205786656143383,61,62,5,0,0.7772572939408243,0.43287393128552676,1
9704844421,252,6.697032414758734,66,167,4,1,0.7413429849551968,0.5967967692175188,1
9101428127,64,5.810603479669997,30,141,1,0,1.2349255659494869,0.13653049282456514,0
9175968554,150,3.9429010972263656,65,132,4,0,0.32728862899312994,0.28820982231245923,0
9613626365,65,6.594130972653087,53,41,0,0,0.7651423601719525,0.1287708448821306,0
9540462465,24,3.0766044436491224,9,107,0,0,1.2513244160690826,0.0863896766045004,0
9745108795,194,8.050887485241105,37,16,2,0,1.2833548822939675,0.2723752693857162,0
9593054614,97,2.6785300279227124,30,89,1,1,0.26558282723572824,0.3725942455998816,1
9752941778,106,2.008958106129149,28,143,4,1,1.2902140798916757,0.606484858980118,1
9686094878,153,7.933174390239312,24,31,1,1,0.11701476806360663,0.322143679484761,0
9363494642,17,7.224974291630365,31,92,2,0,1.2977822797817755,0.18531751540758198,0
9376772356,224,2.2350702691670854,16,175,3,1,0.4706756568530046,0.4498935689256889,1
9232120018,182,1.6043346505544107,44,182,2,0,0.909436035612749,0.23441364180021024,0
9923699361,232,8.464791340623574,48,102,2,0,0.11348102439580243,0.11890689350668009,0
9349811585,49,7.877685580868536,17,24,1,1,1.1240897675041563,0.40367521179674304,1
9118268849,191,3.60894505014681,74,145,0,1,0.7041861558210422,0.4661283314300968,1
9348165628,279,6.7528753780269835,51,51,3,1,1.284120142720178,0.6487099125900977,1
9613238942,196,1.6795217722042026,19,12,3,0,0.8777280031708101,0.3061897657807135,0
9937669943,254,5.316952760952942,61,75,0,0,1.268519537905972,0.2559022447506146,0
9303388366,240,0.6779377745739887,12,68,1,1,0.9563304663641383,0.4876244026688087,1
9874542294,164,4.2202178687547764,42,48,1,1,1.1442175848200915,0.5248968290866869,1
9832999560,184,1.2110068039783484,20,16,0,0,1.1471671477990903,0.2091946427548173,0
9710956386,124,5.013898211490384,5,109,4,1,0.4453226291656225,0.4390886036286568,1
9420532628,27,4.505975645102496,70,8,1,0,0.9081509198439716,0.25960640264004664,0
9621344328,281,4.721657753061532,52,44,0,0,1.3234086455589804,0.27208247776367256,0
9240428443,21,0.9306473694559436,51,151,4,0,1.3304270743208162,0.3693334804850266,1
9328815037,201,3.935355242177408,68,186,2,0,0.6385907051076478,0.23100662170678876,0
9166088429,241,7.686596566449206,8,5,3,0,0.554851742922337,0.1861097170199566,0
9533988466,102,4.004686546859391,73,123,0,1,1.0155545089615654,0.4837603025130752,1
9863500806,227,7.294133549791017,45,145,1,1,1.1898920929774095,0.4685407818931303,1
9925326671,287,4.010047874520466,74,54,3,1,0.14965642040351318,0.5978715292875093,1
9922993295,38,4.5207746941567715,70,185,4,0,0.23080487726208931,0.22458062227490277,0
9367541243,86,5.856975071878028,29,174,3,1,1.190224795024416,0.48572660787372696,1
9607028064,18,9.531478399667284,42,113,5,1,0.7115189538177054,0.5138045336621173,1
9140467715,33,1.5341742431432241,58,157,0,1,1.0347074259630011,0.44655480019784144,1
9672045059,24,0.81268080228115,37,48,2,0,1.2485089056007095,0.2937188990447113,0
9374750224,173,6.275593246195429,33,113,4,1,1.1595236214967806,0.5837190489586019,1
9594863718,22,9.51642234482005,45,102,4,1,1.233604962490034,0.5459521940276302,1
9341607475,181,9.902369759269792,31,193,4,0,0.8194320474167641,0.17702007524544086,0
9846261724,209,5.099560350224017,15,85,3,1,0.32088138862383536,0.43629437576550534,1
9632128563,85,4.946775400308435,38,153,2,1,0.7629115238739915,0.43185474472784446,1
9768828067,173,6.627155822079364,0,183,0,0,1.4486038851671545,0.04893992968843951,0
9216142203,70,5.778530193447213,56,80,0,1,0.5276349537894747,0.37864049880003703,1
9520975013,254,6.523836547334122,19,84,3,0,0.6869792899975039,0.2046348095650243,0
9856272358,164,8.802994542609994,41,56,5,1,1.171608709505198,0.642940443962637,1
9661396798,266,7.589908610132288,71,67,0,0,0.20636275412523936,0.13086796050677454,0
9280790756,253,5.220335221024558,33,88,0,0,1.1598660456959524,0.1742565694978863,0
9686710643,171,4.887712360501611,49,186,2,0,0.4838977368785774,0.15026518009940992,0
9764854206,77,6.576216610874602,10,142,3,0,0.4742583228211179,0.08202973274137228,0
9958068541,286,4.829209701992826,42,91,3,1,0.9153926033738351,0.5891632626476131,1
9761750527,170,4.848903837023578,9,115,4,0,0.4574019953596469,0.18078472673220802,0
9935897340,268,0.6549060669717958,7,63,0,0,0.9976169436582635,0.16757182710199672,0
9547691234,104,2.15360930536943,71,12,1,1,1.372392265056379,0.6443270934756656,1
9605772550,255,5.140879579959654,18,55,5,1,0.666487937152941,0.5992879974988372,1
9209541530,230,8.315207860978507,64,137,2,1,1.4209747755062532,0.5755678120623415,1
9804931931,132,3.1479065639076795,54,80,2,0,1.4191678464218498,0.3372252628037298,0
9433022733,196,5.465112614745916,51,174,5,1,0.39059670791633616,0.5613069202396761,1
9859724486,271,3.777139805212706,2,82,5,0,0.7045012411554102,0.2949811379427634,0
9688748796,282,1.4956379006260958,52,128,1,1,1.486159535893518,0.6125914894997091,1
9182913877,69,9.603835589177356,43,16,4,1,0.2798872496193314,0.48149044288419157,1
9147378941,134,8.619401767377866,47,28,1,1,0.7654945119040145,0.4399098535532806,1
9813625985,60,1.245678032435611,53,49,5,0,0.7046297043875217,0.40035742813727526,1
9674682685,187,7.337978993448704,15,57,5,0,1.2339922556076968,0.3351399894182059,0
9824048276,148,3.802009091396252,29,185,1,0,0.32691997160267566,0.049822954162232744,0
9182430197,179,9.95107316708703,27,149,4,0,0.41011409657874476,0.13978414691773838,0
9273249253,48,3.372785938375288,15,197,1,0,0.3457745998713443,0.0,0
9142147406,78,2.768015230944699,50,122,4,0,0.33328180496202836,0.255077633824107,0
9452823956,245,5.89496020890135,32,190,5,0,0.4609018251737764,0.24690202984737022,0
9144194441,57,8.43369855176044,24,41,5,0,0.8395092178251385,0.26823672351789135,0
9877280982,66,2.328929282288081,17,79,5,0,1.089649255324697,0.3391607592515067,0
9688881721,286,7.239326312333647,25,174,0,0,0.6324327846569072,0.03453668507749176,0
9914733175,108,1.083362539840656,5,83,4,0,0.7247210640946167,0.2485161772132661,0
9251655846,24,9.229880059549725,37,172,5,0,1.2093508723590856,0.2580135439684936,0
9610878596,188,1.2702117033993385,43,27,3,1,0.8353058442207214,0.6303774941990279,1
9415681804,71,9.185198075269543,66,155,3,1,0.9256888209102946,0.5027936149393342,1
9152058324,128,5.162668869800677,42,53,1,1,0.8251629894232614,0.4632008656265166,1
9462080217,46,4.756865571561239,5,132,3,1,1.2056127265176952,0.4571078069900552,1
9655334124,143,9.746417255253577,77,139,4,0,0.35687460823236405,0.24375127925817408,0
9954081204,35,9.908649688133082,63,41,0,1,1.4737525838145908,0.4685298471334873,1
9321350225,17,6.676692196629614,79,148,4,1,1.3311996088466767,0.6439069800353792,1
9377526500,13,1.707633272641961,12,42,2,0,0.6603642439074342,0.15621877666385528,0
9283108255,30,5.3086158137244235,64,103,1,0,0.6811286699018226,0.16253205062352566,0
9621445840,158,5.5270494590787935,37,172,5,1,1.2885914069887972,0.6276897086630436,1
9571313378,34,5.3872410672854425,63,33,0,1,0.7237904835552101,0.4365246318858666,1
9168080112,152,5.910172465940092,13,107,1,0,0.8114286432935246,0.08673270093727518,0
9305984443,254,0.6778847810467113,16,149,2,1,1.1443663262477366,0.5264226751105012,1
9727452298,52,7.256659173969773,76,152,3,0,0.6431857973159822,0.23096905225694725,0
9977793982,194,7.267745868553386,12,114,2,1,0.7356264801732473,0.3907955605314824,1
9505260595,51,1.5969628641899352,72,157,3,0,0.151966492993011,0.2281724247888821,0
9168802303,101,5.9172747032351065,5,64,1,0,0.28645213455539764,0.013550293041159789,0
9521261494,62,5.899431233139858,5,170,1,1,0.742123164675162,0.2850449382966745,0
9740971380,93,6.983278991808802,36,67,5,1,0.16393028283370642,0.5081722860383392,1
9646318845,43,1.3112780752832702,56,43,5,1,0.5298184599334902,0.6638095449552862,2
9744454083,85,6.451781419027916,52,130,1,0,0.7121416877024995,0.1267022921626316,0
9592462625,206,3.1671435320902415,45,196,5,1,0.24226429912721403,0.5492493268435162,1
9420730675,295,5.316528409713634,77,87,4,0,0.19145574939116247,0.3435930156770426,0
9751592273,97,7.846573750688728,3,25,0,0,0.12279256218909612,0.0,0
9360644066,244,7.203636395448626,33,36,4,1,0.779451683070686,0.5844072318897656,1
9640686056,241,1.6295786679409372,65,32,2,1,0.3055691559869439,0.5796300213698088,1
9589975516,16,6.116255477602696,62,107,0,0,1.0640352009889475,0.14455582505410802,0
9720520883,47,9.706607043937016,60,16,1,1,0.7901167051145918,0.44186805341984015,1
9570579100,61,1.9893096546825215,41,125,1,0,0.1265119087218483,0.0813263798570982,0
9999567013,152,8.602617333391441,77,115,1,0,0.18264871741739402,0.11896977142272336,0
9711576361,230,7.174206765260881,63,83,3,1,1.3848969083662788,0.6536804811541562,2
9250394900,249,7.853031472642717,16,96,2,0,0.27406866483357095,0.08105186210831593,0
9985717545,152,3.178604107855132,60,124,4,0,1.1602536169515798,0.3906205180732613,1
9710249100,58,3.2349448291085032,29,89,5,1,0.4447800036972782,0.550770929161038,1
9671853424,286,9.107184829876637,42,84,2,0,0.5501929165677991,0.17350359869628293,0
9981905768,280,3.9184043048793074,6,155,3,0,0.13470725267842723,0.11181068532952626,0
9538728895,23,1.0986462115816995,72,19,3,0,0.8786080041038673,0.38288253928681704,1
9258498832,24,6.205668684004776,45,105,2,1,0.7538623064582884,0.4391454525669374,1
9781577591,243,1.6857678558975053,22,16,3,1,1.1429363582693963,0.6352231487215575,1
9380920456,72,8.067664293375127,35,136,5,0,1.3679650201835243,0.3172938309015214,0
9928203432,205,6.596591203760045,13,39,0,1,0.8667923188704305,0.3692726504859978,1
9908032384,36,8.809901799601478,19,99,1,1,1.4331734617730338,0.39311199381754647,1
9352902529,102,7.9559538729350345,55,193,4,1,0.30740616633086515,0.4518672934844833,1
9905749307,114,1.5650796592128633,31,31,3,1,0.5825038802031436,0.5477695097138229,1
9428207919,61,4.120171426127012,24,129,4,0,1.2617784817964537,0.283738027368717,0
9120060188,190,7.858322374188579,48,165,1,1,0.8746402114417978,0.4108236235494195,1
9226133344,66,4.464743996030094,56,17,5,1,0.8657600903299465,0.6854142828872325,2
9490290441,129,9.737472105409793,26,169,2,0,0.7445401588783082,0.06889515380047946,0
9874463729,52,7.4895342739877675,26,176,5,0,0.12613272724009217,0.1296281826476245,0
9265039929,144,0.6472492085580497,45,6,1,1,0.21247642451309096,0.4783801804388743,1
9113135871,269,8.859864069827946,44,170,4,0,0.22532052222074875,0.18245342716188778,0
9751812795,206,1.457645456251297,25,41,0,1,0.36524159451280924,0.3970205791998549,1
9233875943,142,1.8349753797108157,13,191,2,0,0.23198641902214426,0.06543533239279417,0
9422690331,264,7.4776778058049835,47,118,3,0,0.2492453447689643,0.18932730770261594,0
9689275850,229,8.717201314589563,14,124,0,1,0.9916468335332437,0.32495787091558115,0
9784419873,50,5.595321465045782,50,73,1,1,0.26568605546306545,0.3780718024083518,1
9685614087,264,3.245972462984902,53,22,4,1,0.7510459432442955,0.6858238436334967,2
9723275962,11,3.8374976799051677,10,52,4,0,0.1883808742398833,0.15198906608325735,0
9959527893,204,3.757448631162532,74,85,4,1,0.4771698708315,0.6465710009258296,1
9686991815,251,3.6034419861903664,27,70,1,0,1.3940890052370898,0.2607327101274997,0
9589341006,158,2.8076418823056732,54,181,2,0,0.14340955341484846,0.14465077715544705,0
9698679440,207,6.284237398977714,68,110,3,0,1.3277464823246947,0.3691187290912309,1
9386268347,254,9.053850526368139,71,62,0,1,1.1634529607421435,0.5074514823059728,1
9961654870,117,3.417282924291741,25,167,1,0,1.3892825707931538,0.1736565134036776,0
9179061847,221,2.273595825883415,69,82,4,1,1.2016202109115657,0.7460946087321202,2
9668908972,165,8.466487830528536,31,190,3,0,1.2566506369355541,0.19995022246592406,0
9744970962,35,7.546941643452181,47,11,4,0,0.25081343170785164,0.22511764541684937,0
9553950020,91,9.342951799819149,11,107,1,0,1.269764632115365,0.07977300092268068,0
9152492736,92,2.072437488246641,69,113,4,0,0.7679694063830553,0.3665704122403403,1
9930101590,140,1.8703874841076196,76,13,1,0,0.5922107089274149,0.2944539685953317,0
9874072420,109,5.6435792458974685,60,73,4,1,0.315401254228463,0.5536918662233127,1
9305431815,265,6.337119720933405,33,136,1,0,0.10093753562100134,0.05698373428998596,0
9278983756,58,5.061647697666101,44,164,4,1,0.999680743650212,0.5476885835326989,1
9263302599,72,6.190183045076817,59,137,3,1,1.1164309610205576,0.5551395187815451,1
9464178936,299,2.2136078043131775,64,60,3,1,0.6433242423406617,0.6563689487624546,2
9783052416,114,5.056330664558792,70,60,4,0,0.32994211849557153,0.312817086244763,0
9409599852,114,6.751879328926845,12,48,4,1,0.30239216732067237,0.4446645081313585,1
9323899058,24,4.610711267862685,77,76,1,0,0.3355328927569364,0.17058541191648016,0
9406045335,184,6.95474969025768,47,145,1,0,0.1786916290837019,0.06430266587361873,0
9552550114,268,4.786317165261476,48,136,1,1,0.6035071013573085,0.450451712846406,1
9152005527,220,3.669196018001634,57,184,2,0,0.9626259494453405,0.2544014283840879,0
9252775696,268,3.384247947327377,72,19,4,0,0.7259501031069484,0.44646970367157196,1
9986916740,111,4.4035695603915865,69,124,5,0,0.27567355897725415,0.32308799235257146,0
9136847763,269,0.7193514154809079,60,114,4,0,1.2426093221880723,0.4662142350101312,1
9690967015,168,6.850988815238081,25,86,4,0,0.5018787080950132,0.2120635791885446,0
9543461433,54,8.528503589312487,38,88,4,1,0.9437518497157843,0.5228081788941442,1
9299868781,260,3.8689573972096265,57,5,1,1,0.44395737034667326,0.5259307290084188,1
9528222090,174,0.9373147933463263,26,197,1,0,0.9329865871967229,0.15111061294345085,0
9205886094,202,9.874368175162797,39,143,2,0,0.28151992185134095,0.07340663918687403,0
9925988306,18,3.005133426785136,30,193,1,1,1.0176998141034908,0.3858623765709973,1
9793081478,74,1.7029006560623434,2,97,5,1,0.9024297331595703,0.5635900934397338,1
9245353202,291,4.012648825743765,14,92,4,1,0.827010130642863,0.5701894297682183,1
9895408923,190,7.516291886018788,53,88,4,0,0.4039238058929385,0.2601920207415939,0
9550290226,291,3.292207670460374,69,195,0,1,0.8408221420364932,0.4767421649988547,1
9847793898,288,5.959680437235134,10,170,1,1,1.3559463538093053,0.42949739721029506,1
9796347065,39,4.447819947152851,29,49,0,1,0.2753711014822374,0.31082069281203434,0
9522606084,275,1.6187579266278758,34,78,4,0,1.0852167453376615,0.3976342476543182,1
9313099268,226,3.637726618675047,42,72,1,1,0.2591976127252479,0.43021766076959594,1
9788494941,114,7.386269804283633,60,8,4,0,0.5734158540812693,0.3175746648383488,0
9445892853,193,6.314037024648734,39,52,0,0,1.057363147019828,0.16433180001326123,0
9161730143,157,1.6378946088938293,41,101,0,0,0.8843234948262886,0.1700807507390953,0
9395119367,114,2.051562892285931,41,141,3,0,1.0495690936585085,0.2854795365315898,0
9164623935,56,6.586966913420732,2,94,3,0,1.4487011845437785,0.199233872517538,0
9848599433,96,8.227446436048254,77,179,1,1,1.4574539875966517,0.5095151212790191,1
9189957925,138,3.820007711602608,20,64,1,0,1.3808164690088005,0.21365788374182476,0
9454840174,267,6.155452142512777,72,56,1,0,0.7927621633346043,0.2704660338899992,0
9452924639,156,2.121114093145,76,128,1,1,0.577458342420402,0.5164416319727081,1
9162953839,81,3.4580752006005766,52,90,1,1,0.49142923242853465,0.4350746054842172,1
9739524176,149,0.6925669538939997,43,165,1,0,0.9059649580467064,0.19838832485221003,0
9295183838,36,7.798621504095465,45,190,5,1,0.7350106885971786,0.5104678245825159,1
9239521671,38,4.309593287843184,36,101,1,1,1.492334569405901,0.49199836220792326,1
9182562815,280,8.253192949712563,37,52,0,0,0.8498053164078948,0.1348549892390633,0
9635425944,183,7.2295434622159,37,137,0,0,0.5605779717039601,0.04406483505788443,0
9666676417,262,8.37307052442053,10,31,0,1,0.9903412631067933,0.3752307719464355,1
9818764494,69,3.2137573610373864,44,173,5,1,0.16120451909806674,0.5116794539593192,1
9983420081,116,2.25853293906453,63,5,4,0,0.2551011311984057,0.3496930738083676,0
9144786626,229,9.733103985190871,43,55,2,1,1.029128164622499,0.5050147985990762,1
9621350704,268,7.3146139768882605,61,148,4,1,0.27267694666961484,0.5356625325443614,1
9123250723,155,8.423401545303369,60,103,1,0,1.1575755280508528,0.20666157815579528,0
9593976957,61,0.6247670502443704,11,104,2,0,0.18667155640097813,0.09192004883185163,0
9146013251,69,3.8673853928109225,8,164,0,0,0.9314454248759513,0.019764826271383068,0
9205801293,43,7.556758560484651,66,107,0,1,1.0498748850164923,0.4217705501428299,1
9397444968,105,1.2408369134048416,73,51,3,1,1.191432324732283,0.706831836007016,2
9718064040,98,5.889729330904888,1,155,1,0,1.3399785490062956,0.08500400724323015,0
9230146681,240,4.57619129082253,7,19,1,1,0.5371307180378349,0.40379139067466985,1
9280179133,284,0.6673568178405194,42,158,3,1,1.106830237578225,0.6280446800286341,1
9726268926,255,2.741767982634788,17,41,4,0,0.21302148649941327,0.2544113625883121,0
9410163209,120,3.205523896133785,51,187,3,1,1.2617125650826877,0.5781892210563172,1
9309225876,243,1.5626694902900633,38,134,5,0,1.346320634796516,0.4461064422921011,1
9637874083,287,6.499600642555274,30,80,1,0,1.1481208359583013,0.2078126259376662,0
9283919243,175,2.8027798243929456,13,151,5,1,0.4938612233872759,0.5260466555804244,1
9589440001,137,3.1373852463841896,63,36,5,1,0.18728095631599911,0.645108425134643,1
9537578101,246,9.0332666829014,43,59,5,1,0.6902479125664347,0.6072805493131553,1
9454002612,116,4.937669380584825,59,103,0,0,0.47888986307364223,0.11039808433515254,0
9831420831,137,4.2252173962080875,1,60,3,0,0.8422678684582524,0.19115286879382656,0
9189198479,204,7.376774863989813,31,33,2,1,0.6514058442016697,0.4652974029363226,1
9365299231,152,9.141331070387665,35,113,0,0,0.2903853275901698,0.0,0
9600362527,120,0.7378451942557165,54,88,4,1,1.2713574893691777,0.7092087563932327,2
9772070523,99,4.758269042276266,62,168,0,1,1.3105335767250337,0.46206480069968875,1
9772756961,260,6.302422882740499,68,120,4,1,1.2384033327024009,0.6913126586647353,2
9650167050,289,3.526349432196901,79,75,0,1,0.3944998306538573,0.5023404531587667,1
9287843081,233,7.837873360170796,39,86,1,0,0.6998894853021677,0.14081559124754386,0
9479106062,110,9.7290321675676,23,57,5,1,0.34005239496181144,0.4766412347179395,1
9575916560,141,9.46255997937769,57,89,4,0,1.0312862699158114,0.3075536326373651,0
9864863399,22,3.0268341241094476,27,90,4,1,1.2269717794672301,0.5885312707134209,1
9523189905,107,2.650213645156117,61,171,3,0,0.914150301020311,0.29017880571389726,0
9508072136,129,9.5961600447016,24,80,0,1,0.8645537166047831,0.31699252545615475,0
9624703384,208,4.856970630598926,6,15,4,0,1.100970408282514,0.31129946809338127,0
9641135335,10,2.478828369304572,37,80,4,0,0.2589806360747469,0.22324840256398146,0
9882014266,69,7.216471154488973,70,34,0,1,0.44671980672604283,0.40590872295325753,1
9315143245,259,3.20199307708602,44,83,0,1,0.539150265368035,0.43284078158579875,1
9913488251,149,3.0388462631749973,31,111,2,0,0.8455080278599837,0.2069781415184314,0
9695509241,158,8.852865909238956,31,185,3,1,1.4664376971389999,0.5011214660791458,1
9585071832,53,2.0435519570805827,0,86,4,0,1.3082174164657894,0.2795967998242611,0
9803016561,195,1.1117329914292458,73,140,0,0,0.44586314208653643,0.1864127811532334,0
9929254421,117,3.057271181631029,44,24,4,0,0.4261785156098271,0.30865416769360693,0
9202182899,53,6.265981421962936,63,16,2,1,0.7099073614681042,0.5258804396459507,1
9865867987,87,1.6693346073310702,67,71,2,0,1.4645066301845193,0.3821587803341695,1
9621844436,235,4.980149386629541,6,182,4,0,0.31343532829187415,0.13901711342213707,0
9855838123,171,6.459702549040538,37,130,3,0,1.439720242634688,0.29109999852767604,0
9948129311,290,8.563001429635152,69,144,1,1,0.36658673992625257,0.42581772496886194,1
9688087981,262,2.6837611164214166,52,58,4,0,1.3410098089368803,0.46258271034203524,1
9154610032,141,8.264790072136499,74,84,2,1,1.2624017055691534,0.5824107238026603,1
9726252663,153,2.7316094807467666,72,128,3,0,1.3352489600009918,0.39825056143115783,1
9254218466,275,6.929282141776585,29,186,5,1,1.348469237057936,0.6242482560789668,1
9836393337,118,4.591398929083324,21,78,0,0,0.40539064677368164,0.033266757130508584,0
9383239967,203,1.5894718025973666,57,151,5,1,1.1901823965109637,0.7306315592834806,2
9387429853,44,7.285502896807563,72,146,3,1,1.0549002549073616,0.5518953291605261,1
9578330486,284,2.568744876215669,54,184,3,1,1.3304897958743085,0.6460671703236625,1
9655204646,196,2.177922547233619,45,154,4,1,0.7864383854657231,0.6007542023557499,1
9514525936,252,3.9040678215991402,25,136,3,1,0.6788348368094899,0.5020613665579492,1
9136213515,273,6.706257325215093,63,120,0,1,1.1167116960795687,0.48808031562696713,1
9825533928,19,2.722966548510964,79,63,5,0,0.47778111429289594,0.3959748017996826,1
9289049774,175,2.2447846184279143,8,166,4,1,1.248076881305491,0.5604984770021907,1
9109625105,38,0.5945594442769612,14,68,2,0,0.5003713655843934,0.14854318387213702,0
9684419476,280,4.980609422466374,18,132,0,0,0.1604987906636343,0.008659208476706315,0
9121654924,96,4.572132908494236,15,22,4,1,0.8720699916393614,0.5541328040947925,1
9495130759,32,2.7217435645550747,24,86,4,0,1.2703629737811344,0.3153159674124086,0
9348305901,219,1.0096955580920621,50,35,1,1,1.0666569775310495,0.5932824906066213,1
9213590918,55,4.577930808660451,76,88,0,0,1.4850091243975971,0.26493259189045293,0
9875647894,37,7.987948555180497,45,46,3,1,0.2970202788083239,0.4399037174614996,1
9770709995,35,7.295180247608181,6,135,0,0,0.5823929222393441,0.0,0
9331319263,275,8.677551453671617,33,89,0,1,0.6319202093323603,0.3547831410091572,1
9862050762,184,0.5910355332749784,57,187,1,1,0.1814093922417884,0.42249336733638154,1
9400904703,13,9.680983509643685,77,14,3,1,0.1602065158593581,0.4847696464540654,1
9293389141,76,3.7434163999607595,22,75,5,0,0.1412231273931432,0.22429244515431476,0
9113689493,144,9.908779062873665,22,26,1,0,0.6724311446219644,0.08068638860015175,0
9183027288,64,2.899884875716859,16,155,1,1,1.2826652481336893,0.4186878779341071,1
9904825621,40,4.979595681993326,12,80,1,1,1.0935009430967604,0.39313163165435805,1
9269892699,83,3.8623129274653847,26,17,0,0,0.7254687751568073,0.11284183122256558,0
9285429788,28,3.879726792445875,65,172,5,0,0.46962377353728213,0.29751479798179,0
9807874257,165,8.501679938108051,29,127,1,0,0.12179805287087425,0.0023456070872083096,0
9563614721,165,7.590979927504718,3,145,2,0,0.3455317269828928,0.016622048107890558,0
9665770780,156,9.925438634685458,66,101,3,0,0.6420646609433611,0.22954249569697788,0
9895848916,96,6.328389485816369,13,99,5,1,0.6186402639704184,0.5036461578466538,1
9494582451,29,4.900937741747775,10,55,3,1,0.4631057664209326,0.4114947724028719,1
9391135770,278,1.3557016979954657,39,196,5,0,1.49598094447879,0.44713262629484263,1
9125137138,52,9.967333485381639,2,87,1,0,0.7263323246163872,0.0,0
9747148950,37,5.739541202856687,0,100,5,1,0.4749648105503673,0.44798794949843057,1
9489566551,269,7.154535962056347,8,94,0,1,0.6698912687669477,0.31726585404069096,0
9496784683,31,4.364052678317458,72,130,5,0,0.4911785959698294,0.3318394660432367,0
9801868309,110,5.703299227702741,75,17,4,0,0.5929301714696885,0.368295363177263,1
9281407402,48,9.454488452982428,0,161,4,0,0.27622558470583647,0.027993208728911242,0
9135154340,299,2.080984660350226,15,179,0,1,0.10118582430598895,0.2911538163258493,0
9488040380,179,3.277539551137419,71,158,1,0,0.7882741382935281,0.22774575531490765,0
9135908279,139,1.9445674138913072,45,122,1,1,0.7847989778844554,0.47215773504610564,1
9580780802,165,8.02605108614536,9,155,2,0,0.3197464324565711,0.016806958861044205,0
9304219070,83,1.089429974007381,32,79,4,0,1.2657514899126614,0.3694503524347641,1
9554968949,99,1.275500673587714,40,188,4,1,0.36852783528649424,0.5073173321513268,1
9379267346,76,3.3356940714800025,50,23,3,0,1.1782653894167556,0.35463018453891726,1
9750985494,245,5.384787718749607,21,102,1,1,0.3663787374765821,0.3649313292055279,1
9911256220,209,4.359610605316072,15,115,0,0,0.49376867907848354,0.03892024755895848,0
9502682909,236,0.925754951372669,74,182,1,1,0.47784146563242647,0.5086652497927525,1
9629667878,242,9.596169799774039,61,112,1,1,0.42142408032874434,0.40520018537549424,1
9431454571,275,9.552260443401796,52,39,2,0,1.4336035860116658,0.3162386383339117,0
9685366894,95,3.1538850707872186,74,181,5,0,0.46884590913882496,0.3397482215805457,0
9646055448,111,7.449493345051525,13,178,5,1,0.7789505654419047,0.4739301477124102,1
9147766655,223,5.996466408140626,58,97,0,0,1.1292435589013496,0.20501829683714118,0
9889417188,117,2.7560286025534286,25,104,2,1,0.5467869889494287,0.4359920954432904,1
9787502446,174,2.9906297415453467,43,185,2,1,0.11638103169945849,0.3967281669053908,1
9790837639,100,5.16595515594928,19,163,2,0,1.1663668182639104,0.15388922298694457,0
9349289913,201,4.482750944224922,4,100,5,1,0.4976453308998301,0.5185244283772805,1
9140078991,95,3.26667861819701,64,88,2,0,1.3224546776434605,0.33282775123218444,0
9365223751,231,8.171360164898914,10,154,1,0,0.7876148465606461,0.04755745960849053,0
9664576770,110,5.073897717555156,46,71,5,1,0.9741723041661566,0.6533472372226103,2
9219838595,235,6.721056592696715,9,140,5,1,1.43134390304137,0.6040252559192706,1
9525966695,69,2.298098251594817,60,23,3,0,1.317945023237245,0.4044762237693316,1
9933025506,259,5.568322793906624,44,35,1,1,1.209694022240876,0.5529100758086923,1
9750663135,57,3.520772469742904,46,36,2,1,0.84302308547433,0.5276135006200047,1
9657557567,126,5.500929298751343,33,59,2,0,0.3370057106925728,0.14077953369809262,0
9315053161,236,7.917845417403817,12,107,3,0,1.2774643810761872,0.22671491405362998,0
9776716385,42,7.804675495866986,22,163,4,0,0.23152588218922013,0.08932699991230263,0
9976326378,53,3.8650964413256212,35,199,0,1,1.3424421600597916,0.3880952352446009,1
9361687768,174,7.095632612256572,62,55,2,1,1.172758962015081,0.581983484094731,1
9336588041,296,9.44225452874563,75,126,2,0,1.2248370453249788,0.3063567244273832,0
9379681325,234,6.443858634286611,46,96,1,0,0.6280756880962516,0.1599427789601109,0
9598153702,295,1.909896172135053,65,159,2,0,0.2189466230810386,0.23677150737077068,0
9593827802,213,6.957231978151404,79,180,2,0,1.1177360423297782,0.28319154134175645,0
9907560090,181,1.4965916703184576,13,114,0,1,1.4692931148164174,0.4588727404008153,1
9906956097,21,8.785048883533758,52,47,1,1,1.3017706964717866,0.4738918969742093,1
9552623272,130,5.408274710118433,65,183,4,0,1.2779435059637734,0.3538705908608983,1
9637987183,253,4.158836994960005,48,79,2,1,0.9852291996879928,0.5722881266897059,1
9245134604,161,1.0415626491720775,15,75,2,1,0.2627747594629767,0.42621755267882566,1
9266196616,161,4.117445478625042,67,76,4,1,1.3085870772599688,0.7193044368610291,2
9332901107,197,9.0804633452,42,182,3,0,0.4108537924654022,0.12837022828678157,0
9203762851,22,0.6993384647198801,76,193,4,0,0.4702943779787597,0.3044099304474792,0
9122461013,100,5.009157498927147,64,107,4,1,1.1582011513933037,0.6520409148467374,2
9521112041,209,9.346001865550912,8,45,1,0,1.1036684647598896,0.11552152671790918,0
9147204953,83,4.2509894977677,20,183,5,0,0.2015877120161257,0.168811984802056,0
9486392377,265,4.567669030890428,42,82,4,1,0.45274259759363467,0.5796837500072176,1
9251661109,285,5.996320524391639,65,28,1,1,1.2447600106135224,0.609665354980923,1
9455109899,80,4.897904668983243,3,34,5,0,1.4294162622293307,0.3438384287730541,0
9147380429,87,2.1017160667567483,6,56,4,1,0.4728355403190301,0.49621967203720263,1
9969647373,293,0.6762776211636738,57,182,2,1,1.1649101931686698,0.6150572250596097,1
9993668769,139,6.293210750797665,3,61,2,1,0.8078897309109542,0.40274490536640917,1
9137264820,52,9.247662576574216,19,194,5,0,0.6320857212057225,0.14449500229246276,0
9606551672,17,1.5104592637580736,34,83,3,1,1.357364184344419,0.5962915242895668,1
9866131219,22,2.5040508329011573,58,121,5,1,0.8674848397733925,0.64991623744466,1
9430418762,222,4.017180115337249,44,185,4,0,1.0684648568210442,0.32170962143447834,0
9126906511,120,8.183051175700637,13,35,0,0,0.9294235560008156,0.05708421261169022,0
9739469298,32,3.057973006474287,21,80,4,0,1.0010130484586692,0.2752092230706822,0
9495009758,263,8.8795168406483,47,34,5,0,0.8241954882126463,0.3712325898310712,1
9338818294,24,1.0220998091756308,29,117,0,1,0.8468190067559813,0.38250308310061026,1
9643960887,139,9.439087901959882,28,142,5,0,1.293037526894192,0.29096211507045117,0
9108805586,70,5.827097239800766,35,176,4,0,0.5237216619112903,0.17833809921841232,0
9635642809,124,6.758387945633193,41,138,1,0,1.1309293496121262,0.1549275332725235,0
9608135555,76,3.993050464095355,28,159,2,1,0.47600549531244796,0.38097072053501624,1
9681434990,258,7.928945712355073,6,24,0,0,0.199021694821095,0.0,0
9953026172,184,2.0823793758018576,31,24,0,0,1.3645312518815709,0.24557186438283285,0
9715748739,11,0.9646623401456268,12,16,4,1,0.6749261912962384,0.5473485282071344,1
9230566025,181,4.257410959521793,12,89,2,1,1.0564600119266958,0.47445293658360865,1
9684956439,293,8.610109282819876,53,53,3,1,1.1610415638301643,0.6188870095991146,1
9499622370,63,7.671804948058099,13,184,0,1,1.2158142632492281,0.2878860522132102,0
9691944857,76,5.412981719645101,5,14,2,1,0.4168519366315644,0.3775831184267132,1
9707848228,111,5.935308598070858,15,9,2,1,1.0179427345411842,0.4777794249680918,1
9800260069,129,1.7339818498381765,40,68,0,1,1.1643416528853225,0.4893132161481806,1
9798455508,200,8.486474331867031,51,190,1,0,0.26770120104136286,0.04736978547589246,0
9108074037,56,7.976116988159871,15,140,5,0,0.29782625141809466,0.13870907964558632,0
9940173543,231,6.736468741925956,4,162,1,0,0.6094608859846358,0.025897681415044782,0
9866104422,30,4.928814845124915,23,21,4,1,0.5223378915318098,0.5087847688423183,1
9113822356,167,9.662363048655369,42,71,5,1,1.2161282350554925,0.633520364956128,1
9224860617,168,8.850803732826476,64,25,5,0,0.9997783026940356,0.4100637515293665,1
9613632293,244,6.6220896883888765,9,20,4,1,0.7971629883814035,0.5475111490117687,1
9816766125,159,4.032109478314235,58,31,2,0,0.24896772855563323,0.22689081368690522,0
9553089027,266,6.371211647474368,34,119,0,0,0.2575941169541953,0.042390087598144346,0
9878760379,174,5.966688802041321,30,10,1,0,0.823821602164241,0.18015832663521308,0
9289826104,86,4.245298884431706,78,46,2,1,1.3360274982720437,0.6528130465127983,2
9691303596,94,3.4134027310367228,10,148,1,0,1.185102462359549,0.11881812937737186,0
9499391763,55,4.366602526254563,8,177,0,1,1.3341960549831153,0.33187096294958573,0
9754240016,56,5.95215835731728,65,7,1,0,0.8912057689677872,0.23720212532166046,0
9478825846,222,4.567281024755397,43,44,3,0,0.40992734964943855,0.2603339096608679,0
9633703238,68,3.0039576379131465,15,24,4,0,0.14453029016125182,0.19717947649772583,0
9143420892,63,7.729151518727683,47,11,5,1,1.4163838468543246,0.6942662433977869,2
9711283469,21,5.548941211595423,52,63,1,0,0.7653188417669925,0.160350966472894,0
9378544087,201,1.1429140506431996,64,143,0,0,1.3026242898195872,0.2686999461706321,0
9547266532,15,3.999006803448192,47,97,0,1,1.1261735148560639,0.42840274014134944,1
9443527759,153,8.906677843513938,69,56,3,0,1.2650338042235203,0.3449739223846552,0
9364074294,270,7.674747046399544,45,135,0,0,0.394914764673463,0.061042807204021055,0
9971635443,82,3.570844447468067,74,25,3,0,1.0512196421714046,0.39116289035761836,1
9360533123,183,9.412739944422837,32,185,2,0,1.1117743569831549,0.13676004350490456,0
9326791287,241,1.2277276294029964,51,162,1,1,0.8736643591293678,0.5121236582093549,1
9544476157,279,9.631729686975795,54,15,0,0,1.2693221913411898,0.2251379067172333,0
9857924001,231,2.8341983786044187,50,157,4,0,1.4834898092392013,0.4156083965654511,1
9526786461,61,0.586394712872983,39,54,1,1,0.11475298498958929,0.4077502883109416,1
9336175953,125,4.621176346924105,24,13,3,1,0.7369932596011696,0.5258184083223845,1
9538712210,35,3.910219082026582,62,49,1,0,1.1554572373504648,0.2600655728310701,0
9185129374,62,5.621345549464541,21,33,1,0,1.1159176660169172,0.15773730666178892,0
9198495675,38,8.069342175413531,37,66,0,0,0.7549854127180698,0.05414947675453935,0
9422334779,28,8.503092620429248,8,19,4,1,1.2790172637708042,0.5234116268740122,1
9409701522,288,4.311684996311072,36,23,2,1,1.0450633206109732,0.587967378517584,1
9686222910,126,4.583534565210327,4,147,4,1,0.8677019090190773,0.4742218142997654,1
9430962797,115,1.9076884381299999,21,171,5,0,0.4820415420851877,0.24736939045932915,0
9739949010,236,0.9517022843710532,11,39,3,0,0.6142810927600331,0.2624766370520846,0
9351474325,195,6.591542407232735,59,145,5,1,1.4846771622733468,0.7113127505860088,2
9939303831,270,1.1121574427505767,43,148,4,1,1.3685700734678075,0.70163251950313,2
9461800812,25,7.471386134503831,21,71,4,0,1.0739062479942079,0.2336287828119256,0
9249881373,282,5.6213563777113515,5,99,3,1,1.3024694389387064,0.5377900561401087,1
9991982821,169,2.386538293147792,26,59,4,0,0.2903708373334597,0.2562727076289083,0
9265850014,259,5.625467963370172,54,197,2,1,0.47460682067096704,0.44951386958674067,1
9422683747,233,2.238478307719939,14,39,1,0,1.3392184800325333,0.25197781124459806,0
9174170047,265,4.668003471348914,63,20,2,1,0.7592069794813969,0.6055054625482473,1
9187173138,189,8.095823004301174,16,133,5,0,0.9273178224011119,0.25402826263651934,0
9916898479,29,4.8882332874010554,2,182,1,1,1.3371317205330049,0.3470303403484812,0
9630267820,121,1.9126435238267083,9,18,1,1,0.6656126243366788,0.42443845930114765,1
9733303779,129,7.376372477317979,62,66,4,1,0.7745342154953615,0.6013276361316277,1
9625604189,203,2.274299954565084,62,139,1,1,0.2570469054182998,0.4516873625287483,1
9435835318,120,7.51622380651604,61,155,3,1,1.4879784102873739,0.5921127235562924,1
9890357174,219,5.053846747550416,8,103,2,1,1.4627248921959946,0.5077808260929143,1
9480535953,10,4.810546711395865,23,195,1,0,0.5151526061301036,0.0050084188655287465,0
9621503550,67,8.58863285964601,31,33,4,1,1.293467323677325,0.5792691511921937,1
9368616816,102,7.231733481236353,2,154,4,0,1.1318944388893524,0.17974653089188602,0
9521874426,230,0.812652571071923,32,97,4,1,0.30522274580333,0.5677082319768698,1
9320619227,220,3.3136559887152224,42,10,0,1,0.13344997834845485,0.4044167922038986,1
9171247150,241,8.773746278074038,11,161,2,0,0.1197038045544253,0.00559616787630926,0
9886465787,271,0.674098601179387,31,93,4,0,0.19201084205708707,0.2864687844993645,0
9312358261,112,5.679907739488718,19,6,3,0,0.9783485733764501,0.250859602597976,0
9712312876,59,7.414343857152467,66,196,4,1,0.7890382074013778,0.5279457919356692,1
9845091232,119,6.40763281210347,67,100,0,1,1.4954577815820125,0.5150466733779331,1
9835504784,97,7.725055919992146,16,40,2,0,0.5011526824980594,0.09730431752652807,0
9690786757,29,7.394072564690085,18,100,1,0,1.1159796587845805,0.08742202161120198,0
9684877315,23,7.074291603954577,3,152,2,0,0.6419426298015356,0.01702494966206268,0
9253122543,142,8.304628678793694,16,187,1,1,0.2376482172358534,0.23322890858944478,0
9865588526,43,6.634061350270614,63,41,1,0,1.3280037720238405,0.2564683831062801,0
9608250074,217,4.322975695441329,21,106,4,0,0.6600027508537709,0.25544128842382324,0
9898482830,208,4.983136544188582,65,184,5,1,1.3836881269757175,0.7159616033734898,2
9786786245,89,7.308885435473781,41,73,3,0,1.4116983612291685,0.29318051145514823,0
9485697869,80,8.824907281834543,75,74,3,1,1.2482023877620694,0.6089687324827672,1
9674808138,164,3.086078607977869,44,154,5,0,0.13875021865826567,0.2653504162765908,0
9408689032,87,3.7497295617251725,10,111,4,0,1.4524368992155106,0.2954956731651592,0
9960336729,87,9.34202426544292,52,19,0,0,0.27383015100897556,0.051455326935762026,0
9476966543,181,5.995862027889731,59,102,1,0,1.403833077995715,0.27052629169147574,0
9971605060,298,2.2001372627825098,28,51,5,0,0.9491612965711127,0.4244643751018101,1
9892319480,42,6.805103819667636,19,112,3,1,0.6284440737414957,0.4037020430129679,1
9381534963,285,9.912240477624106,4,112,2,0,1.1098405599671022,0.131233981464563,0
9582047548,16,8.3228088624688,24,73,0,0,0.809605362635707,0.019045603833325923,0
9462973233,169,7.584540797238326,33,56,4,0,1.2122731585243323,0.3217749561227266,0
9809932802,249,2.4764432155295575,11,171,0,0,0.8192840146157954,0.07424676316754077,0
9212513996,33,8.823327954498069,27,6,3,1,0.6164727833568808,0.44664679854884887,1
9960075626,223,5.494994013587691,5,49,5,0,0.6051786017448268,0.2728981707129936,0
9203902832,79,8.948255209683579,18,156,4,1,0.5957524071330352,0.403677893006428,1
9468551773,225,3.6333643795363537,11,193,3,1,0.7620571726996045,0.4480964881695162,1
9450886141,113,1.0894850000366112,24,115,1,1,0.25417383894918844,0.36806037400679664,1
9471424885,224,5.021771702267588,12,96,0,1,1.0263886809943596,0.38163871462544546,1
9199088364,63,3.063457245769838,75,126,5,0,0.5779229215943865,0.3751392636420883,1
9948988869,212,7.294678252874832,2,69,1,1,0.8861596823691563,0.36933635618313415,1
9177647696,297,9.592512252132307,23,185,2,0,0.8371247262827695,0.11179482012834464,0
9871448826,54,7.064254435939857,7,120,1,1,1.2999792902521885,0.3653764615989844,1
9309274732,207,8.925872332237432,44,153,0,1,1.306367497995055,0.40735363177255746,1
9239938354,225,4.803728129211461,71,131,2,1,1.4848543074260079,0.6427877793405833,1
9918961140,193,7.830587003355366,0,71,3,1,0.4382066500108944,0.38658442062770965,1
9341102738,36,8.508912648381182,2,98,5,1,0.14824052399447088,0.3807819110987624,1
9139929257,175,7.253318462043652,64,133,2,0,0.6948679453583366,0.2085109985651432,0
9541213474,283,5.323884217660864,14,63,0,0,1.355290535824058,0.17421492035362326,0
9871620141,112,6.445728041345997,49,119,4,0,0.9403521703505994,0.2921101906125866,0
9627122418,113,7.154816458949363,19,120,2,1,0.6229345641128811,0.3697776835194867,1
9645092164,254,2.9043018306035555,2,51,3,1,1.1809726524470656,0.5655984296597386,1
9494851676,178,8.191002978692357,60,113,2,0,1.0972833603906385,0.24734863416923503,0
9899299492,125,9.528083120189097,14,22,5,1,1.0989903924263296,0.5713751829822239,1
9326101296,150,4.919773494209392,58,117,1,1,0.8204164555516233,0.4754126927356821,1
9895343764,134,7.160138239543835,53,37,4,1,0.8426731601267831,0.6076824536740213,1
9994155849,34,7.501746105008363,59,147,0,0,0.8781519541656043,0.08367394790643885,0
9904676287,203,6.7913517014540625,36,28,4,0,0.8736756333339039,0.32047818891595303,0
9984844899,109,5.697593529122037,20,40,1,1,0.38884216838851493,0.356356604523824,1
9673292101,14,8.8756555684607,22,64,4,0,0.4441000594152067,0.14401747364162973,0
9663373657,28,4.764803738054497,17,166,1,1,0.6236349241236283,0.30437521270484813,0
9446180867,179,1.080478086622734,16,94,5,0,1.2976553822065384,0.39948624215864514,1
9314069885,283,8.523285569265523,30,55,2,0,0.7473496563828522,0.1908691986014227,0
9761052710,263,6.902822087007231,63,172,0,0,1.3968467837520446,0.2106710823394919,0
9784575650,130,8.567956951746643,47,154,1,0,1.2107384609823577,0.14988979856358986,0
9902517632,41,1.816200703224596,25,148,1,1,1.3061047790117943,0.4521214983760535,1
9229764119,158,0.7921529348423051,21,108,2,0,0.28780738832948555,0.14841438471476393,0
9130190179,275,9.376558133633763,44,174,1,0,0.3083011629701345,0.05381077528614432,0
9166627397,46,1.9034189055804558,35,20,0,1,0.43127680802546564,0.38992885676275707,1
9346016808,186,8.191697154669292,63,137,3,1,1.0276694342004071,0.5598699662480172,1
9782505397,22,8.32049445071604,34,138,4,0,0.7668018107564456,0.18153695054884766,0
9573413435,192,7.232699405215528,74,174,5,1,0.33773874465282605,0.5844362564957529,1
9664141419,154,1.7469910053822741,26,34,5,0,1.1440955993653816,0.4188942465259252,1
9681341371,274,6.840286933327672,67,164,1,0,0.8244657240837493,0.20266911035678453,0
9739245880,97,8.946322541605223,16,185,4,0,1.1233952772268845,0.17281822943463016,0
9105905950,55,4.54255062560839,69,151,5,0,1.3732613976166776,0.4246974268733673,1
9841410387,128,4.428410116596689,10,55,4,1,1.3806470225882463,0.5976700546447627,1
9774117271,28,4.707153941004481,4,160,5,1,0.5215646655477154,0.4425685792403387,1
9987403043,229,1.281582961423961,57,179,3,0,0.3219488336191273,0.2550715311638743,0
9157563860,242,8.974242905784747,56,76,1,1,0.7073569085083433,0.4537252474849176,1
9396172445,103,8.757237207814848,73,132,0,1,0.2174330782264408,0.3267217895600614,0
9240641687,260,9.98013855700772,79,111,1,0,0.1615573816969696,0.13520855645287705,0
9345048171,259,6.059239844234928,73,131,4,0,1.4693606439838476,0.4474290658139093,1
9291533673,291,7.6363205462881645,73,133,2,0,1.4605540645578943,0.3469806411914893,0
9238242461,241,2.4253831099193945,13,189,3,0,0.5924926703431095,0.17301118978880706,0
9255854165,55,6.841523773129611,71,154,0,1,1.248734121997171,0.44516647602877185,1
9150275547,55,6.672462063195211,0,98,0,0,0.41279588805559986,0.0,0
9210465926,23,9.061482990495318,15,62,4,0,0.6842092592691961,0.1582506485596931,0
9210004150,94,8.392530866971203,25,17,0,1,1.117029996777281,0.386149895876286,1
9771108315,12,9.41543139486875,48,171,4,0,0.8707600071336803,0.19320602411761661,0
9259457549,37,8.753917990665272,41,31,0,0,1.2495654282499395,0.13151750216867614,0
9194273359,166,8.752592001539094,69,171,0,1,1.4720546251017153,0.46563211766040336,1
9620580495,184,1.1053716035428236,65,125,5,1,0.11262470227639183,0.6330671716973199,1
9140365237,123,8.536638550611581,52,144,5,0,1.3943288638690932,0.36267980105695213,1
9868313310,259,6.271044747779622,8,156,4,0,0.6788261558572279,0.1912732683961786,0
9957876073,68,4.114222291776631,68,22,3,1,0.6711288300748897,0.6032981254410006,1
9507117528,212,1.0368889316865921,39,123,0,0,0.10092324952032371,0.08245145609553306,0
9214720972,248,6.937900860296444,55,19,1,1,1.268090102291156,0.5732993352847149,1
9177906501,243,3.617916630107366,4,192,2,1,1.1625844536296666,0.4418951348742717,1
9380745515,104,4.94387451736733,55,148,5,0,1.3516145536494675,0.40035058556286146,1
9771654728,150,6.976420152023776,71,101,4,1,0.3343052493371377,0.5616495880961713,1
9542766563,122,9.161858196729357,4,78,0,0,0.40115762748421113,0.0,0
9244369335,118,8.341650698247484,68,51,5,1,0.5249428145748019,0.6218599960366731,1
9299718506,298,4.780672726484198,51,156,3,1,0.8422896175873178,0.5719233480593344,1
9369093459,106,4.1839399957406,72,177,5,0,0.583162872434987,0.34153893140997793,0
9614105169,25,2.777907519018451,32,23,1,0,0.5196171360193117,0.1401858327607626,0
9771893753,53,4.038054136171699,21,95,4,1,0.35577155706065744,0.4641192705465519,1
9366257258,239,1.554940679273034,14,173,1,0,0.3228813966344666,0.07281981277819292,0
9698054328,117,9.725502329465169,64,35,5,1,0.762115636473953,0.6324478484232924,1
9511975188,226,5.952215717615999,70,20,2,0,0.7242600359210305,0.3112512823657983,0
9239245763,269,1.7141555065545226,22,155,3,0,1.1991838008723092,0.2990655233593561,0
9379986865,205,3.851657088026105,5,82,4,0,1.2533586997687536,0.3050998255826039,0
9791900320,104,5.696871864396232,57,27,4,0,1.080859566697615,0.37982401896429235,1
9193878234,65,5.562413548088261,25,45,0,1,1.2636843452655948,0.4159764921881456,1
9518086406,41,0.8372820028270074,11,150,1,0,0.2523926970724375,0.02492307294810174,0
9471190853,240,9.532989825176559,76,168,4,0,0.7408635509167736,0.3015077482078941,0
9743529342,18,3.116068974011974,76,16,1,0,0.5010343920729908,0.23453129936061523,0
9193730769,200,0.6537543548529663,1,79,2,0,0.4525163086828705,0.1505402381170422,0
9803471351,209,1.2262180850276834,31,183,0,0,1.0977730489599344,0.15100148218819331,0
9307535306,170,6.011851580855781,49,89,2,0,1.2637201554981938,0.2785875330228472,0
9649705175,96,1.8089624464134202,60,164,0,0,0.26063222176585266,0.0881683172549413,0
9358420366,30,0.8963855321082812,10,75,0,1,0.2737391740189539,0.29509207449697517,0
9667518127,85,4.1064514309207585,67,168,1,1,0.9951648087843237,0.4835590265497363,1
9902396358,150,6.416231327231792,33,172,5,0,0.3020185639387305,0.20749745174586615,0
9716103828,135,1.5624781459953176,79,130,0,1,1.175738593474842,0.5510888934650373,1
9324445865,260,3.4766144054374974,7,74,2,0,1.2601731816957513,0.24558474227157354,0
9434442137,93,4.468726380433151,7,170,5,1,0.8319816111609828,0.5017630767741202,1
9824961771,57,2.014870928974288,14,186,2,0,1.3717635643253079,0.18213317657134548,0
9261976183,87,5.3077020354337465,4,8,5,0,0.12849123267683796,0.19992652349601558,0
9143627391,39,1.3095338255668236,18,178,2,0,0.41697468331441934,0.08422255609092845,0
9634403213,294,0.9419257152781523,73,67,1,1,1.1821149919988507,0.6637006904565244,2
9128046417,145,5.43843598797378,8,54,1,0,1.4402207519526422,0.1812319250452984,0
9722620228,149,2.8550212411333185,56,34,3,0,1.4448113366947808,0.41985043884310724,1
9762174850,50,1.4060511750312614,53,20,4,0,0.10055726127616432,0.29377759058609787,0
9950822873,291,4.527169581132506,28,184,3,0,0.984608888758974,0.2444270316774868,0
9921157796,59,9.19383702541525,18,8,3,0,0.13826059958486706,0.09049856097853437,0
9380591319,267,7.379828243214472,76,30,0,1,1.0804561405862418,0.5482967979517754,1
9479087152,279,8.248351195796761,45,161,0,1,1.1752584567420483,0.41720080045948466,1
9352109170,143,8.783182893207046,79,143,3,1,1.30072798464844,0.6070724967726616,1
9946263124,243,9.73996354326598,61,96,4,0,0.8412207856566534,0.31411693175960675,0
9566121087,137,7.750842448384644,59,112,3,0,1.2901573762495184,0.3070921091026599,0
9527376632,113,6.279875258425057,4,156,1,0,1.3933807810453234,0.09698052395767143,0
9886045372,263,3.9715458628713485,32,55,2,1,0.846520412006171,0.5365572324196178,1
9590037672,104,2.225610747298303,54,46,3,0,0.833761308572764,0.33157736139448535,0
9194640288,226,7.0232688028412955,18,171,0,1,0.8081997749303202,0.3079714140242095,0
9749600177,70,9.952024868158448,16,139,4,0,0.8064908532153918,0.13852127063461234,0
9821511294,277,4.939907503879731,41,22,0,0,1.1843478381588979,0.2379595171991776,0
9104151785,250,7.374953996881673,21,7,1,1,0.1942618957256262,0.36922864619116175,1
9481565944,22,5.203378274934984,38,195,5,0,0.733486851313888,0.23944454952511338,0
9532142662,156,4.603367521953028,79,24,0,0,0.8335812805460237,0.2521393434020865,0
9889217877,249,4.3979033288191935,26,102,5,1,0.40023803687978643,0.569153724479744,1
9362949878,98,5.293934487851127,75,77,0,1,0.8577864586091524,0.475790494512218,1
9293726752,104,3.985508787721063,45,78,4,1,0.7379238233157452,0.58670808667857,1
9200463184,34,7.613346557307174,27,127,5,0,1.1326154538674678,0.2708703624430767,0
9592928572,281,8.805584252619408,51,74,4,0,0.5946120897502833,0.2943697730719345,0
9573046369,175,8.887410413129249,64,149,0,1,1.4296824141933273,0.461079631412315,1
9761329947,259,2.663137777545346,38,83,0,1,0.6792224883477073,0.4426157119378474,1
9282732842,96,9.011136817949163,17,191,3,0,0.983249397948798,0.11020628593846582,0
9390633384,151,3.744736702623498,21,186,1,0,0.41035144246703403,0.04282199933122875,0
9279100070,143,3.4384228221103275,67,145,5,0,1.0641198300419348,0.4228166390730416,1
9992644949,288,7.404182545283241,10,46,3,0,0.8193942148043443,0.2177771152331224,0
9309760432,135,3.3946152308197495,63,48,4,0,0.5791308815665184,0.3585103230181451,1
9286995216,150,1.0031808532922462,70,84,3,1,0.5870746999175988,0.625910793750605,1
9584902497,112,4.049368836947926,56,71,3,0,0.6256361368178389,0.27885057704143223,0
9451007685,235,7.353923203404315,34,24,5,0,0.7124347538050231,0.3444117586824176,0
9994644421,72,3.606104992566677,36,51,0,1,0.44670827996160645,0.3650317336845927,1
9516262753,263,6.480811031953892,49,28,0,1,0.48836146297588456,0.4272169765069928,1
9867212361,189,6.771134720499739,29,183,5,0,1.4417079525047451,0.33590133765457253,0
9811996244,49,7.470492111400383,16,150,1,0,0.5217664005531425,0.0,0
9705416964,273,9.022739429953896,32,27,2,0,0.9776713257886853,0.22834768593519547,0
9940517121,198,4.609362743050099,15,133,2,1,0.5834765138972327,0.4027548287510667,1
9805181717,17,2.081104728293342,14,127,5,0,1.2351753661604805,0.3157811205330709,0
9529390959,113,3.529794296602949,12,119,5,0,1.074324545552467,0.30419474724039397,0
9825945409,234,4.605588924152866,2,70,3,0,0.5595181939317893,0.17577511618198033,0
9519027785,43,7.281968958617075,23,137,1,1,1.1032734564238071,0.3637258539341186,1
9580980111,245,0.6246601928355182,22,22,1,0,1.1594421240133366,0.27947046590090746,0
9794777711,237,3.49996114267885,58,121,4,0,0.2936082657581991,0.30243345817883766,0
9748426108,197,7.908504519683509,54,39,0,0,0.9094049315496734,0.16875987088309202,0
9295128405,31,6.873148181641606,64,157,5,0,1.2308630246415335,0.3589924514439513,1
9274322251,49,7.4515297490632495,31,110,5,1,0.170488466327674,0.4588569256372285,1
9367460951,182,8.21220230967235,59,156,5,0,0.8110129915149046,0.3220584645990537,0
9258785518,188,7.940739329340642,29,145,5,1,1.2757688393362352,0.6006867221015939,1
9153698471,95,6.980740078451392,65,153,4,1,1.4338677919900682,0.639378587430725,1
9580761125,142,4.676784557520611,17,43,2,1,1.0183791805354734,0.48870075364067617,1
9342251707,22,9.844184124342462,58,166,1,0,0.5589276785462208,0.04630777860010361,0
9555152186,37,5.906195358105701,52,151,2,0,0.9467815938303932,0.18210611362904544,0
9998678409,93,2.426307489003972,63,160,0,0,0.13830867493259047,0.07403135112386316,0
9323151807,289,3.2817221234954514,29,95,0,1,0.7382063763960919,0.4240207663522524,1
9288934386,272,7.088843331719464,17,118,5,0,1.1182583477996941,0.3209082150886631,0
9255813694,175,9.285025869394904,4,143,0,1,0.15068994893735402,0.17082915010641037,0
9964850879,77,2.1978412274560264,68,181,2,1,0.9445268533040153,0.5380024610003429,1
9485591327,235,1.2822917095849702,7,39,1,1,0.9236508697662654,0.47836727052359895,1
9137026182,179,8.874544956399058,8,88,4,0,0.36554133028332225,0.13510375349054332,0
9624568852,95,9.195140799671927,31,80,1,0,0.8969118222773083,0.09637106241054719,0
9807408403,142,3.125603780501045,13,61,1,1,0.6732303563113478,0.40389706405801595,1
9292619673,187,4.084214381526779,12,32,3,1,0.7703606272604028,0.5162993693595936,1
9444521086,261,6.771785976229655,17,70,1,1,0.5555690925739073,0.3822568593941131,1
9136185155,24,3.6343351980035106,67,69,4,0,1.2344824786094586,0.4031758750570929,1
9128997485,232,8.833007728565503,21,154,3,1,0.6119137565815461,0.4115502247136661,1
9117642355,210,1.5219976757816958,19,55,1,0,1.207134056817227,0.24184211470868686,0
9183261653,116,0.8608310991218545,14,95,3,0,0.20720227370805716,0.16146763298883798,0
9177076110,259,2.4806189640565,6,141,1,1,0.4900103380627351,0.3651004796655169,1
9979958391,98,3.2178338929472057,76,168,0,0,0.6637380301657286,0.15416789023785427,0
9642255847,134,1.572802617244313,29,186,0,0,0.6664114606510617,0.06907907720452895,0
9649026004,122,1.124059078736144,4,170,1,1,0.7178125506154391,0.3531821304623523,1
9785602894,146,7.678273278267083,0,70,3,0,1.0133454517558913,0.16539550820483528,0
9656549845,256,2.060627376071445,59,175,4,0,0.9036765736871437,0.37323032699626657,1
9794151795,175,9.182260891129888,30,137,0,0,0.8294667218495899,0.03501554259505879,0
9617880411,159,3.9959967837569126,19,85,3,0,1.2727413387619773,0.27942699924635434,0
9123593741,77,6.870755192352782,63,169,4,0,0.37463365850503116,0.21629031004570365,0
9944553596,230,2.6413200903036023,63,190,3,0,1.3043343431091925,0.3649076134227932,1
9964316392,280,2.783066300672735,28,67,1,0,1.2360021234818979,0.26309012587642155,0
9358480807,29,5.959737427241966,9,103,0,1,0.37397234615597263,0.22984316574514646,0
9103133211,298,5.826107788886868,28,55,0,1,0.9736886572614567,0.441896012071399,1
9194542873,109,7.802927666114773,30,76,0,0,0.41258864758008573,0.014442172382899673,0
9349025392,261,7.699226404095526,74,47,1,0,1.4199488996888279,0.334603151113513,0
9216683198,86,6.871533764304781,29,71,4,1,0.7901294708227772,0.5210404646604093,1
9325544257,144,4.766740375988165,24,199,4,0,0.3852113477750936,0.1579244772211533,0
9380051608,182,8.961083669665863,79,69,5,0,0.9905536859573232,0.4231167716122218,1
9504379383,210,6.414495657102338,57,66,5,0,1.0900925726970048,0.42508716083841247,1
9502280322,226,9.906885659392394,56,195,0,0,0.9469575096220572,0.08351893990860479,0
9783845575,217,8.284013270376406,62,162,5,1,0.43836174647219783,0.5695619169988135,1
9239289643,83,0.9209432067640991,36,94,4,1,1.1293002227150162,0.6365980415779661,1
9266222944,20,3.545642117263019,57,170,5,0,1.401387861574884,0.39420217131516305,1
9704423721,296,5.932819306474041,27,108,5,1,1.432988752045328,0.6864481519010842,2
9307636706,265,7.353960609779128,26,55,0,0,1.0512715544960665,0.13957172588884512,0
9553006085,21,5.728196728738444,69,111,4,1,1.2763433713598555,0.6457728438183216,1
9623696806,87,7.968239013390727,36,42,0,0,1.4700845346535714,0.16399127599773983,0
9773365427,181,3.1852287011947737,5,71,4,1,0.1607331245179374,0.461081897194482,1
9966281238,105,2.247164486711838,76,81,3,0,0.7677868017546697,0.35566844237001827,1
9409680728,282,1.012208496002816,61,104,0,0,0.5079712882501514,0.20926005263798436,0
9732998266,188,5.94648057342946,32,109,5,1,0.7647020424476114,0.5880398115458934,1
9660149681,73,7.041695446417204,77,52,5,1,1.3836849174734986,0.74825851140648,2
9501184170,141,3.598422312633935,39,144,0,0,1.476740620017832,0.1873778066505326,0
9210002066,281,6.329049756130828,40,24,5,1,1.366894146607008,0.7410120338526044,2
9920648644,118,0.9954936931066278,41,107,2,1,0.3759644188283431,0.4713864726087883,1
9940135434,282,1.4432867898196347,8,76,0,0,1.2240100101210005,0.1847617597366844,0
9975170295,177,7.166670336455734,17,121,4,1,1.244719271595218,0.5443162685539575,1
9901970443,189,3.996662199564338,14,115,3,0,0.911130880486977,0.21777575926366516,0
9200200009,67,6.877673295478553,3,134,3,1,1.1008488784026567,0.4191864525292429,1
9503881991,88,8.40135064265922,33,124,4,0,1.3675003153579355,0.2750004967977084,0
9259506327,70,8.59991315602311,61,187,1,0,1.4918299662251069,0.1822373047414021,0
9558148347,130,2.135592631912284,37,138,5,1,0.15609750132122963,0.5420212552422669,1
9284058331,216,5.119712937337792,70,87,0,0,0.46002810824671003,0.1653668177415517,0
9132134440,43,7.472303874508621,22,132,3,0,1.4084065088340127,0.20630780123264475,0
9433260963,79,7.852815664535649,19,112,4,1,0.560809040990542,0.4368799636111039,1
9213566180,26,7.954421816924337,55,194,3,0,0.24908479454812407,0.1001204468760162,0
9678027092,29,2.6675896766155525,52,181,3,1,0.538572476334345,0.4788509543740682,1
9367787335,78,2.3290807683758468,1,88,4,1,0.8258940944645574,0.5062083221152368,1
9305789750,224,6.105118448600111,20,186,2,0,0.640527754361973,0.10333524247356878,0
9712782984,170,7.540315078513087,75,142,3,1,1.20362435068013,0.6090344744727919,1
9726938414,111,3.531825397574836,41,156,3,1,0.9554499161273659,0.528122085164386,1
9941129870,215,1.4946989901930046,56,161,1,0,0.7088663788871004,0.21396091091746933,0
9809056431,154,7.3090906376457365,48,123,2,1,1.4961657118684837,0.5473974644391358,1
9731179501,66,3.3471293981100425,9,98,1,0,1.3403143788245462,0.15352217268162505,0
9241857895,92,2.0804458809613573,71,113,4,1,1.3071592001341685,0.7156770867778973,2
9186717649,278,1.9033735197727508,60,138,5,0,0.8941545744968623,0.4445914000356838,1
9778410793,196,3.4916407015038047,20,190,0,1,1.1918954861049573,0.38339443658121586,1
9948698171,15,6.130441626180582,59,82,4,0,0.5702396334029982,0.2666134564941928,0
9941380307,119,3.9048212675912577,12,189,2,0,0.5617907694250205,0.07279037045324069,0
9348335813,147,0.6962875901376001,47,135,5,1,1.3488743397683447,0.7309594696905503,2
9285806091,60,1.4206301294392052,39,28,4,0,0.9355666853511625,0.3609704406888691,1
9813111937,60,3.2597808483868813,62,151,2,0,0.5810215063749682,0.1986052105843536,0
9386739206,96,6.7671925803973725,75,13,5,0,1.2834520748957798,0.480657938022725,1
9587363407,77,1.4358931979510714,8,162,1,1,0.7195756327125119,0.3506516908834219,1
9560331394,93,5.826240108256478,56,100,3,0,0.6599662361934269,0.24208106704413346,0
9585763948,51,1.6389157728280406,50,81,4,1,0.13663941213320277,0.5383297401820479,1
9770630146,228,2.510345609819124,39,86,4,1,1.0506035304963333,0.6574982763417304,2
9732160538,66,2.1357910117797463,75,176,5,1,0.8456994340818833,0.674204439948469,2
9215553905,235,1.1386720379226998,72,185,3,0,0.5365607682757983,0.31488989440469006,0
9825223274,205,6.877633265172608,63,90,4,1,0.29502200370443155,0.5602877079291271,1
9130284261,257,4.902333700167328,69,64,4,0,0.3553818738967903,0.3516011537989403,1
9704351392,175,8.395007688524714,63,155,5,1,0.41480682069236685,0.5599533928874542,1
9521390555,71,1.439462979832011,24,65,0,1,1.3112849799646844,0.46051397517111137,1
9967650688,272,1.8749628667116864,27,139,5,1,0.7728904934852888,0.6340306381510279,1
9243381494,121,3.411348447829281,9,176,5,0,1.0736959554989727,0.272423999952592,0
9891239679,262,7.775726875918678,27,187,5,1,0.7458457897880756,0.5333094389302115,1
9588308231,208,3.4047088199791387,35,79,0,0,0.7632229648152382,0.1454469166047456,0
9718431076,187,4.37997772123758,10,43,3,0,1.2510070248336493,0.28042777699185356,0
9762681467,35,3.365233879823063,20,126,1,1,1.1796194223364875,0.41650485745583504,1
9402269103,255,1.2621307721097847,25,191,4,1,0.42499344661383076,0.5206036443283424,1
9753282922,28,9.42461941751378,17,110,5,1,0.976007733144395,0.4947421616338287,1
9371278692,274,5.711120424676294,67,102,4,0,1.0522635012213295,0.40655484171711065,1
9917432835,29,7.984415287762219,40,137,1,0,0.6667248235836788,0.05742732871022818,0
9308706525,115,6.754392375760312,14,174,4,0,0.19566446029313733,0.09359369339271943,0
9595201221,246,5.385415651088763,22,96,1,1,0.6199667742347895,0.4008710250951097,1
9458475509,255,1.3519434382641111,40,18,3,0,0.6016272761899867,0.3369719518836291,0
9559020050,90,6.605968680067892,5,159,3,0,1.0668814134773419,0.13650414545646639,0
9668723999,159,1.9760183813999053,70,20,1,0,1.2333249408779416,0.35818677232855417,1
9605277064,19,4.436640108884628,59,134,1,0,0.6544220597071573,0.14010763252491,0
9330225419,233,6.476574863064088,78,151,2,1,1.004002754795877,0.5728947655520696,1
9122362925,273,7.931175504485172,51,155,0,1,0.9999684096568642,0.41487210310500167,1
9399216758,158,7.007929169231886,8,173,0,1,1.0074172120762162,0.2904282487516967,0
9820527934,287,6.879568526018974,29,18,5,0,0.8760326058436324,0.37535242372234157,1
9625849588,283,1.9159009871644712,43,179,4,0,0.9809026468757124,0.35343417244577846,1
9821210900,203,3.788221130680085,61,67,4,1,1.314762428471324,0.7261961711817313,2
9678408716,181,0.9076665902718444,42,12,1,1,1.3905605252952413,0.6167419306188335,1
9413580705,274,7.335030485176413,27,31,5,0,0.22851920521725289,0.27771860547062005,0
9812770819,35,9.549566822515482,7,115,1,0,0.11645360297919381,0.0,0
9666625381,35,3.00904870670122,50,44,0,0,0.8264821398454076,0.16290260563436762,0
9862312414,43,1.3331187370419384,29,160,5,1,0.6779373040063553,0.562071718302926,1
9770590522,273,5.017915729159709,10,72,5,0,0.7316372160354406,0.3068814771743364,0
9796787190,147,8.638633119711903,19,127,4,0,0.741907280496038,0.17981527622298174,0
9657600383,192,5.7437548550819075,30,65,0,1,1.3532640281425323,0.459666625116121,1
9154148890,251,0.9443829268060764,33,170,3,0,0.991277893432414,0.29580408542355013,0
9902561860,63,9.755586285015488,11,132,0,0,0.7192761054553426,0.0,0
9356648728,177,8.372174144644706,47,112,0,1,0.7366957937660056,0.3648874055161842,1
9499562882,128,1.7501437319893465,27,156,1,0,1.282303679057877,0.19375805003640645,0
9217680480,152,9.257078686783334,66,160,4,0,0.40387872105498057,0.22241383561853095,0
9226118083,90,4.781538741749292,62,173,3,0,0.12064508954795945,0.1660989458447636,0
9413354131,254,4.0330309104619415,47,150,0,1,0.7694343365478776,0.4224190827935354,1
9702403745,71,4.880006640008288,41,53,0,1,1.4446593424836387,0.4794823747512706,1
9441048701,55,8.428433590273999,51,158,1,0,1.2401208563026351,0.14208996633969487,0
9654167293,96,6.765056943724465,4,7,5,0,0.6717533136665599,0.25052971431529364,0
9904928188,108,1.0628602977974115,76,81,2,0,0.3451387272894969,0.2759623237011707,0
9472977115,62,9.597241525603623,11,170,4,1,0.8981893216371745,0.40489915362255074,1
9564616924,201,1.9039492680440187,58,146,4,0,1.3315863888396675,0.4240429754442318,1
9299672072,89,7.5828955414858354,64,133,4,1,1.1041829921139021,0.5987405458891717,1
9396625523,25,6.5432970390672445,51,96,0,0,0.8562803121699393,0.09765073965825243,0
9822447845,203,2.281516455492328,42,127,0,1,1.1288271277942559,0.4732143912027361,1
9275207857,150,2.1219547230739715,62,122,0,1,1.450516554388581,0.5470985298497422,1
9575660933,117,8.768112140194575,49,15,5,0,0.8737709126739318,0.35358516383853694,1
9141156155,274,4.487101773246173,38,172,2,1,0.8774871231909348,0.49201990017062464,1
9376381611,299,6.718476884654316,41,8,0,0,0.7700446463711563,0.1797669682820203,0
9749811393,218,5.288674536638396,79,166,4,1,0.8932581683276665,0.6526102190929927,2
9407678126,174,7.409858412221616,16,197,5,0,0.9892271198855622,0.23368895343960808,0
9751408747,161,5.05280256287364,42,188,4,1,0.3859908476608356,0.48511860429815,1
9998787179,299,3.2301091949278997,48,14,1,1,0.8952408711493947,0.573400927532126,1
9375139016,277,3.952142024466716,4,85,2,1,0.11884027985584716,0.37520179595576775,1
9562990036,160,8.661238097278256,0,75,3,1,1.4131010856463444,0.48280393977688896,1
9118562775,216,4.946329582765907,66,107,0,0,0.1529750139926319,0.11160104668592492,0
9397448405,264,2.527768656323788,23,196,3,1,1.4414143261334527,0.5787864952601289,1
9436077954,150,9.378751186733906,28,145,0,1,1.45658987425482,0.37274577066977155,1
9657580875,105,8.067704336734582,14,26,2,1,0.8375063219674448,0.4181883065952784,1
9465965787,236,1.0288283875338917,3,60,2,1,0.5653854517991339,0.46318364689882263,1
9209242141,202,9.989958138814918,43,126,4,1,0.3589310033052431,0.4668088893975169,1
9846300377,127,7.1018036161809714,64,197,2,0,0.3270445735187939,0.12139037209475026,0
9585087387,14,2.022532690885576,78,96,5,0,0.433107515257928,0.3789358428736578,1
9426323959,252,2.7530929723366664,30,101,5,0,0.7666891234205293,0.3631655791424235,1
9474432985,30,7.078232071794695,19,145,3,1,1.140057393929587,0.44211810241001404,1
9532234685,161,7.9077300251516585,9,5,3,0,0.6582214232506048,0.17677714382158602,0
9830654370,137,2.770841459923158,10,42,2,0,1.1934169146974478,0.23599326557794917,0
9709765043,133,2.941204112043073,27,190,3,1,0.8904206058277372,0.48477269002147827,1
9767265569,155,3.417646601284578,37,157,5,0,0.1269877659609169,0.24031010603322844,0
9520655144,286,6.1811744659480485,79,46,0,1,0.2845080782446937,0.47098354246465324,1
9960500910,161,2.132253693862131,23,89,1,0,0.9011495375356227,0.17673423351126247,0
9921457233,120,1.4903103894053864,38,165,5,0,0.3256318042132534,0.2761920918327257,0
9588670282,125,6.949208846312379,50,189,4,0,0.9516363852131736,0.2581391934031656,0
9749173944,197,7.901430428035116,75,41,1,0,0.7233929292223369,0.2367733197035923,0
9896739862,66,5.258829341956802,49,189,3,1,1.0661151368014616,0.5101778643126939,1
9619384239,260,3.9564107475496613,6,102,4,0,0.5080118820426734,0.22131783020785828,0
9431785087,159,4.604405778501525,67,66,1,1,1.250275280072387,0.5789301642666681,1
9539697045,171,4.189874421783543,52,135,1,1,0.6444380036679801,0.44615406737875507,1
9492764228,129,9.619856628257915,36,34,3,0,1.2153071634396195,0.26079858007365936,0
9341359467,79,7.796854099581832,53,199,4,1,0.12711911500533377,0.4185087112723247,1
9502598749,108,2.4768285410760478,54,195,5,1,0.6503177385286024,0.6011161861305198,1
9117071962,176,4.149796944512811,74,86,5,1,0.40826380453604616,0.6696274265435053,2
9676136098,160,5.6681167679495434,30,27,4,1,0.7211524461456391,0.5711875589887488,1
9233640480,11,6.3233656896050405,64,70,1,0,1.4255339301788985,0.25111701667954067,0
9642302931,161,4.947747012273287,58,193,4,1,0.3225401662156413,0.5122651891319309,1
9856676879,74,8.196203032613612,46,6,5,1,0.22319478770587847,0.5486622714666755,1
9556742817,78,7.792257184853201,48,159,4,0,0.18189462151948027,0.15362026836409923,0
9422569281,130,5.299000226967584,17,180,0,1,0.2727039647534212,0.23205313971346625,0
9378827490,118,8.617079174426438,2,67,3,1,0.18674074247246206,0.3334706056702449,0
9900269223,256,7.635350539202666,17,9,5,1,1.0586332578410624,0.6374284511371622,1
9116394487,102,7.896527562846111,57,133,3,1,0.26436245713766954,0.4379151641023671,1
9399106459,277,9.585807404617459,70,154,0,0,0.3764158773696058,0.08450688309560983,0
9880264494,112,3.0314359414874255,24,78,1,0,1.0037433288783795,0.1729386348342231,0
9851110054,121,3.0426575424850673,17,113,2,0,0.7246210367041387,0.1524593005613425,0
9817826501,71,8.945046429061081,51,28,5,1,0.17653067741353784,0.5335264574742249,1
9554138056,145,7.836150547163955,42,63,1,0,1.4589437599166195,0.2267061112906936,0
9766932883,64,9.30218264363846,66,182,0,0,0.939903449429072,0.07572888887449376,0
9473838791,117,1.0997365230823042,6,27,4,1,0.9593081601150116,0.5891201409368138,1
9412119030,267,6.463692233985167,73,150,0,1,1.2936161612394341,0.5181196325409101,1
9225739862,262,1.8739692121727507,43,93,3,1,1.3727307961105297,0.6743567316538571,2
9431047551,231,5.287023383779535,43,26,4,1,0.17992650135648,0.5594968995574232,1
9713673150,176,1.9795958526077202,50,48,1,1,0.195684822928311,0.45916036185343795,1
9488179522,169,1.716745835356353,78,48,4,0,1.1871712902963212,0.49442627147794904,1
9933870339,175,0.615599281129315,20,41,3,1,1.074168552731464,0.6046797016208906,1
9599876281,214,6.487268717637591,36,11,0,1,0.40353737359368747,0.38314392688625815,1
9154351768,276,3.9107148585558176,27,28,1,1,0.5497178509086191,0.4633875638063645,1
9337557541,147,1.4992887063502311,31,173,2,0,0.955457329296561,0.20711341503938457,0
9574069134,257,3.5669588884474432,56,74,2,1,1.2045867544349382,0.6272802372041566,1
9394228500,64,2.104968868790057,40,75,0,0,0.9444189817179802,0.1576373180473436,0
9242547170,218,9.446100899265765,53,150,1,0,1.2087560483020283,0.1780808483383875,0
9156501560,26,3.540046414732807,26,76,1,1,0.4200652595733959,0.35936060750534726,1
9331698036,77,3.6725584712492036,73,64,4,0,0.5635601270339105,0.35233984692241216,1
9779920564,142,8.478651032296064,39,184,5,1,0.24227237668107857,0.4609455394808433,1
9757829165,197,6.65367973221704,40,181,0,0,1.4787402047916096,0.14963800112172193,0
9139722995,147,7.246630270328513,69,199,4,1,1.232586358660666,0.6119007997953378,1
9908763021,183,6.542017137895125,23,49,0,1,1.1021032713593457,0.40979818690838005,1
9759740643,106,9.48886469751137,17,141,3,1,0.3727374509289382,0.33887878440800284,0
9620569291,180,2.466507899801429,73,120,0,0,1.0781574211087928,0.2520307957354379,0
9168997670,163,9.89587279668006,55,158,4,0,1.307377894871979,0.30235154049114343,0
9346514056,192,8.394083686786875,14,158,1,0,1.2344884646806944,0.09510961152024083,0
9265130082,251,6.095239594325251,71,34,0,0,1.156559517283953,0.2753276002755047,0
9353806331,294,6.792530431764365,34,31,1,1,0.642019763287499,0.4589320064133275,1
9808604748,36,6.663845826755834,26,136,3,0,1.1737499166852263,0.19298384008115715,0
9739294670,69,1.054764128561962,2,183,2,0,0.7784016714149926,0.10015103102705557,0
9144181713,211,2.5711567360534167,20,87,2,0,0.6663357800081575,0.19487307943500456,0
9747545970,259,9.633973402985117,38,102,4,0,1.4506952477081085,0.3380424155558183,0
9775147488,78,5.5764620741641036,31,74,0,0,0.30533784641380574,0.023272996679687456,0
9633549701,30,4.0943592309881645,49,83,3,0,1.31060653396921,0.31689047330444725,0
9833289722,161,7.739365402196213,8,142,3,0,0.5509403981945343,0.0951737962903229,0
9100809178,111,5.4829299552301904,49,122,1,0,0.8229778458097071,0.1558121820344026,0
9359590550,104,0.6250463286030271,0,110,5,0,0.6081103810432444,0.25820602311528634,0
9826197690,238,7.49425716879362,3,40,4,1,0.8044765151229785,0.5128227624559006,1
9576696154,134,7.4560668205021825,3,50,3,1,1.245763588894905,0.48950216215469566,1
9700261985,267,2.0689127650447565,33,108,0,1,0.3562184927816199,0.3893692659532573,1
9946347127,245,9.588270840030027,26,138,3,0,1.1567102807822744,0.2105793169468459,0
9656210733,171,2.627127249640586,14,112,2,1,0.724244560660283,0.444483820283547,1
9592046947,51,4.848618990130893,31,108,4,1,1.4089303531536024,0.5962382144968617,1
9665268980,285,1.5899916319786893,40,74,1,1,0.8657822871482942,0.537813974874051,1
9300352583,77,6.2311820347805895,70,93,0,1,0.15792556137745536,0.3557102162812609,1
9653401021,182,4.066785640543518,60,7,2,1,1.374288531421505,0.6641465294173918,2
9660066082,134,3.855147890992202,62,182,3,1,1.39429022972895,0.6172863862089009,1
9799053714,179,8.356280333598999,60,46,4,1,0.35188989891782385,0.5576847572002842,1
9324860158,56,0.5908362720795433,13,114,4,0,1.4617273770422439,0.3315005833134481,0
9575541325,270,8.080494323478014,22,186,0,0,0.7241192746898326,0.018428381081043763,0
9841089875,226,5.928761374606747,64,171,1,0,1.3801875950177265,0.2572440415735129,0
9177309808,133,9.86793587806189,31,122,2,1,0.6097092384515477,0.3669665447441097,1
9280494616,171,6.0997105957403654,40,59,5,0,0.1317571805692923,0.2687143345194307,0
9836346535,210,1.0261017744056002,25,143,1,0,1.2130286819945355,0.218000220546477,0
9216715789,284,0.9811306012154001,47,118,0,1,1.3401357144514419,0.5515260518529217,1
9821883289,215,8.889953370532403,72,34,0,1,0.32793211589197924,0.415005746793982,1
9229009366,49,8.491534382355004,15,112,2,1,0.8755733128460951,0.3619870516199381,1
9647410581,282,3.7859557180292205,30,85,4,1,1.2641815559582,0.6624703180986335,2
9565323951,197,6.371308599720804,65,188,4,0,0.7461640685265994,0.2938673183598757,0
9992014584,102,5.151117892028203,31,161,2,0,1.2037122199419878,0.18708205168870007,0
9281325906,51,9.688058523792495,9,21,1,1,0.9933306068290066,0.3502929705339709,1
9790502578,116,9.52462855833047,24,37,2,1,1.1090225999047616,0.4532205026219391,1
9426585218,74,9.846470581137359,44,106,5,1,1.3863422055797845,0.6139367510292592,1
9117016233,144,8.73126341602551,23,25,4,0,0.6835526969989207,0.23090116264756438,0
9956053010,33,9.140740112363462,2,115,1,1,1.1793648518906237,0.3116349008785133,0
9335822792,37,2.564148398287796,61,14,3,0,1.0977569568100893,0.37307772070442385,1
9484231707,71,8.394564495402857,78,107,1,1,0.7145845998534824,0.44994871137091697,1
9177337555,282,7.234142575440609,66,43,4,0,0.6336435065769433,0.36742750988394585,1
9621170637,238,9.646471833866666,54,82,0,0,1.3338965340549935,0.1882765887468659,0
9354196808,29,5.926987370204884,9,179,1,1,0.3866352990742984,0.2377557207797905,0
9335154170,12,1.3090880837502854,54,90,1,1,0.5459099477767729,0.4535001367282093,1
9650778491,227,6.175289466277953,21,56,0,1,1.464274809201117,0.46139283684213195,1
9440997494,145,7.022518816202234,13,45,4,0,0.4883121061481901,0.19574389361002273,0
9240341880,12,2.593049772768069,72,179,3,0,1.3214670044550876,0.3351594432613937,0
9235382523,202,4.2440771433709195,7,91,3,1,0.6199988975316172,0.4595876086500097,1
9680203282,82,6.185782433490959,14,92,2,1,0.8716850828336598,0.4057394874048144,1
9627223726,127,4.0540045045068025,14,175,3,0,0.6576791564325839,0.14014011138449506,0
9958315763,163,4.062003313767308,51,41,3,1,0.40982246691140334,0.5501513229308275,1
9583529101,218,1.7643230721415752,69,127,1,1,1.0675482067297113,0.5808172412752,1
9974824613,43,9.437093869237827,53,68,2,0,1.4532542814326674,0.24586205400773284,0
9616457908,146,7.629696652703417,75,192,3,0,1.3499352793249528,0.3141192070198866,0
9274798652,129,0.5118126692279691,41,157,1,0,1.4793873618992472,0.263534731397174,0
9393522083,124,7.77332619821057,18,123,2,0,1.0675777925980587,0.13489608739990694,0
9514612391,22,7.528052430249658,39,154,1,0,0.14826953363940243,0.0,0
9157190864,78,0.5924441214774685,68,175,0,1,0.8756977632590828,0.46427440213336046,1
9298099208,266,4.011240827330763,26,128,4,0,0.9715214106360794,0.3098810126816937,0
9153274943,98,6.264103058092541,73,40,4,0,0.26820130393413044,0.30339825310831847,0
9388496288,56,4.801131192651341,42,50,4,1,1.2597977140683532,0.6339954847097196,1
9245292083,269,7.890868127844819,51,26,3,1,1.122112946833828,0.6254464694192549,1
9320182616,237,4.541854160027123,45,39,4,0,0.7278007061750505,0.3537838348206806,1
9420124557,189,1.961698209811452,13,117,4,0,0.5087926488304332,0.23466473934191456,0
9522442186,19,9.775948430601371,63,179,2,0,0.4105281548387042,0.07726866408009471,0
9418862132,293,2.799379931372443,60,37,2,0,1.450225579995485,0.4230678437563222,1
9302884834,135,7.318076950142657,57,145,5,1,1.222905788678931,0.6506817712397598,2
9314400954,143,1.8599849608086836,48,60,2,1,1.0707379389939589,0.5903020664829043,1
9524378408,164,3.62561983094736,78,71,3,0,1.4277322571346067,0.4435537662181179,1
9306771907,257,4.699262280089026,28,17,5,1,0.3849067798245911,0.612830999551216,1
9376987898,149,2.326204043007107,25,54,5,1,1.3006514879667277,0.6971470633732554,2
9756678979,185,4.77461597550179,26,189,4,0,0.9168245148912612,0.2420568834142632,0
9646489307,183,1.993046818421625,66,32,3,1,1.4062691556443512,0.7381357368562625,2
9539219975,83,5.810562120365956,66,108,3,0,1.0248539701960087,0.3018890643124628,0
9646585089,152,6.805275898941843,34,102,3,1,1.1381466321218263,0.5329476184006503,1
9820715624,121,1.0931256982661024,59,100,3,0,0.4111599694213066,0.28323835461803026,0
9445349756,215,8.775755150280597,60,91,3,0,0.5829944199641334,0.24348360192566218,0
9500383597,140,2.2588384078993373,69,92,3,0,0.5232279017552826,0.3142646206491752,0
9488290133,119,2.640943040543076,77,197,5,1,1.0718043294453428,0.7034085363802576,2
9711184552,76,6.782823480789098,2,156,4,1,0.6756428099271041,0.40244992208845004,1
9895987070,95,4.9531350741269335,32,199,2,1,1.3039691288507305,0.4628720079058978,1
9641922558,284,5.244258192125124,41,129,5,0,0.3976141260357011,0.30826593015211595,0
9439169974,236,1.7174723533497604,12,85,1,1,1.213934561915634,0.4964958125230122,1
9234503439,19,8.154490307825878,28,11,1,1,1.2385398662359484,0.43733756692106995,1
9478610749,297,6.362015337989995,8,78,1,0,0.9790301202605692,0.14333943037538835,0
9291462256,121,1.7861294114398323,31,87,0,0,0.3076342012235561,0.07399921787621541,0
9251570863,33,4.052993986743163,21,28,2,0,0.5574066239754222,0.1483028670361327,0
9248907677,177,8.198894360982786,57,141,4,1,0.6568381812208386,0.5413838494147073,1
9869583371,118,5.899372936872896,56,118,3,0,0.7516285775368503,0.2498696207286139,0
9455652642,199,1.5321634017628396,9,19,1,0,1.1314723643460032,0.22520738956703296,0
9176350218,205,4.041381934998224,24,117,2,1,0.5737216325622524,0.43851667935415833,1
9268194541,42,2.8055967853294788,61,188,4,1,0.12550486529043242,0.4918434224108982,1
9553961265,214,5.4159227597104005,62,126,1,1,1.31251017716094,0.5500768148094546,1
9415033044,191,8.5119307242839,75,90,2,0,0.7052574825036776,0.24517106254236778,0
9192108542,156,4.644537780641988,2,149,5,0,0.49604087717311063,0.19539045189306947,0
9782148500,277,4.6167492884990695,46,23,4,1,1.246860178656667,0.716088896643478,2
9373335620,20,9.10083357210685,54,13,5,0,1.330383535637617,0.3907693547445651,1
9109909551,79,5.9737614188190875,25,68,2,0,1.1234543795578391,0.19444605518777827,0
9449496595,265,5.878815330275366,12,189,3,1,0.5960423436482514,0.41614596394115244,1
9525109442,228,2.988143972816199,6,42,2,1,0.4235172194126182,0.4362643386557199,1
9593633440,268,6.2733661044527,33,140,2,0,1.0979195782414082,0.2201866228022033,0
9503113980,12,5.971149440465266,21,138,0,1,0.18044313475529689,0.21144938288505244,0
9208403912,93,4.270088968247707,22,181,3,0,0.6474744907086397,0.14225587126606426,0
9785591996,165,9.911607876042215,47,106,5,1,1.1623275251763199,0.6172900085086518,1
9240212104,160,8.877964167006823,13,177,2,1,0.919101012196761,0.35517321812619607,1
9826709571,185,7.6210697557297475,51,153,3,0,1.1273939853595374,0.26341777450772086,0
9609174818,204,5.6047830899235045,38,97,2,0,0.9020828326683223,0.22039254284111665,0
9440534224,116,4.889568117998987,40,38,3,0,0.4355624569348012,0.2275260107495216,0
9377828065,143,2.256525254620394,35,144,4,1,0.776500892872993,0.5669851374226479,1
9653960151,285,3.404506003138925,5,43,1,0,1.1822868908835078,0.21077035486835385,0
9984009439,164,7.852627598320497,22,100,0,1,0.42254731798282463,0.2797074803114264,0
9408259904,286,4.810615062406739,9,10,1,0,1.4482289278806095,0.25157675726345896,0
9207983879,245,8.881560407410262,59,85,2,0,0.3840085479997726,0.18308563420438284,0
9174931500,249,1.9051557952825233,29,36,2,0,0.11988981019030692,0.19317490767944656,0
9935158358,22,5.329297412129547,69,192,4,0,1.1892990551972937,0.3198809843447874,0
9874929838,44,6.646173998202433,4,140,2,0,1.3997640342150623,0.12695092946071157,0
9453076647,56,5.410060334925297,78,170,5,0,0.4452997435801036,0.3139485785438421,0
9387533387,223,8.947655470057377,56,151,3,0,0.31707906624161036,0.17264428897497136,0
9790100661,155,9.900851177376827,42,187,5,0,0.4135002196602904,0.19314314556404621,0
9892833611,168,1.6004292542430125,51,13,1,1,0.9790103895170217,0.5753260956911266,1
9202562350,134,1.7345715887307496,76,184,2,1,0.9106287560065983,0.5711939249893562,1
9690660110,119,1.7380790788211502,5,160,4,1,0.9698854309602981,0.5145126361027155,1
9537757800,46,6.971182412670012,1,66,0,0,0.11082778438601089,0.0,0
9490050450,286,4.04042290721046,16,180,5,1,0.3197819161522653,0.5121554217184131,1
9712132889,23,7.4664892820261075,11,118,1,1,0.4405332347500961,0.25914945011903157,0
9807916595,241,4.351978992426298,43,171,4,0,1.075919680314814,0.3284032803953287,0
9930560860,133,6.462263852654605,53,185,4,0,0.9522460287655908,0.2749390238866823,0
9832643733,288,7.813651053949489,77,195,1,1,0.9734616540257578,0.499601585835697,1
9559946215,120,5.708051151221746,6,23,4,1,0.8990000871916619,0.5293833966483386,1
9950868756,133,5.625284109275057,31,37,0,1,1.1423197637163993,0.4362916290013339,1
9663961650,39,1.3382260902135275,28,68,0,1,1.4183722800304654,0.47354596052109343,1
9938575653,124,4.402426557639631,45,30,2,0,1.0429929279374524,0.27964669932748537,0
9493836307,99,5.684882955636907,72,177,3,0,1.1429472498973243,0.300835074520036,0
9266654456,221,4.8888178438308945,77,5,2,1,0.9514603431376528,0.6531927603838811,2
9970305436,47,9.057429001790043,52,198,3,1,1.2166920623260247,0.47984723279097574,1
9699601330,92,9.112041005135149,24,167,1,1,1.420179306876192,0.38011035809685456,1
9857745462,36,8.308215115593237,52,81,4,1,0.9471449398443615,0.5560588113942047,1
9153102022,226,4.06533171604464,28,107,2,0,0.35340943818339055,0.15139181865613788,0
9665619035,224,7.314341941031576,5,100,4,0,1.1783730438496858,0.2506159953029168,0
9547642139,230,4.255240380161293,75,177,2,1,1.0111663957131745,0.5798604162569788,1
9677721749,24,2.709639190269711,37,80,2,0,1.4070465186778744,0.27397991195810845,0
9257841483,268,3.7575751137333753,2,37,0,1,0.4809875712153362,0.3500942738477065,1
9753798229,275,1.174164016212587,34,86,3,1,1.4580513205925263,0.6797095236098856,2
9154441451,129,3.651886335544148,54,73,1,1,0.8725565247667442,0.5042841469454795,1
9961274305,137,4.87705106398113,46,87,4,0,1.4495968691430747,0.3879603448627288,1
9192637143,220,9.577068500417885,32,163,2,0,1.1976549500823064,0.16596043867152876,0
9532293025,20,3.477400569086437,2,196,4,1,1.3123435648851292,0.48358575429051165,1
9126912512,185,9.073308622452446,68,110,0,1,0.5533783501019418,0.38485903187613707,1
9181428039,142,2.674153620323222,58,106,1,0,0.4072080436531875,0.1761417884611705,0
9675972438,23,2.314204528712869,77,118,3,0,0.9737171100258094,0.341458932191876,0
9774189221,59,5.4304568361055665,17,147,3,1,0.6240635444667982,0.4022054766360824,1
9404651525,81,6.888858008325356,76,50,2,1,1.4802529118741674,0.6305640533249958,1
9707652053,78,0.9211563826216735,65,124,1,1,0.7936958950748704,0.5132396308175244,1
9118861720,25,2.6001257179485586,24,52,3,1,0.2546642890887445,0.4460248727419333,1
9112545745,65,4.828994831762506,19,72,1,0,0.7983237547279824,0.10593424591954118,0
9580405392,114,3.644541191840224,70,87,4,0,0.8491161878817949,0.3785594482437327,1
9270793532,141,7.269900253809058,74,89,0,0,0.10662021232581698,0.08515562243338934,0
9546984453,57,5.3560256623925095,68,130,1,0,0.4436851560176168,0.13616991077340393,0
9296059865,257,2.023411503237052,28,172,1,0,0.10187535220223953,0.07747743755875745,0
9775942682,282,8.99742110349336,17,125,3,0,0.8854018026142265,0.18122916307178685,0
9701398919,120,3.2826039170919157,71,133,5,1,0.5089873400359614,0.6469372337992124,1
9215166587,47,7.445745535162023,26,24,2,0,0.3424905879409663,0.09878325746430504,0
9960991928,249,7.909199901501394,41,154,2,1,1.2740169777300914,0.5076216385095944,1
9449382748,130,9.649998152432971,65,186,5,0,0.14202471135159667,0.20915965419966254,0
9626218082,57,5.235820931978963,25,69,5,0,1.0683926912722272,0.3223272717689197,0
9942233255,19,6.350437396912105,22,147,5,0,0.9021988149160781,0.23312527569365077,0
9575796770,242,3.6813247880555706,4,65,4,0,1.1801731119683907,0.3144782093128734,0
9948119215,45,6.9427032874146315,79,83,3,1,0.28516863400380077,0.5111577966314805,1
9231783404,13,4.902143115730038,10,18,3,1,1.320212056560812,0.5285663960652036,1
9989026359,53,4.657697464882012,18,73,0,1,0.5502832506634384,0.3082749538343619,0
9490272688,65,8.626941526603002,79,126,2,0,0.1119660741520665,0.12999596391234525,0
9171178892,51,0.9766040132375423,11,53,3,0,1.0193476671893338,0.25445247190386955,0
9258945980,264,8.87864306440275,1,138,5,0,1.3030925291840223,0.27347738672924965,0
9123647205,237,8.59466345937129,42,173,4,1,0.5951680175509265,0.4954842005936557,1
9547260720,123,5.310479408836996,21,163,0,1,0.8386037433085555,0.3154566962909827,0
9132916781,246,5.156927114953469,25,120,2,0,0.6772663447026681,0.1692388359848785,0
9312587376,183,3.9371699963371567,32,94,2,0,0.15945148834469688,0.13368813864531776,0
9457844103,264,9.944651020976476,23,196,2,1,1.1543810543430049,0.41133991426944294,1
9257717034,286,1.5561086611614916,68,93,0,0,1.4180602922010523,0.3342605977968551,0
9503403155,78,6.1070447384717665,20,183,4,1,0.6881090036491008,0.4395885435762311,1
9563967099,239,6.975975106067962,45,191,4,0,0.302210100352613,0.19803684410283132,0
9249928800,76,9.376135078060972,17,187,3,1,0.8071040938284163,0.36135553698934497,1
9481653593,45,7.911933220139234,4,121,3,1,1.3666565550370469,0.44155558796277494,1
9325853780,168,6.616548426709695,7,126,2,1,0.9481470770372848,0.39992906812395784,1
9909766644,158,1.6097170097151654,56,181,5,1,0.3973006227236747,0.6059928039435923,1
9409446576,36,4.05046840989894,4,172,1,1,0.8744915086501404,0.31293336011922956,0
9154407485,81,1.81899560420586,12,19,3,0,0.5576115347189617,0.2161854369158051,0
9730487657,257,8.87152095842238,65,197,4,0,0.13298406850905312,0.20178317005335114,0
9286783082,110,7.621400977854608,36,11,2,1,1.3790993128942657,0.5468684391463899,1
9290644021,199,7.696599474573678,28,194,4,1,1.2122375726122796,0.5281759816852563,1
9880626301,105,6.6964369188486685,68,58,2,0,1.3937071317917697,0.3268876127888284,0
9219494888,291,5.316913600898742,31,184,0,1,1.0559165924939256,0.39825702788848616,1
9731424776,287,1.9247250649032235,47,183,3,1,0.7296340606337269,0.567242719830542,1
9386397783,26,3.632101423697992,1,8,5,1,0.7904637947878498,0.5564537716234995,1
9474060580,272,1.8007000285304604,68,5,0,1,0.38646854228258043,0.5278011580648775,1
9248443952,116,7.38667485709726,50,109,3,0,0.6408187400654365,0.2091914838560186,0
9602796840,77,2.022173372209048,34,70,5,0,0.32939129411575596,0.2972942081607155,0
9392945424,137,7.170078726631012,14,167,5,0,0.7628465692416623,0.2100339769227606,0
9588932183,105,7.0764262011610946,71,85,5,0,1.0042866816251712,0.40084728738108744,1
9235718676,10,4.863392550417244,64,142,4,1,0.4592347413397213,0.5284141250224265,1
9508980274,189,1.7846722141214968,37,199,4,0,1.421274352489374,0.359286855729267,1
9657755962,190,3.4906078482733487,16,72,1,0,1.0055845375733816,0.17344951699619227,0
9131834022,244,3.540884536217739,79,106,4,0,0.4078847694896649,0.37227222457081355,1
9421175734,17,7.153658764861287,44,197,2,1,0.3338008716195757,0.327245532749347,0
9633531688,36,1.5805586844303812,0,55,1,1,0.33795907044401796,0.32768838424011754,0
9227424038,155,8.376152139052863,2,34,2,0,1.463397936808808,0.19192726008175598,0
9853424063,100,7.729569256766182,69,43,1,0,0.43127211532474685,0.16341448942444212,0
9968694794,281,2.269915722655602,51,142,2,1,0.3357233071937239,0.49973114152471293,1
9292644589,14,7.332061626899449,52,176,1,1,0.32958562843168826,0.3082988692223425,0
9961557642,91,6.850875223944307,2,164,3,0,0.5820126810302145,0.06639768570296072,0
9664741452,228,7.6071476010538,46,176,5,0,0.9614419957404661,0.32038726827621034,0
9870631806,127,2.2948212767625975,74,67,3,0,0.21070867973649055,0.2966138529138943,0
9206221101,90,1.997108060486452,5,65,1,1,0.3232084095289154,0.34156971241763245,0
9809545516,79,2.746597866266165,45,69,0,0,1.4670337658352828,0.23090154417170664,0
9720949504,124,3.975781179915269,60,173,1,0,0.964908662289789,0.19364633198245812,0
9700747175,272,8.039817319840111,42,85,0,0,0.29555668473151797,0.06352232766303417,0
9837996395,151,7.510277406049075,55,16,5,0,0.8701364204748459,0.39030970825105926,1
9791580235,216,9.291790126646065,69,128,2,0,0.4373125542379759,0.17782602498880434,0
9668046151,120,1.0569808114368469,19,6,1,1,1.463062928495526,0.558633781682221,1
9776934087,121,0.6097846696347632,46,77,0,1,0.6443367339771414,0.4472696587083065,1
9834194620,52,7.141818882157591,53,80,5,1,0.2993251653977538,0.5433338599285061,1
9135103852,294,3.153231210044574,40,192,1,1,0.9581515408759927,0.47353941038458436,1
9563449355,137,3.6737495075712667,74,29,3,1,0.2922297019680958,0.5915159034786497,1
9849935036,194,5.694619246187866,65,122,3,1,0.8252979040485314,0.5796836508649026,1
9355003887,238,1.472924669704586,30,193,1,1,1.293126140226296,0.49596670745736726,1
9300693664,230,6.6055969572064726,63,112,1,1,0.5840230410710867,0.46189893477538607,1
9416927276,126,3.588900739195927,57,103,4,1,0.7684740940485543,0.6155000824154755,1
9980728166,79,6.510793680859421,54,26,5,0,0.2516565272633624,0.3016359257679571,0
9976315611,79,8.423065674197165,45,60,3,0,1.004878015141607,0.24382524039329354,0
9405794297,119,2.125557666705582,23,153,2,1,0.25696781168301586,0.3803127787348283,1
9106722055,141,9.343294382687942,76,59,1,1,0.5577506263117764,0.45791054256515773,1
9584818072,65,5.541537340093216,36,44,4,0,1.2776560011794633,0.3391536053937503,0
9685839450,98,9.2678137691527,40,183,5,0,0.30988605635893285,0.17060589486657285,0
9109035949,146,2.4734357809168923,24,154,1,0,1.2762380868916858,0.18340067438933294,0
9319624790,140,6.243345313740257,28,160,3,1,0.9828006154651795,0.4753492634242718,1
9132672748,227,4.336927614574245,30,125,0,0,0.2974607051124392,0.04918548657193508,0
9441825966,185,7.855110815982125,1,8,5,1,0.33588911397132126,0.49362869721810654,1
9355656662,180,6.256134960526316,11,30,0,1,1.028498745956077,0.3860962299884134,1
9274198448,109,5.197896841104026,4,116,3,0,1.1208396563050147,0.18419266333002016,0
9545798062,138,9.173361361094582,60,117,2,1,1.0180268957427347,0.4933828911559933,1
9622258259,66,4.082612109630962,55,192,5,0,1.0996727358931713,0.34831938299160903,0
9901397585,190,2.5898119465327243,77,27,4,0,0.6062168601735077,0.4280849465290949,1
9128751505,255,6.276961275094871,70,173,1,0,0.10200943854816547,0.11991759732464143,0
9591720641,153,6.428270153141731,36,62,1,0,0.8404605514853413,0.1585160243405402,0
9809924163,60,4.671398904932817,35,12,1,0,0.9323248437173524,0.1885721943868885,0
9674833629,227,5.122795415049132,73,120,4,0,1.062716352286842,0.4068357506271648,1
9316272544,113,9.61575743584905,28,55,4,0,0.4238382904175949,0.17710483895325616,0
9985779070,64,7.460514068269612,79,193,3,0,0.3383244816172638,0.18138943564150292,0
9798638755,266,1.5507166390844815,37,5,4,1,1.2624275904568205,0.7405660445191381,2
9611328849,165,2.515235673270804,40,124,1,0,1.2778158790673664,0.2391550774088343,0
9496360164,62,9.76797802713781,32,34,5,1,1.4826548000402313,0.6322361730125073,1
9619798418,196,7.401422761038547,12,21,1,0,0.5756649519826349,0.09302938777212029,0
9513697774,159,9.192928698374205,5,155,4,1,0.18262529625928753,0.3437498911706241,0
9825625243,273,3.3866839078928592,65,106,4,0,0.7662373238239488,0.3933582719641596,1
9312960167,259,7.547735170822627,7,126,3,1,0.7716443470074903,0.43584116625769403,1
9105059667,220,7.283025730973359,63,156,0,1,0.1511422754310469,0.33315743094671196,0
9745624944,34,3.2995548616740633,8,90,4,1,0.9050860047800827,0.5070823289001878,1
9404975584,161,5.7327550917817005,22,73,0,1,0.46514665573506875,0.3229578709201612,0
9762454603,33,6.460443557067805,70,93,2,0,0.26677558661383116,0.16228774770884605,0
9444370553,261,5.070752202860918,20,184,0,1,0.9468477606064328,0.3553727048384409,1
9405290994,69,8.358197713251121,0,75,4,1,0.4952842759965075,0.39603574056056756,1
9549989262,75,8.4122558970809,45,62,1,0,0.8862031113767239,0.13964730260023608,0
9923455654,62,8.580705208864789,61,154,1,1,0.12129405534961474,0.31237015746890967,0
9798685185,115,8.132523906432546,1,63,4,0,0.612706915623337,0.1533512096642766,0
9824014014,105,5.136793033372874,74,176,3,0,1.311592358385414,0.3342495666057752,0
9727478300,185,4.123663832415568,43,41,5,1,1.010163991359203,0.6973190463074509,2
9867381608,48,8.398074695286521,4,166,4,0,1.3145142331033663,0.17176481162896567,0
9728998345,177,5.156913856284535,38,104,4,0,1.1366642970811394,0.33121674937432233,0
9580692673,51,2.8405282869658275,65,117,5,0,1.1076016225432144,0.4201758552615958,1
9692873266,113,5.319763557061055,44,189,3,1,1.3180324247190645,0.5409600616148884,1
9502270026,213,1.8475733082328,74,189,3,1,0.12736035824346806,0.5339123632904225,1
9523880652,17,7.070480160688589,12,172,2,1,0.6879976319802422,0.3112472872426993,0
9143513097,291,3.69125217542711,31,24,2,1,1.4445796814407208,0.6324045356677611,1
9109249677,52,2.976258585250816,42,21,2,1,0.34802643187929294,0.47191473546917206,1
9684528081,119,9.586833089230078,7,184,3,0,1.0152182979595734,0.09426753201772119,0
9696447794,219,7.880369459703922,73,8,0,0,1.2062704762546435,0.26883802363411013,0
9801312117,246,7.977160275877351,58,195,4,1,1.4070463282778218,0.6277196360828105,1
9597089224,58,6.425358708152243,10,54,2,1,1.3205164882278464,0.46032434075618134,1
9583499384,124,8.472141699847823,27,86,0,0,1.047213730177609,0.07481661388980587,0
9762806054,164,7.712043571052122,38,54,4,0,1.095624503169419,0.3171637508610381,0
9631281435,146,6.188350189269357,25,20,5,0,0.5802507981212752,0.3005532268366541,0
9838083586,176,9.630681817591315,71,76,5,1,0.4135098164851049,0.6027363295004502,1
9692177605,208,2.320152022002019,25,65,5,0,1.4420719431421563,0.4444234755797012,1
9617794458,80,9.462107330450134,31,48,0,1,1.4657923727553173,0.40943313009856974,1
9754781953,16,4.313662538989217,45,150,5,1,0.6944437388221241,0.562085964857451,1
9228812636,209,5.519790342314122,27,54,1,0,0.6751543487094661,0.14826437107069979,0
9385374117,76,1.666023535670935,6,84,1,0,0.7324049582084577,0.10366297922363035,0
9439378562,147,5.631020669757014,34,34,5,1,0.7459794425483331,0.6206452850687159,1
9245889167,251,6.306464142652837,65,53,4,1,1.2790331212282646,0.7204897381688911,2
9710474279,222,9.978164647180979,21,102,0,0,0.7029722789323852,0.02006869770571447,0
9400701953,190,9.764327905179503,21,153,0,0,1.335291876911279,0.0644797570338661,0
9150279504,263,9.68077427280573,2,154,5,1,1.0732586222983653,0.5102550767354685,1
9937013416,110,3.809686570969545,45,179,3,0,1.4515478802286592,0.30155284010913785,0
9838881533,96,9.917031738077913,49,29,2,1,1.044384515137876,0.49567176095961013,1
9239555083,194,4.827042440153553,7,60,4,0,0.6770469012308491,0.2368044521991927,0
9293448354,100,8.592444458238054,3,196,0,0,1.385171342654278,0.0,0
9954067434,257,2.555039705680234,14,160,2,1,0.42171218431859936,0.40797831898340237,1
9462462518,223,5.305415206737722,43,165,5,0,1.4509377458312211,0.4041642136855605,1
9431570988,258,9.677114913212252,38,198,4,0,0.16080059272505703,0.13447069216845983,0
9741533902,135,9.496798270772562,75,8,0,1,0.9973168359192013,0.4864664410610334,1
9287857881,13,6.995481339303554,28,16,5,1,0.12554951142671641,0.48958683196623,1
9787773028,97,8.079236064254069,72,149,1,0,0.3855632805895407,0.10668342756636275,0
9628295124,160,2.1760536177228134,61,40,0,1,0.7495653544797533,0.5037518657915633,1
9349205309,185,7.3557562200994955,33,20,1,0,0.32158224625338183,0.1079041282425452,0
9351867184,220,6.371482679186037,25,155,5,1,1.4843533755848304,0.6390812795866139,1
9500150750,268,1.3697414896368378,17,125,1,1,1.1822174934269591,0.49664586800225974,1
9386573975,100,1.5750105626019244,62,141,3,1,1.2911963763603032,0.6437101050786799,1
9754087672,268,1.5302143686369878,51,82,5,0,1.4706986417950538,0.5233379312584293,1
9389414437,200,7.381390880883439,53,59,5,0,1.044676186878617,0.3998677851881661,1
9510617627,90,1.8462944783519382,41,77,3,0,0.4732374568352512,0.24438296108000687,0
9690096660,147,4.9434565755874695,53,68,2,1,1.1597350910537048,0.5722967320193949,1
9926750389,135,3.8913271558386984,51,179,4,1,0.918035591801335,0.5807183451460959,1
9537404778,239,5.729789337317069,12,94,2,0,0.4744986804307748,0.11991570293722152,0
9872798097,29,7.211526628584327,31,199,3,0,0.6141982390429649,0.09714880247547719,0
9760986275,58,7.004864103602654,65,142,2,1,0.9510150928339474,0.48878010856350856,1
9842885986,144,5.397439201186578,57,93,4,0,0.6536362304187979,0.3098170772360168,0
9433352364,38,4.911181299298662,38,8,4,0,0.42918476888424306,0.26020133000785856,0
9209011318,57,4.279248153661458,26,34,0,0,0.7018924700767692,0.0895761185652748,0
9282683720,278,8.688144508891604,77,143,2,1,0.42704122451419146,0.49087054616833703,1
9341864628,12,3.6430921462901273,53,55,3,0,1.3251548204063681,0.3422514726932826,0
9579930341,267,2.963975301091201,78,151,0,1,1.0717031299678854,0.5442366719830519,1
9267439993,25,7.561497189725078,71,145,2,0,0.6271525066199567,0.16643700118436056,0
9487773469,103,3.9177528861189015,72,189,5,0,1.4236173719104992,0.4387877166624997,1
9943615419,143,8.54648669769405,42,135,4,1,0.6445278432361126,0.49591883414933824,1
9307791969,142,3.614942827052875,51,116,3,1,0.9042568588635201,0.5717481758056548,1
9676554783,41,7.168475833458587,13,82,5,1,0.816620967004483,0.5111561393723683,1
9411051714,278,0.9285355597106929,7,170,2,0,0.270683142631896,0.11422288373263252,0
9959523266,34,4.1628473610480405,34,31,4,0,0.6933087801697141,0.2793095519544559,0
9561976731,68,3.760686662191739,17,92,4,0,0.20856385783354486,0.16628275632705786,0
9440446379,222,8.258448023121272,54,142,5,0,0.3387718363808885,0.2712512440882514,0
9815692878,165,9.687026330668946,77,122,2,0,1.2025395711508793,0.2723104325700781,0
9140162344,285,4.878372128583133,51,185,2,0,0.5237266942820181,0.1905567377708446,0
9877325630,219,8.335944632960702,71,159,3,1,0.22453824325258018,0.47756325359478113,1
9524658966,66,7.147099659094968,48,11,0,1,1.1065421374218887,0.447119860581487,1
9395780711,194,9.690166882805086,7,119,4,0,1.2233551479545195,0.21450394849421472,0
9699800906,63,8.205530886256835,36,96,0,1,0.9093083770483669,0.34045063461072206,0
9453040943,218,1.23604162665544,65,94,0,1,1.38185628579471,0.5883735881088332,1
9152869791,261,7.276176362631244,76,86,4,0,1.2892197226712148,0.4409922503689708,1
9620431609,121,5.587247296512549,77,17,2,1,0.8737980469632625,0.6028254647441076,1
9615620858,15,0.6561425503571081,40,76,4,0,1.131814552733433,0.3599440357237266,1
9534110264,200,2.887473107891715,72,95,5,1,0.5609385698210974,0.7004962844171645,2
9217769333,288,9.256674827755484,26,192,0,0,0.9907989260719555,0.04711577319556881,0
9982984547,22,9.297583041474153,19,146,3,1,1.4676994534864456,0.4521696045873504,1
9714069627,53,8.089079371906028,37,109,4,1,1.2198213619616742,0.548192944305862,1
9909193376,114,9.8269062311409,11,48,3,0,0.624351369222271,0.12014928953298173,0
9210864279,169,8.162179633929945,41,88,2,0,1.4053122926719188,0.2520079861801376,0
9634950566,163,0.5969397792098293,49,32,2,1,1.2551911953520345,0.6491763327583929,1
9150171169,251,3.234426232864362,30,27,5,0,0.15210982654720318,0.32037339772462536,0
9816659127,190,0.7909297312587472,76,16,3,1,1.1444069874852894,0.7535043483897964,2
9811368347,23,1.3940257030068146,64,156,3,0,1.466958984018101,0.3634401029794237,1
9875367588,189,2.578987761032373,52,55,4,1,0.544789188305537,0.6303268494642761,1
9725950726,273,5.283806190092463,39,112,2,1,0.4854709421367174,0.46740083877529653,1
9712437187,177,8.551554032889168,72,154,3,0,0.9960938206640583,0.28111261008501703,0
9292321956,223,8.688684183492526,38,66,1,0,0.2541707942615966,0.08220295177614795,0
9701712183,159,6.353917656294317,9,30,4,1,1.0449662849077834,0.5527989423134022,1
9151139392,25,9.317671421129232,28,62,4,0,0.4172113654045668,0.1529199734616639,0
9511790528,100,5.250592102606977,39,147,1,1,0.7321435230390788,0.3897667842000724,1
9944581422,129,8.945842419265414,29,72,2,0,1.3487582923837995,0.20615088605487095,0
9763399571,262,4.813619935154115,1,10,3,0,1.215502135154727,0.28721348366338445,0
9485554194,69,3.1336375705078816,27,115,3,0,0.2511888260349787,0.14618900827810288,0
9209297308,275,9.205922721954064,46,134,2,0,1.1659381744489783,0.227274841603762,0
9174042569,40,4.185383218949259,31,163,1,1,0.6763951618792918,0.3538594874647906,1
9726302395,30,5.282339034022385,77,28,1,0,1.492218369039402,0.32692813587645964,0
9653665425,228,3.6241760090414337,31,39,1,1,0.5196305907803018,0.45391555878513906,1
9687991003,90,6.796957202761933,26,51,4,1,0.7588388146803031,0.5224971713284934,1
9128820898,298,9.952796637557338,53,35,3,1,0.5776489193575164,0.5431009773388806,1
9489141930,40,0.7423787142153115,55,93,0,0,0.9206697509559332,0.1894884922107949,0
9683576558,243,9.048556057067463,30,80,4,1,0.4722260171904539,0.49638444937804493,1
9408000222,45,0.5372975413980213,23,122,4,1,1.3777055529587754,0.6176270958582768,1
9279187162,141,3.960164870889005,34,134,3,0,0.9637847744169847,0.24723219447937012,0
9785600893,141,2.101764659750386,29,108,2,0,1.4197937530420375,0.2820040744480399,0
9512268938,18,7.694746916389238,54,63,5,1,1.0527249045238372,0.6287900255461898,1
9362927152,39,0.9808029871931481,63,100,3,0,0.36016837862496287,0.2656005695886778,0
9534908016,124,5.758107059051115,32,67,2,1,0.12158746594797006,0.38505987787180973,1
9860727333,13,3.30179827153047,45,149,3,1,0.6706082286970954,0.48306807485195236,1
9517210943,246,1.7698673642146703,32,58,4,1,1.4909147034314674,0.7222713560412001,2
9554318404,32,7.832273014975088,67,129,5,1,1.3276989264613712,0.6601199283289968,2
9233510535,25,2.5654599254249386,63,153,1,0,1.285522004636451,0.23939378811794154,0
9592176289,31,2.6249145145219197,29,26,4,1,0.8961578997657221,0.5925566404642902,1
9493948847,81,3.1132294588102685,78,129,4,0,0.23277513926307075,0.29917426320584534,0
9444548791,239,6.07428425636626,28,101,0,0,0.12124512690309622,0.017891337485309744,0
9356359909,116,6.766826351062108,61,120,4,1,1.2740718738716474,0.6358700419851857,1
9976180288,217,0.6672239751627771,29,187,4,1,0.3483496631404277,0.5194119385415645,1
9552084766,217,2.797761543081008,11,33,4,1,0.20737587852617173,0.5134286335728352,1
9908631683,272,4.594223003800187,66,153,5,0,1.093658313876486,0.4406416549529093,1
9818804592,60,3.653781045531715,14,6,0,0,0.10164403546117476,0.012851911708960394,0
9703670380,74,8.899621255853418,9,46,2,0,1.1371446544568213,0.13464523679791088,0
9218269303,274,7.983232943420979,60,56,5,1,0.36926441064499216,0.628579600623014,1
9123429562,184,6.445957047618862,22,42,5,1,0.5499522086347499,0.5662094471314104,1
9237064002,161,3.711402951971878,10,135,0,1,0.3403768368794532,0.2742417183352052,0
9683209516,275,7.156387276038518,15,157,1,0,1.188007334667771,0.12926756618100363,0
9676413443,172,8.514561122035047,48,81,2,0,0.7786817872806258,0.1926337476759212,0
9526499737,247,6.150888584910374,79,194,5,1,0.33216177240106637,0.6126654163358702,1
9267486618,208,7.952383935487102,13,147,5,1,0.1539437907053189,0.43426131432545967,1
9997064365,25,7.616497133297604,5,109,0,0,1.4813933727620965,0.049785905798547,0
9232954101,285,5.931504456023061,41,14,1,1,1.100114333843809,0.5460856665889803,1
9854356586,248,3.4657405598043542,16,124,1,1,1.051933446155421,0.44877646015433165,1
9692648639,78,7.5849305010120815,41,131,3,1,0.8039324631536701,0.4650027295662955,1
9805019866,15,2.4645654803972614,9,118,3,0,0.7089805996563007,0.15275288619398897,0
9787301865,229,7.90513929147957,45,73,5,0,1.2143503832633376,0.3966770411605124,1
9724635442,263,8.143193575354065,48,113,5,1,1.2572506575732465,0.6747850893378743,2
9200296497,116,8.310376355918544,8,48,4,0,0.1855416951020161,0.12347382047455277,0
9371468805,127,4.9927017242953475,78,173,2,0,1.3031885498877942,0.30733687196165776,0
9126687290,177,2.328567293819006,38,24,0,1,1.1661704607089292,0.5126976477592434,1
9731625852,260,1.4473742006276529,1,111,4,1,0.780697863153353,0.5483985865042039,1
9995599502,91,7.561931879635281,67,169,2,1,0.7668541763809837,0.45979598527676135,1
9268555037,63,8.919483153033225,51,171,5,1,1.2687156031025375,0.5912620745359058,1
9658550953,249,6.682964408950613,10,123,3,1,1.2109867293205254,0.5045228346110556,1
9744602340,21,1.869520573689511,36,113,0,0,0.29431558747259484,0.04298362361243725,0
9467134841,218,9.381516260916953,71,12,1,0,0.8688736094371293,0.24756997133478537,0
9598813052,174,9.896469138123535,21,47,1,0,1.4571003998863805,0.17024441832888323,0
9617101092,16,4.617096794381759,51,142,4,0,1.1296465443691976,0.3041690904583892,0
9984414633,87,6.150840248100827,4,45,4,0,1.4621696019342625,0.28735026925490154,0
9636027259,74,7.883670940015749,1,136,0,1,1.1863964628294883,0.281746857592683,0
9374734948,111,7.495703005475424,4,136,1,1,0.8345260173280291,0.3047946860136584,0
9694439254,296,9.693978323367768,31,28,4,1,0.9468637285493468,0.5879792408788417,1
9933772165,180,1.5913893652484947,18,25,1,1,1.0931787355456144,0.5120847758824919,1
9542136259,86,6.016886228356654,3,142,3,0,1.1203573854083426,0.1529235848420546,0
9429455611,57,7.073348486894375,45,50,4,1,1.146582322013893,0.6001596967989347,1
9294910408,264,8.955935029782866,25,125,5,1,1.4023630806066711,0.6249623493154062,1
9478823452,91,8.80404146332243,49,48,2,1,0.5328308925667222,0.4368078762148042,1
9264950092,218,9.790998038832255,25,104,4,1,1.2612615609869848,0.5522427441857846,1
9559034682,218,5.364745312407951,70,37,3,1,0.8975543835661481,0.6524629156123758,2
9751049597,93,8.392228234725653,31,98,0,0,1.3394615493874384,0.10557864710978475,0
9699070195,19,4.559176227209613,43,40,1,1,0.9835312449149196,0.4691303013299417,1
9232876176,38,4.511981839632306,25,157,5,0,1.4092082179337948,0.322844537409801,0
9682019180,125,2.9068094624921605,60,17,0,0,0.6936469507897234,0.2081892538781942,0
9488209647,278,8.273254226682683,50,171,4,1,0.2390099112923623,0.48653547196822455,1
9201098773,56,9.865243505228399,58,170,2,0,1.0028086629418962,0.15038745082362015,0
9277844291,100,2.93524641929895,37,162,0,0,1.184425170820257,0.1358247301335101,0
9762047908,62,1.033250086200187,25,18,2,1,1.0680078883033115,0.5475452788953283,1
9330689072,227,8.24765315548057,44,54,4,0,1.1149740320654569,0.3433583793154213,0
9238545036,86,6.392185499080184,30,72,2,0,0.14043284072848738,0.08257904823178963,0
9279120801,213,9.617138605234542,69,5,2,1,1.4508932185580161,0.6362515229641473,1
9823001708,53,2.896272581231046,44,193,3,1,0.4698511288481174,0.4502601978203348,1
9151117909,165,1.1747627510121703,30,7,0,1,0.6794069134880399,0.45543167660641876,1
9459273850,11,5.178201478231765,60,182,4,0,0.6857918306850416,0.24308993527675715,0
9480315990,66,1.3119272181689012,47,193,3,0,1.369457796984544,0.30744180902011853,0
9917939378,299,2.9870050104757206,44,168,2,0,1.1413194933650195,0.28384761241142703,0
9556063874,67,1.6967896777820988,59,136,3,0,0.9682890250181029,0.31044987353545384,0
9324769577,263,2.629255706770748,60,175,3,1,0.2679613039718464,0.530237621328706,1
9429917793,189,1.5083742018032225,51,18,2,1,0.5528019290104422,0.5723857410596144,1
9140093087,166,9.562106994559212,51,93,4,0,0.7884801659670239,0.26838900264799903,0
9997707116,44,3.146345777772487,75,107,1,0,0.26086160944161096,0.1645305771330568,0
9935903026,84,4.717027066929372,61,129,3,0,0.8998307795797019,0.27852536874641176,0
9860943353,298,9.036812172525112,25,71,0,0,0.40007726844852143,0.03978419281018788,0
9347594480,84,6.934555085634006,66,11,2,1,1.2542849938357388,0.6006995382326805,1
9131981908,87,6.371356065336856,78,12,1,0,1.2605142208948006,0.3115054337233338,0
9497061037,264,7.202850308427953,48,48,3,1,0.9385241607877497,0.5925886955933946,1
9861872766,274,8.373811442501127,43,196,2,1,0.6033022976812977,0.4117272050784089,1
9186963179,76,8.837858044591728,35,139,2,1,0.16237722343017816,0.31094763694318733,0
9446554506,230,6.605076871317752,52,52,3,0,0.9805839390557547,0.32274248356421087,0
9347857510,173,8.955069109593548,43,66,5,1,1.198420510165057,0.6462329652380175,1
9292533315,229,5.58627651054203,21,29,5,1,1.2065587151971195,0.6715683943638168,2
9517801714,181,3.1342631345500225,1,122,0,0,0.7782572668778247,0.045296381077405384,0
9809709184,263,8.860728734396522,6,196,2,0,0.2965936885995686,0.0028958311525232733,0
9445605723,219,5.643991860424327,15,117,2,1,0.1907395529180846,0.3568108440250783,1
9456415422,197,9.108307081888725,43,150,3,0,0.17802214044660364,0.11834630520426109,0
9697845271,200,0.8815942325305216,64,126,1,0,0.44926865987679476,0.22166644172818245,0
9933411554,224,4.276399639641737,72,8,2,0,0.2980784445488024,0.29018595100348876,0
9746484876,95,9.504147674443448,70,149,2,0,0.33641391144411165,0.12265323061330534,0
9642172270,115,2.871675881203876,68,51,3,1,1.0785899352577442,0.6651373483231495,2
9386718817,28,9.44459433736568,60,122,5,1,0.35131013371351105,0.5102887506638998,1
9990385379,56,9.562073380727874,29,49,2,0,1.0692691100886018,0.15725074597523106,0
9751884978,74,8.88035198514568,41,93,3,1,0.5922533214277351,0.4419895080829136,1
9239106812,155,5.854846428386338,73,190,0,1,1.1846899610120805,0.462487971514147,1
9659697659,295,6.645924766266066,24,7,3,1,0.3226759955197489,0.5001366889338438,1
9316850257,75,8.761361485273756,70,144,5,1,0.13271203427250586,0.5162891062894156,1
9630024551,14,7.871022282697252,56,149,1,0,0.22490744980522712,0.0317699599175936,0
9425657813,102,6.48589156982641,31,122,2,0,1.4526070074627282,0.22043214205761047,0
9397973496,103,9.831464374771675,49,26,0,0,0.8531301433962108,0.10911471137695188,0
9282627991,115,7.013928045170094,74,43,2,1,0.9498430884264952,0.5734807007358049,1
9618232825,142,9.767078928253731,9,43,2,0,1.4538081022399412,0.18186869179641482,0
9964628900,88,1.0451905087673619,21,111,5,0,1.1864083388045739,0.3650433812180072,1
9723361876,221,1.8201235220510183,40,104,3,0,0.2577133011065991,0.23801744720151302,0
9735587079,17,4.78885903700466,46,20,2,1,0.6904816493973746,0.4914248228169624,1
9269477403,168,4.156354878400993,13,183,5,1,1.2499501924869594,0.5826677645576231,1
9540482308,277,7.935980992891763,2,122,0,1,1.0309910031151899,0.32585381512578826,0
9284789155,158,2.0258332514574358,77,33,5,1,0.4020416142397214,0.7228183280246108,2
9774064245,100,9.772904201559141,52,75,5,1,1.2279905534910571,0.6362506826668838,1
9668535038,245,3.4931258149786832,15,173,5,0,0.8823687475562392,0.2965500732603379,0
9499494234,298,4.574775223531515,60,189,4,0,1.2036444992221378,0.3855067038909451,1
9784852340,177,3.1100778081802174,27,160,5,1,0.9770510698291897,0.6078751946813403,1
9525719649,202,6.003954364602199,34,81,2,0,0.7480233889232794,0.19558202096223382,0
9544360501,196,1.0569726540145474,1,153,5,0,1.1199156307757505,0.31972287051158216,0
9243394476,280,1.9219363029192635,60,136,3,0,1.311905592564983,0.4080321021394335,1
9995356462,123,7.58507818247788,55,130,1,0,0.7517914011054672,0.1347440299429215,0
9615263627,20,2.271755542345637,54,103,2,1,0.14170282160859746,0.43307660541821746,1
9263129589,64,2.737387289788297,17,120,5,0,0.9305148250314569,0.2941297981929819,0
9661147540,267,8.033331239385959,70,19,5,1,0.22647113964828186,0.6499765618851624,1
9273988234,74,1.3863611943939091,48,185,3,1,0.5543336094575516,0.4971170321355126,1
9311838438,181,4.656001316322989,41,94,2,1,0.8696946777706341,0.510008012203267,1
9636101339,281,0.7191021764736564,6,178,4,1,0.5833816801542407,0.5168099088341583,1
9347995908,159,3.7946702935200864,3,139,4,0,0.4933039037057825,0.16931042492245285,0
9289883344,155,7.140323324802168,42,150,0,1,0.12815588090596186,0.2705281591444228,0
9876340663,218,1.355981157313669,79,93,4,0,0.47697823121097627,0.4063489471908865,1
9210670867,295,8.939178954398221,58,153,3,0,0.6387177215954205,0.2340426458053385,0
9645849901,19,9.140240907936802,48,120,4,1,0.5063551942313484,0.4601463990791869,1
9248009977,236,1.4974085636887833,59,140,3,1,0.9797861815958222,0.6372887723605667,1
9933404427,195,9.911958145569878,5,191,2,1,1.0321350416552444,0.3406627072517908,0
9739073808,71,3.326530757257145,19,24,0,1,1.1918647588916602,0.43278873531324685,1
9955180146,94,1.2989658757502576,30,86,5,1,0.3602670371377309,0.5772111206141913,1
9155415449,143,0.5481375877239916,21,121,5,0,0.9664978621213907,0.3542854257352123,1
9502319979,180,4.380967509756695,31,71,5,0,0.7020834215757934,0.3339284004720149,0
9119847987,222,6.483194864208118,46,187,0,1,0.5520363620368385,0.33764602507392316,0
9587682911,27,3.655702874081476,33,66,5,1,0.7758845416316851,0.5976877105068245,1
9481099006,69,8.448814972008915,26,22,4,1,0.7738123000226618,0.5133716963386125,1
9325260214,97,7.307759617867975,43,95,5,1,0.9951186305463735,0.6068377869178159,1
9638287865,36,3.8265345536963107,29,114,5,1,0.8829057249885247,0.5778802723542673,1
9253689189,77,7.475941832781744,32,60,1,1,0.9837842085064598,0.4148761363607275,1
9196396874,287,9.434633501207873,26,89,4,0,1.4726920649192536,0.33004077910914936,0
9972836512,49,1.3844119861586623,55,154,5,0,1.2346511697782094,0.41136186320614787,1
9369344701,118,3.40798762149736,22,12,1,1,0.5088814859030497,0.41913659351706434,1
9150672855,83,4.901596421608586,42,143,4,1,0.8468811861514359,0.5439399186122026,1
9921299606,75,5.230906213670302,53,111,3,1,0.4211054089190638,0.48351177450624405,1
9686437006,177,5.650858626417699,67,16,3,1,0.8264431263591347,0.6333128716460839,1
9554215578,271,3.355955612117161,52,180,5,0,1.0969153069413198,0.410625036154219,1
9148427722,283,6.838966636832317,39,107,5,0,0.19207915996870456,0.2706985662209234,0
9824710079,246,6.628302783533382,59,67,1,1,0.2923940909194737,0.44439765750793636,1
9582187762,224,5.989304309580332,8,31,0,0,0.11023488077749875,0.003589867311669201,0
9431910897,295,1.5807363562533279,9,39,1,1,0.6301347179886105,0.46006399655026003,1
9596400050,158,5.031194965411473,9,134,2,0,1.1742413892957202,0.1639179604638821,0
9720418996,116,3.8841554311490682,29,140,0,0,0.7293221921395646,0.06709213121629228,0
9984674266,150,5.1648654634621645,9,24,1,1,0.8990961326265239,0.41816315035363694,1
9776819025,85,9.257731137392748,57,12,2,1,0.9258189281208273,0.512922164392453,1
9930886491,18,5.065047760004878,35,195,2,0,0.2253567624226053,0.04031223837065409,0
9432941234,205,0.6328175224753625,43,72,5,0,0.3442400275239008,0.3691316596998304,1
9538589102,289,4.668949011799244,56,163,4,0,1.3812999162291382,0.40729526847257236,1
9162396414,127,8.29615771046913,42,164,5,0,0.7421954257437616,0.25587622523028847,0
9492589038,299,7.910578770572598,22,145,1,0,0.686057642992706,0.0881333052455869,0
9415804419,70,5.377205698517719,3,90,3,1,1.1513810907940316,0.466055929179738,1
9343049350,60,2.8728056221634954,11,30,5,1,0.16327047256170207,0.5108687892414424,1
9984965740,61,4.918342297688178,48,85,4,0,1.2770938883878127,0.3519978257009461,1
9961031471,131,5.855171084472821,23,161,5,0,1.03860944591499,0.2805544138294582,0
9569286216,176,9.998778663604272,12,124,5,0,0.30289355217818026,0.1482952156314637,0
9355428423,17,6.6196918566090845,67,22,0,1,0.1908939879494069,0.3677543096079532,1
9546513267,54,7.095516835594828,71,73,3,1,0.10404391433267304,0.4769890676927828,1
9113605804,254,5.168814363896494,33,144,2,1,0.5118139145809777,0.43737523071629275,1
9912392272,293,3.8676507324340337,8,134,0,0,0.5547200809951729,0.04928793426354568,0
9702147152,116,8.223053344648457,9,174,4,0,0.34753000270153034,0.08321029352173549,0
9516478064,36,5.201857081222744,64,139,5,1,0.5019262843392585,0.5819088691460381,1
9308026336,202,9.949556234662989,71,51,2,1,0.8868529146143735,0.5431443416044356,1
9714567775,71,4.8426454555464185,73,127,5,1,0.2580030274934226,0.592531951165987,1
9368253330,71,1.146002694651985,53,58,2,1,0.3815946914277134,0.5092226639688352,1
9365854526,291,6.984492302355786,42,19,2,0,0.8867865681477664,0.2732004805494625,0
9673226789,130,0.9430937837952051,58,190,3,1,1.0862621580213014,0.6012010002236804,1
9125974082,289,2.8797651704046814,58,165,4,0,1.4037790529712875,0.434962970978365,1
9951773882,48,3.8605134014090816,66,199,4,0,0.8147756808919994,0.28924692089013093,0
9232242244,286,7.525094063402613,60,195,5,0,0.25851391982650623,0.27448720828501605,0
9144807180,103,5.195241300872322,37,180,3,0,0.9281395104973438,0.20175051231588004,0
9643710701,124,0.7721363474474379,7,70,4,0,1.493508683650867,0.3597720725354015,1
9857557534,185,6.360073587121261,64,85,2,0,1.3362903294184572,0.32286728981809304,0
9182102991,130,4.408644255553293,4,197,2,0,1.1922276999759855,0.12333025959714544,0
9154101105,22,9.257427844687518,42,40,5,1,1.1284344938764816,0.6046896717955943,1
9869904661,172,5.245841955832237,59,21,2,1,1.1577777883582099,0.612099897799665,1
9906260060,284,7.23526388642372,25,6,4,1,0.2269920741674199,0.5253992155963392,1
9231208917,185,2.579250677130695,10,37,1,1,0.8282507057157112,0.44577240989365036,1
9624193602,182,7.729248863050706,33,97,0,0,1.0654118516312823,0.10938176917247873,0
9926920501,284,7.349075449594888,1,128,1,0,0.20181114773456738,0.0,0
9216935561,73,9.088776231142427,20,138,3,0,1.380660803134754,0.184080648269128,0
9677394473,110,0.8213055963323925,25,175,1,0,0.27876271366251504,0.06567919181684641,0
9669272639,75,4.751256627365786,75,104,5,1,0.22347409906255705,0.6065518123591173,1
9312152445,54,6.951976326026487,72,92,1,0,0.27282045458040277,0.12371473863733048,0
9720495124,96,1.4040570507620427,4,15,5,1,0.6925300051930576,0.5933549160140225,1
9566929615,76,4.400738637914667,8,9,3,0,0.8604460693311843,0.21621133133143278,0
9399779275,268,9.450392729128856,49,34,1,1,0.23263456054284218,0.40322810118226143,1
9333806017,214,4.641377663465718,9,142,0,1,1.2003784143884026,0.37466554443168637,1
9458231720,187,9.861345443065998,57,95,4,1,0.3802252986272674,0.5139075571851467,1
9223522711,289,1.0399710802582864,9,95,3,0,0.884650182720134,0.27549503562998334,0
9222742045,26,7.319382873338467,77,156,1,1,0.7875721987550091,0.43285940270387285,1
9990982456,211,6.01965424435856,35,191,2,1,1.3678898107288773,0.49942759302182926,1
9286375901,181,5.255126932755192,73,126,2,0,1.3506248857445644,0.33653012976295205,0
9138067502,271,9.723050314107589,55,122,3,0,0.4337769475652222,0.20239329660520233,0
9961789553,203,1.731678804665722,61,199,2,1,0.8537951288175984,0.5415586031354565,1
9859441671,158,9.011990040968676,36,65,0,0,1.4795601910495748,0.16003667576765815,0
9437023088,44,7.066783905797798,40,106,1,1,0.5645861490519949,0.3556822643499992,1
9485740263,38,2.960462696346511,47,30,0,0,0.203136980417959,0.08973421862733029,0
9291638854,272,9.065856883506788,21,113,0,1,1.1052454232930302,0.36712250152641557,1
9109953821,230,4.578301719679626,79,116,4,0,0.8044713411234873,0.39868027363199626,1
9161483654,62,8.235159616694173,60,43,1,0,1.4154860550473873,0.24506974453868977,0
9289674050,288,4.1939469119503,74,7,3,1,0.9052797268111108,0.7101062042739298,2
9494202403,85,8.583842860615789,47,42,2,1,0.8160950045654195,0.47034195288712743,1
9461398296,185,6.547976625227962,63,46,4,0,1.3807856255337707,0.43120188889465016,1
9670828324,19,1.839943019045408,36,52,0,0,0.6325369016601575,0.11389177863734068,0
9396479630,126,6.671800052960512,40,17,2,1,0.936424882788574,0.5154093852991027,1
9713537316,289,2.31777524566779,4,93,1,0,1.2839880301431155,0.20983192733582703,0
9124334476,227,4.4132649649945455,76,92,0,0,0.9366214895769556,0.24496873250263337,0
9114722791,184,2.1178080503943204,51,60,0,1,0.5169141803666851,0.45043267170593715,1
9903549831,243,0.7091530988376266,16,191,1,0,0.8816510371420876,0.146588287270999,0
9181272708,261,2.512922124774596,61,67,3,0,0.7048360040362084,0.3597752549870499,1
9408922555,15,5.595534225379194,51,84,4,1,1.4785991761282673,0.6430354904308418,1
9780926335,30,5.074829193884788,19,47,1,1,0.1713196241526275,0.3109104045716979,0
9354189768,82,5.264222407592605,15,79,2,0,1.1751557793375256,0.18196469129605847,0
9169217406,45,2.8530253452427123,6,61,2,0,0.13362142326575202,0.06479826664897773,0
9677347840,242,7.009031405834769,65,153,0,1,0.9454804463881558,0.44363261002989474,1
9511979427,225,7.190501224793285,11,186,5,1,0.7033112236711135,0.48986133214301436,1
9959140642,215,3.9006943428168226,42,185,4,1,1.3746213257439923,0.6334795603088106,1
9587925953,53,8.871115840504656,39,177,3,1,0.8550766034952064,0.4215391356667022,1
9548412350,100,6.618220558037705,0,168,3,1,1.2582668974179534,0.42624004766036855,1
9480554343,102,7.273873114957001,57,67,5,0,1.0409981527529921,0.3795833009508751,1
9740380438,92,3.1347292204199246,2,130,2,0,0.7258826309351336,0.10152249840051025,0
9433501357,291,0.505810533978077,7,129,3,0,0.5727958550587335,0.22351577619931112,0
9230285517,30,8.72106831497004,74,5,2,1,0.2638515093272703,0.46700936133963195,1
9776642175,237,8.31303165350818,60,96,4,1,0.1189266744745461,0.5207148210948475,1
9904904195,139,1.670322936406887,4,199,5,1,0.10195469204081789,0.4387573544746821,1
9774767261,184,4.0539987820849115,25,123,0,0,0.41626691529969095,0.04512071111761065,0
9205220062,117,6.782723429691535,72,165,2,0,0.885290237030633,0.22354214728737754,0
9383510117,292,6.695053143577918,16,36,4,1,1.4656923615458042,0.6474091123292282,1
9341108042,80,8.673328180681287,65,190,5,0,1.0873206009472742,0.3189818672788307,0
9524430946,59,1.8325475355365712,50,130,2,1,0.198955950577528,0.43311747697619785,1
9311013191,104,4.584427603958629,46,30,1,0,1.003289992789889,0.22561500122061645,0
9576733186,288,1.4236319703010354,39,65,2,0,0.7796938991990026,0.29652968426026793,0
9667321485,141,4.201154860166968,26,116,4,1,0.9906568076220165,0.5625649585926384,1
9350118331,285,0.6435207330831916,39,149,3,1,0.9724686528747344,0.6102239895479697,1
9430887116,22,9.033594118546207,0,73,2,1,0.30152295587936606,0.2651462919496362,0
9949063596,12,5.50691796987247,45,33,0,1,1.3872435272176726,0.4683362076276511,1
9949356767,233,8.57312147762236,10,67,4,1,0.8763581602995942,0.5094188548378165,1
9410596897,184,1.0690946595319557,38,138,3,0,1.0810658218270377,0.3144654293715277,0
9126150956,99,2.660852049492746,17,109,4,0,0.6419102683988804,0.23124900761395273,0
9980963132,250,2.9641099546012155,46,191,2,0,0.27120806864490093,0.1596423154488402,0
9533539154,44,4.173569199068487,73,119,1,1,1.067301586156945,0.5184766932833449,1
9196965754,23,8.127230537776688,20,25,1,1,1.4194842440021969,0.43544467616027666,1
9610861669,204,4.17229980044918,27,177,0,1,0.9135854974003561,0.3662126620826526,1
9312882959,222,2.4442085316401063,0,177,5,0,0.37810568414190615,0.20674217971734743,0
9880604481,12,1.1174074732183001,13,91,5,1,0.9725532618020243,0.5902475017376233,1
9430120103,188,1.255171609350531,19,39,0,1,0.7005044797130694,0.42238181158669524,1
9585037712,49,7.720448456629286,72,56,3,0,0.6586535313079912,0.26545970894407417,0
9102681206,173,4.725628414848013,44,50,1,0,1.378906675170731,0.27289459337564487,0
9495456673,244,7.398720659000145,60,198,2,1,1.131914555374372,0.5161117654035897,1
9291192809,266,6.981727656755127,26,61,4,0,0.8122829572167283,0.28862655631827927,0
9989429647,125,1.785943386722449,55,46,4,0,0.6845019716253694,0.37079224928770826,1
9315719099,61,1.8574353748265384,51,81,1,1,0.4400987942935185,0.4450392974839704,1
9723614273,151,7.675749146624272,67,102,1,0,0.5808492908654994,0.16160959181103535,0
9413110977,95,7.352048788111463,36,20,4,0,0.8568632300896649,0.28693233548675556,0
9756585740,55,4.091292285305949,30,137,3,1,0.1676789852757242,0.39669263747608224,1
9816634295,247,1.2355115016619806,48,5,4,0,0.6005251148419243,0.40460354242775387,1
9294521198,19,0.6149312061352958,52,154,0,0,0.7917219153954902,0.13269412204050193,0
9587052577,161,3.2374910198865763,38,52,2,0,0.951612842393736,0.2657769821819427,0
9233163302,70,0.5876115990786559,9,126,1,1,1.1403410055986118,0.42970624814955627,1
9749854402,27,2.6856899004851824,8,30,5,1,0.11936431389272646,0.4922954388613049,1
9329706631,95,4.485257032007716,12,38,1,0,0.512725220534294,0.08503727541335603,0
9282600918,146,1.653449770463565,17,118,3,1,0.4653398292969747,0.46618271560340757,1
9869778637,239,1.4906386993996894,11,62,0,0,0.8297913734137229,0.13917063375018382,0
9754250615,137,9.016155639327998,71,139,4,0,0.7524182094249008,0.2848796507923854,0
9766161021,113,6.061965275717448,4,29,0,1,0.21186102560084916,0.2573130730968259,0
9169441078,195,9.377329024246423,6,189,0,1,1.1658920586848132,0.27837909875122047,0
9770491674,187,3.7853485559639526,14,144,3,1,1.062179510168358,0.5034040252153021,1
9194604917,15,6.93287690462705,66,163,3,1,1.249601903684682,0.5497577055866372,1
9407071708,45,2.444570908907009,17,31,5,0,0.25544866135057254,0.2560689884551846,0
9457588198,290,6.374233014159442,37,90,4,0,0.8087252914526603,0.3121395721377393,0
9496128038,23,1.7310644350948519,25,166,5,0,0.9452109091566778,0.2920358692109964,0
9310369424,246,0.5197660721747147,37,122,4,1,0.16851547908512973,0.557834664624119,1
9703340008,294,9.349552113391,58,85,2,1,1.4431820033955718,0.5953872150467767,1
9244608012,59,5.771496573664488,51,79,0,1,1.2122076953359002,0.4471902978896676,1
9544499476,270,9.305936296429374,32,97,4,1,0.4411124200668718,0.4927622548508721,1
9563057972,119,3.671399475169684,20,38,3,0,0.9802520867954695,0.26330679004675345,0
9813486098,206,3.6139676570366897,16,119,2,0,0.30072719600660097,0.11215298496968518,0
9734871096,261,4.3062225168438015,61,169,5,1,1.322494492125415,0.7293746688529242,2
9141280792,97,7.207389347602598,58,190,2,1,0.23767787821996672,0.3713993398818316,1
9627940309,35,5.875182024768655,1,117,3,0,1.3657322645440444,0.17846902078139484,0
9906778910,271,9.29087161744162,63,116,4,1,1.2590019084616506,0.6516064362727654,2
9695536208,153,0.7416885607581738,24,64,3,1,0.7695166943486093,0.558241740592735,1
9113245462,69,7.227861410739096,40,30,4,0,1.0136391473740443,0.30430236075601613,0
9602225439,277,3.638113048982266,18,130,3,0,0.44413555874322885,0.19100557712806698,0
9956200637,84,2.212219692275381,37,177,3,0,0.6380903934311394,0.1991742109044321,0
9975945033,12,5.34875841394094,24,49,1,1,0.4044225816878487,0.3410456088352505,0
9468786441,72,5.298105949709962,38,36,4,1,0.8386646287317266,0.5797624840512878,1
9406798051,245,1.80160477254007,3,75,0,1,0.5461510820749247,0.35850220591184345,1
9635942599,238,2.418012533262454,2,27,1,1,0.5921662701844365,0.4205104686896496,1
9334751541,284,4.377564316564771,33,197,1,1,0.7198712508720589,0.40933711163920306,1
9408274739,27,4.383708417726996,9,171,1,0,1.3216289631619718,0.09194097456671264,0
9688800659,89,3.5168023263870047,26,199,1,0,0.8680672922733331,0.08869978048948923,0
9884335007,224,1.9111789393448189,0,177,0,0,1.2292344630895655,0.09580732163194335,0
9212865137,180,0.5415499514593054,43,199,1,0,1.2879728748630135,0.23730814556604987,0
9411534579,264,9.717233093066195,51,67,5,1,0.44359973232264394,0.588275170761923,1
9328466740,135,9.463242682187307,24,74,0,0,1.1887653469811041,0.0820929294514848,0
9331750039,264,5.094678602173285,73,58,5,0,1.008127116913137,0.485489110803497,1
9271670350,81,9.952991656112554,64,31,0,0,0.8103675203269917,0.12790820256588836,0
9325489941,47,6.899716142431311,79,97,5,0,0.2241337244643804,0.30588278655988327,0
9371823901,213,1.1541466072716446,10,83,1,1,0.9012737154783997,0.4561030865701483,1
9186629054,181,1.61832289128496,67,40,2,1,0.31753334123438925,0.5657007929193739,1
9615197187,232,9.203053016761558,76,137,0,0,1.2427574393683432,0.20306092318972913,0
9713647564,226,6.48549592042147,14,199,1,1,1.4084705348791644,0.4074571798071088,1
9816364858,254,8.510244453244836,56,183,3,0,0.7693507157480282,0.2244324857841587,0
9208860886,200,9.03356167152152,73,36,3,0,0.7167380485693967,0.3091891591034027,0
9191952593,191,4.755449107182668,63,153,4,0,0.784295208162088,0.32923336902659184,0
9750454027,214,0.9609965399785838,10,21,0,1,0.1940549299448026,0.3608212997803,1
9781285534,208,2.2886633145245594,19,158,0,0,0.4317741797636626,0.04356560846401146,0
9247206093,174,1.1324334993731333,29,26,5,1,1.4168551971694443,0.7550834216678557,2
9666902049,251,2.2930285341358196,9,45,3,1,0.5831041599886159,0.5191394901223374,1
9674788433,139,4.400062801330829,53,63,0,1,0.9279008214876036,0.46336401162920904,1
9416874487,236,1.6228696998923615,57,79,0,1,1.0087984390534421,0.533264709621038,1
9656446049,131,2.083965854150761,78,126,3,0,1.3280184174062755,0.4137879531722773,1
9333354314,53,4.735306929680952,28,14,1,1,0.4334496819155178,0.38932361200702403,1
9192543848,205,3.731624028690651,0,91,5,0,1.3461821323513186,0.34592903420453713,0
9754753328,213,4.942752179786389,57,9,3,0,0.6483184287040977,0.33103518528705506,0
9390283086,266,4.5771342637110894,20,59,2,1,1.3904878801614018,0.5663662677881685,1
9541300408,26,6.622541246808893,14,30,3,0,0.6758451124330435,0.15706425186359185,0
9100578526,281,9.403300714320618,66,8,5,0,0.2455439752290413,0.3560590017889709,1
9911918576,18,1.5247112152203035,32,111,3,1,0.17297207406626097,0.43576011430530776,1
9147799289,258,1.4429714184373517,37,31,5,1,1.4542031820601249,0.7937387248259667,2
9241805404,210,8.601658055363568,18,130,1,1,0.26987063623430185,0.2846645796837534,0
9301227417,68,5.310768694198361,3,190,3,1,0.8576682769382106,0.3810743022355384,1
9212397407,149,7.780847723900201,75,7,3,0,0.8377712939163462,0.3441457159164924,0
9501518293,128,2.5465080842691736,57,54,1,0,0.6619001312440301,0.2282532520713869,0
9988957221,50,8.374194445091742,69,129,3,1,0.6852432756531446,0.4978221930706098,1
9725891536,276,9.276542929830612,11,30,1,1,0.7660025791444393,0.38795179433936533,1
9369249878,17,6.537088647691638,78,150,2,0,0.23934796727712448,0.14331002563428863,0
9457626967,192,1.5058507040011213,16,139,1,0,1.2072696104314102,0.18850214480375582,0
9483705905,143,9.00530073448522,0,121,0,1,0.6278893045771983,0.2249164410687745,0
9116406440,190,8.028633410015678,13,49,0,1,0.44235542067540257,0.29215571622752684,0
9488139397,81,7.633338876887653,1,145,5,1,0.545574235614619,0.42521884175110247,1
9917970091,122,0.8489177946061979,3,10,1,1,0.9566177186010345,0.46289044603018314,1
9455260223,116,8.090143989941225,65,167,3,1,1.1851471128125084,0.5508192589915397,1
9384628124,299,1.8105345994493915,45,57,4,1,0.31478757602784446,0.624531427263282,1
9876905371,126,2.6126686738704397,49,174,4,1,0.9295963043051049,0.5930495324301674,1
9537624458,129,5.982780931257946,59,8,2,0,0.6913772159372151,0.26232189473737044,0
9429486968,156,3.0173173427103888,51,64,2,0,1.306760908579116,0.3329535009169693,0
9573451072,219,6.782807959963237,47,177,4,0,1.4290187131329444,0.3417385500563945,0
9658044778,112,6.276669253141275,38,76,4,0,1.0499593351429466,0.3040417558461249,0
9187588498,133,1.527421181125995,69,79,1,0,0.9257271990127884,0.2879748763746893,0
9379105672,254,6.73213850611931,59,70,4,0,1.192497655128255,0.4037973898752922,1
9498194586,218,9.277571643336834,29,26,0,1,0.7941284642750329,0.37434788932629526,1
9600569761,118,2.0305440992654145,26,144,2,1,0.17752129255433072,0.3829026925820014,1
9372077227,59,6.172089198957431,73,55,5,1,1.081534189862417,0.7082023657293343,2
9408417987,114,3.747721033398594,54,149,2,1,0.912538414625424,0.5099319573542678,1
9267213667,36,4.8663108818492375,69,168,0,1,0.31201287801198596,0.33989581477924746,0
9775168081,297,3.226501701250214,25,97,2,0,0.3981537941200819,0.18401043487940727,0
9709336206,266,3.864241045303105,41,53,4,0,0.4229471775436582,0.317066102094935,0
9928859186,282,0.7746623210322942,66,20,2,0,1.1253735305230697,0.42744887581038077,1
9889489804,146,9.824741510213595,66,48,0,0,0.8257207636498239,0.14462292684874903,0
9840385874,41,6.4355992596911085,51,111,2,0,0.16705209214924138,0.10100239327494896,0
9786950576,54,5.256703109691911,5,154,5,0,1.2731510641579518,0.2583476903826513,0
9646808005,274,4.145295820253104,9,98,5,0,1.0029530009963297,0.334927476943189,0
9646826863,39,5.624058308828262,37,12,5,0,1.1264102432237626,0.3753305294809124,1
9900243255,93,4.111006987800138,76,114,5,1,1.4124115240366033,0.7589572990307909,2
9852220850,175,3.9191253111898963,11,22,4,0,0.4642346827042265,0.2450953248568951,0
9483495588,10,4.907492146359124,45,84,5,1,0.9254517414274819,0.6140809698816551,1
9598313616,258,3.121838819876313,48,122,5,1,1.164207817684016,0.7180428722835661,2
9903241657,270,2.2104740496844615,71,76,1,1,0.8179084521486053,0.5893733256616192,1
9281641686,72,5.787756032712788,62,98,5,0,0.7804977439518804,0.3539066568816722,1
9377579676,173,8.50627164342786,68,42,4,0,1.4002138566141107,0.42008373640589236,1
9691197088,210,1.951867688395977,42,161,5,0,0.44104431749199935,0.31950290583828816,0
9873828411,231,0.8109762357400772,59,85,2,0,1.0140385082210501,0.3518029061576451,1
9669993178,161,2.8447115789633433,28,111,5,0,1.4584035505663724,0.4113052204537379,1
9504795096,141,9.807346112811203,77,134,3,0,0.4079820387239076,0.2071196912931345,0
9975559543,123,8.373201700561722,73,191,2,1,0.7473765020135357,0.4587567598348836,1
9855260342,226,6.160727508521667,10,46,5,0,1.4656122088921977,0.38171140163147044,1
9118740105,205,9.327864694809792,34,122,5,0,0.15019579574306968,0.19625578581811748,0
9697498030,290,4.730151609953824,22,25,2,0,0.9817964139288503,0.2633870836853494,0
9817058070,211,9.841165724464153,71,134,0,0,0.6663579654857622,0.1108856338313883,0
9118173652,144,3.3148694286331986,20,9,3,0,1.1795289033203125,0.3126650352548391,0
9639066602,243,2.782904620401421,36,21,0,0,0.552536924136639,0.16820957545157963,0
9814619916,150,6.561457910896604,27,28,5,1,0.6220367059590363,0.5826569097843253,1
9885151076,205,4.092462695528424,57,140,0,0,0.8218915598105407,0.16243410149759047,0
9222146327,52,6.45047264877445,52,162,4,0,0.5842349632304848,0.2185691904690315,0
9147406955,66,3.397457423875515,27,182,1,0,0.4634040171954593,0.04618899297694894,0
9656630538,151,6.370223439960915,41,154,2,1,0.5974672772772216,0.4187700586604023,1
9962312208,219,3.1195894755578455,72,63,3,1,1.3711313902694968,0.7280006931256455,2
9856379075,81,0.9842346537794544,60,156,2,1,0.5797454882934819,0.5043586427498643,1
9969904814,233,9.165291068270243,78,30,0,1,1.3592053146766707,0.5557544782752909,1
9933147672,36,8.89044941779789,32,65,1,0,0.3870275376922291,0.0328579115094928,0
9306382685,137,9.722582418090383,54,140,0,0,1.0410531041530173,0.0962887168146108,0
9181467080,115,7.307008174103345,36,16,2,0,1.1429473553497456,0.241136251219396,0
9552538900,174,6.985851188485378,46,18,4,1,0.25591216113191073,0.5437792450740048,1
9236682450,224,5.810529165710892,35,34,2,0,0.8615805491053513,0.24314664923744478,0
9676984786,80,1.6964529553489656,27,187,0,0,0.11832124181383614,0.0,0
9719116171,213,2.2977354540180652,9,103,3,1,1.3995165271253185,0.5779191578068213,1
9306957353,162,3.249962042389094,22,193,3,0,0.8339669477251759,0.18927648921835202,0
9550147216,76,8.956485444447246,4,66,3,1,0.1514723893882302,0.3189655280598873,0
9572663140,99,2.143210483729214,5,35,3,0,1.0565120801552432,0.25321292381387855,0
9988198447,269,9.267295157634962,41,31,3,1,1.3399905990156418,0.610074663323591,1
9680336486,237,5.466464463988463,46,5,5,0,1.1325296368436701,0.4545059828533789,1
9101722907,88,7.297911536994186,27,45,1,1,0.2872383294140439,0.3326103277524218,0
9597443839,105,1.5473226234653819,12,146,1,1,0.8558429140282434,0.3901332782018047,1
9884815656,255,3.0558187133711536,24,78,4,1,1.1263379565185005,0.6374907302217663,1
9992063022,281,9.60592677772355,6,182,3,1,1.2207980864368428,0.4406579823730719,1
9576644847,166,3.028424495832448,65,46,0,1,0.12240281865828606,0.42586391095567167,1
9997144465,125,3.316956343715888,79,44,0,0,0.4972352436745602,0.20894808644968993,0
9677347327,27,2.3771751559902548,57,18,2,0,1.3385012552902618,0.34654404876294836,0
9609843405,181,1.7261998204148803,65,104,3,0,0.46180460579238336,0.3092188215167741,0
9189252066,25,2.715947593812981,35,95,0,1,0.7615449803881358,0.3767106931874872,1
9614594027,249,6.602105473532585,1,143,5,1,1.075331293396441,0.5469644895251821,1
9112374888,65,4.825993468283853,37,195,4,0,1.4798382320410703,0.29875199955885556,0
9324863099,88,5.760680445210037,73,110,0,1,0.6962045247127245,0.4271330442896732,1
9567965382,112,1.6624658732772306,13,53,5,0,0.8051444718092935,0.3292844128044551,0
9175452392,293,8.120106248047552,26,169,5,0,0.8820813992041856,0.28054182626126495,0
9898962700,202,7.948899655508556,14,110,4,1,0.4278315449942489,0.44231965619987385,1
9815131089,14,0.7051041558554162,11,142,3,0,0.6161496945180848,0.1549600468052385,0
9323636196,115,4.143393397847897,42,186,2,1,0.7082528039648468,0.4354362823682734,1
9410010252,287,1.1533207187259042,56,11,2,1,0.12705276731115928,0.5664398167859617,1
9812094819,109,8.025004904442103,47,85,1,1,0.11066031184209131,0.33329584523441247,0
9530991390,247,7.504061989694192,60,144,3,0,0.4140320768680499,0.22050177201450233,0
9620385160,278,9.068886895784983,43,105,0,0,0.8171127944695733,0.1076102259202623,0
9775828040,95,2.745837610054589,51,59,2,1,1.437968242627785,0.6181894711280125,1
9614378917,41,4.834810889714089,61,168,5,0,1.4616461496669182,0.40156314061679443,1
9659018935,60,2.2526348330617783,1,11,4,1,1.00605836550382,0.5624453858637172,1
9734423253,88,4.026731877504135,70,156,5,0,1.2578130542163706,0.42558345064258146,1
9298601827,195,5.461310889885398,30,38,4,1,1.360979137522549,0.6542817658240813,2
9863701868,183,1.0066425034665951,72,130,0,1,1.2747932408686389,0.5666954788626375,1
9117278806,115,7.29126890143516,71,197,0,0,0.8611901944151873,0.10776426317926718,0
9562791852,72,5.661286923525215,32,33,3,0,1.0858430240083308,0.2690657197986971,0
9254355436,85,8.375110663501395,4,30,0,1,0.10509773681688682,0.2087770671226764,0
9294568353,90,3.0819147613163738,77,78,0,0,1.0072995863607432,0.2421429732274927,0
9721629320,137,9.081550500057917,57,197,0,1,0.6962092434942476,0.320849836551948,0
9686696407,192,9.987595403789213,76,49,2,0,1.0025971011743091,0.28616050729544656,0
9876561415,252,9.233335164587908,10,21,3,0,1.0721708993769739,0.2290604859501819,0
9751287814,194,7.889978520414965,22,168,0,1,0.23705420903266042,0.23100009617227307,0
9639981603,229,8.217503627300918,44,67,0,0,1.3243580397324601,0.1868795879069509,0
9381867291,80,5.950570304173572,26,155,5,0,0.3460245164217738,0.19244943165386325,0
9722051307,163,2.3064616976698,78,97,5,0,0.1146444637334839,0.37654646194264707,1
9324191403,254,6.931886508903315,55,70,4,0,0.7015899015703663,0.33349148341493756,0
9723332500,149,7.271153519569349,58,96,2,0,0.22553218935769298,0.15004335382142436,0
9882516763,80,9.861158832545105,79,121,0,0,1.4383682124845585,0.19285361284093905,0
9955623093,55,5.642362504435058,39,46,2,1,0.4973370176153328,0.43938875872728606,1
9440055104,56,3.078005642738036,17,75,3,0,0.41303943347367456,0.16031199763731785,0
9702218851,88,6.9948889565253145,50,79,3,0,0.4667856032663896,0.20054227158032967,0
9466538260,158,9.804070286831319,60,75,5,1,0.4966985689978213,0.5815883181710961,1
9260673019,139,2.183532128556393,22,47,1,0,0.18760275906160434,0.1033766122113825,0
9284713450,136,3.5969802260882253,35,59,4,1,0.8560092195499076,0.6010740102995971,1
9605886946,128,5.6478690608404705,37,60,1,0,0.12520729056444926,0.07863377947098159,0
9816686860,271,2.117039031379046,71,83,2,0,1.1454784245826442,0.3905696092400355,1
9349503032,253,0.7110960754394144,55,163,4,0,1.1748224076318299,0.4181622026772133,1
9414861616,112,3.701339663191881,38,87,5,1,0.6595770469190592,0.6065998363386513,1
9578941301,46,8.721022614260052,75,188,0,0,1.4591465865608713,0.1574619856828505,0
9237504821,151,0.9129497935752908,68,125,5,1,1.194510942754937,0.7631525822743556,2
9168126345,46,4.574826060660716,27,180,5,0,0.27229173017384356,0.18079376155959925,0
9288144180,17,7.740907342797783,20,184,4,0,1.471787557337199,0.21725695210022383,0
9175559979,240,9.55523467065341,61,76,4,1,1.283170996331949,0.658567703511993,2
9528924718,116,9.862016290542106,22,5,3,0,1.0855868355105607,0.22185955810809532,0
9467134772,27,4.508709115783046,20,134,1,1,1.0148290444375,0.37687497594310343,1
9907644745,92,9.528650796601617,74,97,3,0,0.9466500692441698,0.27378753208341433,0
9163107629,297,0.8364802461682055,15,46,3,1,1.4863163681670684,0.6702702012260298,2
9654454692,203,7.586210910986285,61,78,1,1,0.7698893489405395,0.4777355242743627,1
9791784805,224,6.6060873290193225,64,13,3,1,0.33215921816654936,0.5698193915650874,1
9475146263,290,2.870457647068447,79,118,4,0,0.5122421165358517,0.39910689555281414,1
9479096833,229,5.319525756456665,4,35,2,1,0.6253031407472028,0.43176873447885106,1
9183011541,298,1.7307605087247082,45,100,0,1,0.543002706336373,0.455107865322335,1
9999293008,203,8.780172934039829,63,6,0,0,0.14249309135014399,0.10462042908687265,0
9634158179,167,3.9000318126836557,40,28,3,1,0.20321798173216027,0.5101191093889886,1
9954036877,113,6.447422469424307,43,175,1,0,0.10689958820134687,0.018842214284403233,0
9802839945,43,2.0083747197289914,14,47,4,1,1.0507566638362267,0.577456969690266,1
9234955682,111,2.4585660239964673,67,55,3,1,1.0303058614532785,0.658983911086436,2
9762669422,136,9.923585522629944,50,178,4,1,0.19538071847064947,0.42012932661158525,1
9444640101,223,7.654320747192628,53,79,4,1,0.541258206526158,0.5683158024834942,1
9232876304,188,9.638732762853673,67,103,5,1,0.496217124100769,0.5932645950711817,1
9770297867,89,3.3105860695144194,76,5,0,1,0.7350465320435429,0.5207118843443856,1
9508587445,150,2.0633473278882937,41,128,2,0,0.6021754341206992,0.20375088415982434,0
9171619443,40,5.279150403048894,45,121,2,0,1.2487168987220292,0.2259128896767234,0
9142622487,72,5.199348681159762,24,91,1,0,1.3357525786619493,0.1695981252655167,0
9648239768,57,2.1619918807008847,66,199,2,0,0.38845738555822684,0.1728709836985766,0
9278914681,96,7.465585911023397,34,133,3,0,0.2693971674122285,0.11034062915718668,0
9181743035,70,3.9368865771679737,72,122,0,0,1.2750278521103169,0.22542736999388896,0
9734141529,283,2.270469693839914,77,67,0,1,0.802094142755622,0.5642223274712623,1
9862538213,293,3.65384224816124,21,80,4,1,0.5541228394559542,0.5640319670901129,1
9152866880,89,5.854757646532644,8,194,3,1,0.1719494818022738,0.30711017939121454,0
9365703251,189,7.401473855714211,23,193,3,0,0.9485746000149945,0.16266126573322884,0
9980119926,281,5.077963417546103,22,172,4,0,0.39081624220947697,0.20039572138791734,0
9203042203,86,5.493152403369548,60,99,5,1,0.15276143375463674,0.5608468765434552,1
9174099471,230,1.8199863914561099,36,161,5,1,0.7227324000479046,0.6267213846416085,1
9198447022,291,9.189563784728206,44,39,4,0,0.9359925006029517,0.3351443346556157,0
9191465831,37,9.322879880924422,14,96,0,0,0.33992769839976267,0.0,0
9664866651,86,6.992552608971035,56,89,3,1,1.0120344285240424,0.5539668334485661,1
9560117963,173,0.6674983848732348,13,143,2,0,0.36444303248399745,0.1276065166129342,0
9639234074,18,5.602205051081597,51,143,2,0,0.12903582922079931,0.08430783889351674,0
9423649013,184,6.477580234841828,35,195,0,0,0.3085053769789229,0.0,0
9172789684,85,9.949215118102044,26,60,2,1,0.9217929568553613,0.4103912400720855,1
9428070825,254,9.96263607435057,16,11,2,0,0.9894333364442066,0.18541370081443126,0
9186578874,131,8.647306735592796,40,55,3,1,1.310708461599417,0.56295066789815,1
9669428142,194,1.1063944242480785,3,43,3,1,0.18734944041775153,0.45818853309248664,1
9345481181,41,9.556125712397934,2,46,1,0,1.4341408043353276,0.09385672130479746,0
9605662184,259,6.320281847943991,18,76,3,1,0.8306935132397453,0.5074065060801081,1
9616286113,66,8.108424319552205,40,57,1,1,0.44382339668846726,0.3590577157679897,1
9880563876,153,4.368332072015608,39,95,5,1,0.6115811888296535,0.6020197577953711,1
9166927749,93,3.5368599767286026,57,153,3,1,0.1779482713590323,0.46746147284234074,1
9896749190,65,4.900819382096176,38,34,4,1,0.25412822930825074,0.5135188882651693,1
9175386847,288,1.8953078732038557,6,127,3,1,1.335362022123417,0.5762997481763638,1
9452614111,282,3.8921283181564075,35,133,1,0,0.24827125376320788,0.11453701063370803,0
9286009076,175,8.647366247798647,75,28,2,0,0.17817542556609595,0.20702932276101443,0
9494293912,167,0.8605296194783741,19,129,3,0,0.9375750341598633,0.2569659819987764,0
9199393568,258,1.9333414448337427,75,138,2,1,0.6358285672978796,0.5896493307377407,1
9177139897,195,1.6886035166701125,28,10,2,0,0.6683010482770272,0.25793288359320193,0
9521317363,87,4.329217655652167,67,131,3,0,0.268382440774941,0.2207052810251669,0
9709283896,31,9.971375558463187,65,121,3,1,0.1618368159854778,0.40578057788336575,1
9622866301,117,2.1469003370081357,46,194,4,1,1.3120210177630665,0.6253797180874705,1
9403437835,282,1.8820851711929716,22,39,5,0,0.6453533836281969,0.3800573839810679,1
9105813775,261,9.193029432873468,5,132,1,0,0.25415007779286525,0.0,0
9392455119,24,8.879479911176674,17,83,3,0,0.3803565664459473,0.07423902903939361,0
9313891626,169,0.8062835149672671,52,39,2,1,0.24407307585881757,0.5301800335901178,1
9800111220,214,7.641206621703493,21,52,2,0,0.7693279138890404,0.1669415368729096,0
9729035491,122,6.726924164026081,67,118,3,0,1.22490658089549,0.32254903307247923,0
9307799244,177,7.793537693600736,74,109,1,1,0.6508812454974595,0.46778329713648636,1
9655146467,262,5.19777332056126,34,76,5,1,0.967854175690565,0.6621358879027993,2
9516873070,195,9.918102575258809,74,47,2,1,1.0456242542240857,0.5694576796037847,1
9854110770,236,0.9165466777541503,8,39,5,0,1.0969044897295281,0.4020633119678269,1
9201339592,25,2.7265300708361546,30,137,5,1,0.947743194896902,0.5866774892042611,1
9301705631,165,4.267186876249344,42,35,4,1,0.8757231993304382,0.6308805414046604,1
9738062922,120,4.7728904448741805,74,110,2,1,0.7697388983411765,0.5465939824624511,1
9442579975,10,9.252990325645428,16,163,1,1,0.7630467822114427,0.2616963966242947,0
9242586080,50,5.820041458733959,50,105,0,1,0.5661049591962464,0.35142543093207534,1
9555896022,57,0.9285544574437419,65,12,4,0,0.8063586216095439,0.4170703811038204,1
9230464472,117,4.374698152543788,23,10,4,0,0.770680208701595,0.293935247213666,0
9276713207,170,4.456658917506164,14,91,0,0,0.5471970404266998,0.04351707117446333,0
9993334983,170,9.672163915158956,27,185,4,0,0.5216073260946168,0.1361102454827799,0
9989465900,137,6.192372364700528,2,84,4,0,0.724495970340975,0.18766438139784397,0
9735677909,219,6.538685176009919,28,48,4,1,1.2242686354776946,0.6218480141452043,1
9754242874,160,7.275903796887073,51,181,2,0,0.446786819532214,0.12122023944788744,0
9327271299,264,7.815373498980171,53,140,2,1,1.2835530387776737,0.5478918826655589,1
9741905255,227,6.532985166923647,57,68,3,0,1.1135448129542822,0.34201288888476344,0
9382157250,39,2.7533463357723873,44,136,3,0,0.4666488172212455,0.19635770203728087,0
9904784284,54,8.80343618624106,76,36,2,0,0.11935640153393257,0.16408153394917926,0
9543634913,89,7.455138103900987,49,57,4,1,0.20754797821390158,0.4969274334721897,1
9356480379,48,7.54776960842108,21,117,1,0,1.3360189836926144,0.11529904274206074,0
9837197995,249,9.967289022730117,51,199,0,1,1.2296980054810966,0.38960629238497024,1
9348440025,54,8.124002081201501,52,67,3,0,0.6314075194035077,0.20818087735400295,0
9453083907,87,8.376938329973957,30,118,4,1,0.18638612069472332,0.4095430745236794,1
9992450393,297,9.538352399246506,70,192,3,0,1.235584949451832,0.3065099651432618,0
9927744648,289,1.9357729985644916,47,81,5,1,0.4573388223156045,0.6739680493617652,2
9251137924,125,5.228410076541644,30,165,1,1,1.4343649583107574,0.4517162074121246,1
9232015927,278,6.015386724112482,3,26,5,0,0.8320569368769727,0.3155455250692203,0
9748356819,62,3.6281194276133473,34,131,4,0,1.1012495992139895,0.2921458521076519,0
9291050161,77,8.474331766997803,66,35,2,0,0.7465459439544294,0.2274268654038912,0
9721014346,191,7.7429864056343725,63,28,1,0,0.1387606911892454,0.14641877940843034,0
9363253791,43,7.348389207827179,8,7,3,0,0.188439916893624,0.09239878619997538,0
9424721179,293,9.972919677702585,45,37,4,1,1.4663752259375227,0.673173324313405,2
9215654933,258,2.9641230473797098,55,158,5,0,0.6771417564640073,0.37923753420712436,1
9596845032,120,7.486843890916503,55,55,4,0,0.3564438766391389,0.2571811385056986,0
9980387600,103,5.738342511606056,25,34,0,0,1.1084136219683267,0.13086619116359316,0
9941096683,188,3.4733972336918226,59,167,0,0,1.3350689124451136,0.2179108360224451,0
9614256070,56,2.0255752718696955,76,29,5,1,0.4737766735370026,0.7039796308953374,2
9704744041,291,9.010896452141697,71,32,0,1,0.8995737874399352,0.5011680970670919,1
9727387832,101,6.15682708572453,47,101,2,1,0.44354181862058384,0.42952642653910905,1
9625762585,221,8.336871457587549,57,91,4,1,1.2515728840804092,0.6478296219319318,1
9517446936,84,5.680777348014676,62,30,4,1,0.2215192108891625,0.5613129771305233,1
9234526345,211,2.5897822662131857,57,124,3,1,0.6215356049264673,0.5780235520632846,1
9379804410,220,3.70671372445309,2,140,2,1,0.6318543296038631,0.39250862152569316,1
9436289068,143,4.124619003498692,6,105,0,1,0.9916942177423524,0.34864121142043136,0
9212688466,75,9.742880718785171,51,101,4,0,0.34949371780636396,0.1852746775113417,0
9731200010,289,0.5535161446231338,61,19,0,0,0.7650095784278328,0.289975622342529,0
9362524596,37,9.863827218732817,1,53,1,0,0.8728641230988452,0.015994434813734283,0
9217103047,126,9.81438553354339,32,115,2,1,1.3472329407041166,0.4599953264819733,1
9683920999,123,9.963432510036297,11,12,0,1,0.837313255789284,0.31246640057427855,0
9771822915,84,5.02758769973653,47,187,2,0,0.28469242564331265,0.09648203868035914,0
9693417198,211,9.656185211399496,75,89,5,0,0.2418684781364375,0.3136666615062452,0
9803863646,68,4.25819222757336,52,132,4,0,1.3937927474522835,0.36129015629672706,1
9847883931,24,0.7497971863496737,73,190,1,1,1.4715360505219648,0.5672367598264397,1
9713402570,240,2.6312982705317634,40,135,3,1,0.333844548290538,0.5069857665484833,1
9142541546,114,9.480314326905154,57,141,1,1,1.1518957858207297,0.4366137223756258,1
9357097536,174,0.6307645866862999,67,18,2,1,0.4510011071324511,0.6027009578156586,1
9508847408,208,5.686944286518263,22,95,1,1,1.2660822160457441,0.4651532011539369,1
9947806126,44,1.218215094499451,35,152,4,0,0.23525045139674092,0.20409480636694888,0
9819346227,171,3.2207674950619958,20,8,2,1,0.711969204882034,0.5013870946451001,1
9475123045,254,1.3368820817629232,71,156,2,1,0.934498538512791,0.6135805729737132,1
9273965527,296,8.665521900574035,54,80,4,1,1.293502476235658,0.6676673676747238,2
9266700600,28,6.115171741653205,55,32,5,1,1.299417284806136,0.6977646799435645,2
9701901614,289,9.070011424323972,12,103,0,0,0.35801234076247934,0.0,0
9360399262,191,7.039355395632169,21,163,3,1,1.4539660522956295,0.5186869948612228,1
9992156392,156,9.724776746828447,6,71,5,0,0.9939735371126902,0.2421795034915815,0
9916042669,185,5.3438377202238625,23,196,5,0,1.0222821442348178,0.2816311379988251,0
9367160817,172,6.567750526747308,60,121,1,0,1.3445902647151746,0.24690449211152,0
9916458521,184,5.974933788946037,4,21,5,1,0.5484148059956974,0.5416772379187981,1
9732661744,56,5.100474079742821,49,138,3,0,0.6813053014251043,0.20873428054743204,0
9875700337,265,8.53661397151862,61,111,3,0,1.478984183142601,0.35945540098555534,1
9133679364,183,6.622988788868422,54,192,5,1,0.12315334132345211,0.5096025354923932,1
9662304819,112,8.112466516126991,25,85,4,0,1.314022552609479,0.27994977478628025,0
9949000906,130,7.970457397722925,9,15,0,1,1.279508596446657,0.3853122094675904,1
9291400183,154,2.3149290262253057,10,170,3,0,0.4673781155943447,0.13887289222328436,0
9676706101,51,6.6765535589176155,39,105,2,0,1.2503727679513146,0.20677608944714643,0
9811427744,38,2.3966561822226744,10,166,5,1,0.5623403727879892,0.48835430388121986,1
9993070257,282,6.0415445433158235,3,179,0,1,0.9805680383573202,0.3176196300830885,0
9322980517,23,6.935629502239855,1,164,4,1,0.7256296281870154,0.3862313346888969,1
9227387546,198,9.973733180082075,76,111,5,1,0.2418610207816634,0.5776385243328147,1
9147623905,192,0.7901487924225143,38,124,3,0,1.3535024855638254,0.3596385127585889,1
9547826655,45,1.3668027440803487,22,189,5,0,0.8633638897205841,0.27420203383750597,0
9102592316,46,1.2317536155266993,44,178,4,0,0.7745355064044773,0.2764298840488835,0
9955004281,23,4.284432219534031,73,167,1,1,1.3312967344994497,0.5192257548388589,1
9871463444,132,8.305089434115231,76,154,4,1,0.5592288631920673,0.5526463903736654,1
9427444932,92,8.51853516147779,41,148,2,1,0.8984791825194158,0.41637841329792974,1
9619298437,168,7.501306159350941,41,110,4,0,1.3351853249708954,0.3282565650842962,0
9206102053,111,9.020343297384503,28,122,0,0,0.580033351642524,0.0,0
9867340093,92,3.567169469609799,15,80,1,1,1.210949848612683,0.4447912815315377,1
9344664917,53,1.3374691203968418,66,9,5,0,0.8201188901255007,0.46049797070363124,1
9146619069,77,1.052453765903576,59,30,5,1,0.3208732453853137,0.6641586775887282,2
9301260621,57,8.59526083638417,3,81,2,1,0.1568281948139845,0.2651262533410681,0
9300047305,66,7.439144796360067,15,156,1,1,1.1174155621309507,0.34217012989939316,0
9874416685,84,7.136845407105648,40,71,2,0,0.4666251038705359,0.1352528675791965,0
9885188748,31,3.7269252161838535,5,36,5,0,1.2420203473438436,0.32583600575372157,0
9995921374,141,4.109099291873148,41,155,1,0,0.36449993227143984,0.09078080037009495,0
9288548829,276,9.602078524543533,56,181,3,1,0.8949989441358372,0.513274931001778,1
9361453826,296,1.1061450689303827,27,123,4,0,0.23085698949545927,0.2686124312456239,0
9811889885,129,7.85045150090903,22,194,0,0,1.13007491594239,0.028303571902178387,0
9589461253,255,3.441516575229735,75,106,0,1,1.171984105892887,0.5630898938043897,1
9939844956,65,0.8710188749192829,41,113,3,0,1.3831644743807685,0.3406108437599941,0
9998444715,47,7.554416052053332,11,83,1,0,0.8859037088678566,0.05543878577283617,0
9734257900,254,3.6436629139445587,63,70,4,1,0.2490183458935631,0.6166415798732261,1
9314658282,30,7.3604014280565675,57,143,3,0,1.258871287229609,0.2594897373308742,0
9848823147,119,7.222716639622141,50,84,1,0,0.5394517697319063,0.12429494602569638,0
9502222240,103,5.580475316614593,28,150,4,1,1.3594307960496819,0.5676326583932534,1
9688406480,145,7.885044727500214,18,14,1,0,1.4689684040515236,0.19782233842284694,0
9285297228,240,6.019864079626813,44,81,0,0,0.28548398097642635,0.08451970876164941,0
9216963377,17,3.2230501020584765,53,64,4,1,0.2161435170446495,0.5350439541539895,1
9545752842,299,7.47409536011198,79,12,0,0,1.356644721425324,0.32459155558302843,0
9709276766,260,6.0968282508383735,65,52,0,0,1.358426668950058,0.2794325945972798,0
9783388395,96,0.6209091760542451,71,85,4,0,0.9192768209676022,0.42171230840346136,1
9567693224,213,9.06561968881794,12,45,3,0,1.3433697479182531,0.24571693348437515,0
9945789455,228,5.683614374080977,64,127,1,0,1.402730161329582,0.2854242468705781,0
9686428995,250,8.751959022055551,11,12,4,0,0.8775453918076799,0.26169860541892165,0
9965134434,267,8.885999970331325,70,97,5,1,1.0611394582869431,0.7009047353504574,2
9772910007,118,4.727183238983341,13,169,0,1,0.9590018478018953,0.31457068953509404,0
9971964346,265,5.322769966286694,41,95,1,0,0.34443880732590315,0.13687608395033468,0
9196807357,291,4.4496666829182185,75,169,4,0,0.7107301392674523,0.36974161651707566,1
9398671096,229,4.7696493654264325,47,68,3,0,1.0539380620996397,0.33405344173350626,0
9140981642,92,9.003898010231413,23,191,4,1,0.9543764561292296,0.4432617319460638,1
9997491300,116,7.987368132695154,64,131,4,0,0.4011369512942121,0.2377213498962969,0
9903141208,78,1.701993924997991,16,92,2,1,1.3736628190316573,0.523215611183823,1
9827513361,106,6.297923924630911,37,49,5,0,1.1976956756081678,0.3751650606440759,1
9501841170,221,9.961113083670252,27,148,1,1,0.19584059784829583,0.2736508480710858,0
9856324310,295,6.157731661708615,32,30,4,0,0.5817096918669579,0.30757904975019823,0
9413882934,246,7.965780443134502,23,163,0,1,1.4937533837494548,0.39951104073232063,1
9625460341,17,7.8060839971211236,69,159,0,0,0.645734047153591,0.06409841102631075,0
9155961553,198,3.8280164957871214,3,175,2,1,1.028801984784512,0.4175700402246959,1
9160945797,90,4.032568375687609,32,19,0,0,0.2409485850502243,0.06702300969777561,0
9916506115,117,7.37872600700883,9,62,4,0,0.5352936013750149,0.17214052008089584,0
9440984427,76,5.2498435502459335,35,181,1,0,1.3348753953060903,0.14970359150044626,0
9282944626,183,5.920421736738686,76,83,2,0,0.8147552468335744,0.29302556877916475,0
9778170170,52,7.272605008465957,72,29,5,1,1.2551571423273045,0.7247142636443518,2
9551147900,196,7.886962756870977,30,72,2,0,0.1107232602066801,0.09040990480901659,0
9931941985,209,3.0794074884641778,3,40,3,1,1.0325971262816087,0.5414420986255563,1
9951739920,48,1.894540714651148,7,121,3,1,0.5198995908393899,0.419703462324913,1
9723654698,229,3.27204914387539,26,84,1,1,1.3050872364381878,0.5189125453127446,1
9192168436,13,5.321614088374718,35,179,1,0,1.4216652388381947,0.1434571262667534,0
9971435087,130,3.7503425143218716,8,63,2,0,1.0626665333752465,0.19168254049983383,0
9131397110,86,5.899446209052141,42,184,4,1,0.30451031952044316,0.4471812171671608,1
9713294599,188,1.0079243791934702,23,44,4,0,0.7553502070064847,0.3344302656237898,0
9794373516,142,5.342628910330789,36,175,3,1,0.7502935301315968,0.46929034335848885,1
9547629673,238,3.995856615908225,40,121,1,1,1.2624177443549622,0.5205065165983634,1
9199166685,285,5.579334171482383,25,188,1,1,0.7448618978954389,0.38468141768966413,1
9357697763,161,4.514066871407279,3,85,4,1,0.5656888103988926,0.47689718812431314,1
9703937600,173,3.2001455810566535,0,135,3,1,0.9558921948179646,0.4669386497388093,1
9994361002,299,9.08902510184754,19,75,4,0,1.0059151208604975,0.27262484661442254,0
9815543590,118,2.255267390002891,44,144,4,1,1.233927113315099,0.635474711584444,1
9234642256,135,6.972972968015316,68,197,2,0,1.3606179363440871,0.25809847674510666,0
9798790074,249,9.284124769532934,51,175,1,1,1.3459396074420733,0.46775325565865367,1
9379539287,155,5.6173646170116145,63,105,2,0,0.9774137288304141,0.2684646053888437,0
9158321649,261,8.82588064150508,20,74,2,1,0.8339913547290401,0.43976839486942393,1
9192886869,192,1.6860890451162014,79,178,4,0,1.2217096404782724,0.44232208831599834,1
9551860572,81,5.190993317435877,71,192,3,0,0.5295054951248763,0.21859873960575457,0
9542657835,228,4.841740164568924,75,193,4,0,1.1611034447411315,0.3902815313941086,1
9151982472,216,0.5771286668514511,24,181,5,1,0.8085441012077319,0.6111997481427104,1
9466823844,182,4.710944742913678,66,29,3,1,0.2731112193582957,0.5707753427413647,1
9138819913,150,4.00578268563468,25,93,1,1,1.1540135106493443,0.46416222905030524,1
9247836451,281,6.863087913858846,26,135,5,0,1.007857910274992,0.3245192276000262,0
9559687524,223,9.414132896476927,51,67,5,0,0.21539347083062155,0.2735942884086181,0
9645398747,278,1.315015338489347,62,34,5,0,0.7305161467062035,0.4885150868762056,1
9856747775,29,3.6110256737889195,44,97,0,1,0.781092601252442,0.3886321373981594,1
9323296667,75,4.718615005245393,57,136,1,1,1.0149169385085268,0.46941665255807846,1
9335162878,156,4.824261091326641,37,82,4,1,1.0498833856168488,0.6079448731781022,1
9677087658,174,7.860692348001411,34,89,3,1,0.366736701492156,0.4400800960030418,1
9297812180,15,4.712258825417687,45,75,5,1,0.14717855522292633,0.5288643207217391,1
9349448617,23,0.758032363809707,70,153,0,1,1.211702127786125,0.5034412003019518,1
9407820283,141,7.245988898631897,2,75,5,1,1.4742325551310522,0.5945560398321436,1
9864023655,252,8.905882103883881,5,133,3,1,1.416962290251016,0.48711488958351545,1
9521087553,240,5.382094769221892,12,192,3,1,0.8011195352943073,0.4385492070046543,1
9163065654,237,6.020530956135801,45,38,0,0,0.8405060063382563,0.17406434928696107,0
9350291119,171,2.047896170205938,78,91,0,0,1.4028062641857746,0.31936199765982165,0
9509736794,292,2.596136474450092,32,135,1,1,0.8618048651766927,0.4786296127944687,1
9116411413,272,2.734117271683812,78,22,2,1,0.48873088420905464,0.6308716321782142,1
9867519332,140,4.592048761372305,61,47,5,0,1.048627166449625,0.44181400817082056,1
9225283192,234,9.3173795985086,62,80,0,1,0.7680775860703443,0.4222607551463381,1
9756118108,267,5.456955283791418,55,82,5,0,1.199000558409899,0.4523466036036909,1
9721236075,243,2.32492762941285,38,45,2,0,1.1966294833499087,0.33149640644903483,0
9797648780,33,3.0278334907550213,59,110,2,0,1.4103422178782097,0.30745706425632485,0
9101901740,280,4.14814278240825,77,113,2,0,0.29294845945891324,0.2647927684128373,0
9608964873,104,6.420960269081594,23,28,2,1,0.8298618952370898,0.45601523753280504,1
9750185443,151,4.680314953538051,49,28,0,1,1.200205296004309,0.5043775227447271,1
9267009544,191,4.228226019680787,32,7,5,1,0.7087779952628063,0.6537479805287009,2
9760596149,215,5.86492170379045,75,191,3,1,0.9776374782635009,0.589520770279468,1
9734953463,90,2.797432452067422,73,190,5,1,1.243844414747208,0.708942140344856,2
9828130202,283,1.2495810895535309,6,77,5,1,0.7627131011581665,0.6269972657310043,1
9979811105,285,0.73193599081111,45,28,0,1,0.6715943141138951,0.5150580858039341,1
9292892575,217,2.886962052937707,61,198,0,0,0.352779739944899,0.10380669082480204,0
9154633048,48,1.3701243243724526,0,123,4,0,1.2543698405080284,0.261382888968494,0
9147278684,297,3.6952360659472845,78,44,4,0,1.2140905321535833,0.5100480310670626,1
9622800880,133,7.8428686334176785,64,75,1,1,1.1404106264621034,0.5087015182411069,1
9681726018,292,7.304796139624964,44,141,2,0,0.6506423343832655,0.18478619311715894,0
9711853267,189,6.303812416486274,54,113,2,1,0.9164669149042188,0.5177302807906711,1
9489646739,106,8.598752316855048,65,107,4,1,0.2735814957665836,0.5066614183563962,1
9118317940,200,3.1796424331706286,66,192,3,1,0.5473263712734328,0.5453567886880977,1
9240093021,83,8.908010653784673,79,171,1,0,0.7097377443560263,0.13665573481064042,0
9823386018,282,4.292772111857202,53,37,5,0,0.1609549398810654,0.36375132744344135,1
9347832162,58,4.308486523532952,62,166,3,1,0.24502267084237264,0.46166754888535594,1
9962981744,219,4.3508403294424545,53,66,4,0,1.2616142979426836,0.4198336317998126,1
9934792806,125,1.4318964792893238,51,89,5,0,1.4596854728046105,0.4815628323184147,1
9431239002,32,9.767159734145029,53,65,3,0,0.550786229806797,0.1761717641004086,0
9209727577,107,1.8158143893390122,66,97,2,0,0.24943690112347544,0.22467598879608225,0
9560081869,199,3.738414382457253,36,31,4,1,1.4095492814326955,0.6988516078491032,2
9624155920,191,3.533353043104193,11,130,5,1,1.3800361657931612,0.6338874367112624,1
9261272081,157,1.2094546117587415,58,149,3,0,1.0165220149685783,0.33733585312179115,0
9104300915,32,1.9464712360628282,19,64,1,1,0.5740269420121111,0.3888089115420328,1
9685503580,114,0.9261541937611653,31,174,1,1,0.25759836474678893,0.35694795344448066,1
9375195859,172,3.2778426888248777,70,51,0,1,1.4152906692311071,0.588367434708501,1
9417145780,76,8.733240778274611,43,116,5,1,1.388532752389773,0.6208417076141441,1
9566340954,299,3.7247009545051526,65,91,4,1,1.1404829787889263,0.7286448793339428,2
9811263313,298,1.6750724046401024,77,185,4,1,1.407440819845266,0.7650086961924175,2
9772725315,55,6.6340917496472205,54,113,5,0,0.2956646053393718,0.25553731831162463,0
9517778624,90,9.96770866452165,15,153,4,1,0.2529497985927063,0.34799147185686496,0
9753850368,156,2.707076000553312,70,140,2,1,0.368856552147545,0.5088778742510658,1
9922885433,231,3.15592455102041,67,77,2,0,0.40168929055455227,0.27218162025430137,0
9646988185,24,9.73254701566749,51,126,4,0,1.2580367714168579,0.2683238483820131,0
9822581356,130,2.198374731729628,36,101,5,0,1.3904288789076302,0.42563763535482674,1
9537243507,87,5.3565336408620565,45,190,3,1,0.4018264843404369,0.42539077443050777,1
9218194006,250,2.7766952636529014,40,72,2,0,0.7477726450838516,0.265079040912894,0
9125589001,27,9.357343030061816,4,67,5,1,0.7362788004820537,0.45876533969710465,1
9485757498,265,9.824449638474793,65,191,4,1,0.34901798441761955,0.5014054291350835,1
9107611432,286,8.239629538140147,4,86,2,1,1.294686133744362,0.4667534482583084,1
9267202920,36,3.4904462502217,62,34,5,0,0.8314899653430476,0.4099934408385053,1
9254699641,11,4.333131015164797,2,29,0,1,0.8927341668651461,0.32806386117517333,0
9986138048,248,2.8019039948310027,7,125,1,0,0.4617991523319095,0.08517638367519043,0
9852571792,22,8.962200686585419,25,101,0,1,0.882821946016208,0.2900088919495867,0
9736419349,193,9.188303638037501,73,103,4,1,1.2095558526964298,0.6551037253337881,2
9601524833,203,4.479271291337448,52,110,5,0,0.5269041238013847,0.3456105726934501,0
9871161079,65,6.737064164078518,75,60,1,1,0.2586132383360672,0.43027215196471913,1
9239495148,239,2.0727552078595917,28,166,3,1,0.9176562383750141,0.5409790194440199,1
9960965596,37,4.631891053452385,13,182,4,1,0.9901628242255798,0.4673535129323077,1
9879023939,80,6.4992415133982275,4,134,3,1,0.3828896695762386,0.3432891955217033,0
9450565060,219,4.161329625921185,26,57,3,0,0.4476265138753185,0.22417922615398397,0
9901501834,193,3.897195494021369,67,130,2,1,0.31429641944952846,0.4961658910723537,1
9371977271,50,0.5094904265359553,28,45,2,0,1.3899340731834107,0.3025115369969111,0
9443978930,269,8.140787905882583,2,27,1,1,0.39821680558562444,0.33682989513301725,0
9862364564,93,8.948707314203759,29,193,1,1,0.11489335811720701,0.22395271520361973,0
9171719010,55,9.709903530685406,8,35,5,0,1.2762139431377144,0.2717934974749675,0
9427871051,168,7.333078158157547,0,198,2,0,1.2245184535293854,0.09274527652563572,0
9137693721,16,5.7135269675139035,22,6,1,1,0.7391489617192954,0.3949022184628153,1
9485085298,145,3.058202938182739,66,64,5,0,1.2160272941358174,0.4843915067047718,1
9239569554,192,9.993345021653235,31,82,0,0,0.7294633838191442,0.04756546579845846,0
9717677932,206,6.102652118055003,5,27,4,1,0.41432027320843,0.4851699407016849,1
9542598075,181,6.970963687139239,76,189,0,1,0.6964763799947549,0.4046922680203664,1
9873535942,285,6.982858538575518,48,39,4,0,0.7816240123013358,0.35050057901325415,1
9718880302,87,8.529892059693223,14,5,5,0,0.11260477902321563,0.18335386876646723,0
9760383734,187,0.5918891190457325,57,109,2,0,0.25866131840361806,0.23555335544655204,0
9943774278,36,2.5923459340980326,52,180,0,0,1.3246711383496426,0.16445238539278068,0
9511670681,129,6.822573001615132,29,53,3,1,0.649395597246553,0.4812065956502048,1
9712282919,290,9.003884499833394,75,172,0,1,0.564054040819775,0.39972320423370566,1
9748289924,205,7.0107184282528845,39,66,1,1,1.3436991562496554,0.5105319442775907,1
9827773588,286,4.428167269189961,58,19,0,1,0.31639753280466265,0.46209636337294674,1
9156299981,27,3.934777210767485,62,162,2,1,0.40378223089587806,0.43493654117829555,1
9230418819,280,7.510506078691544,47,25,2,1,1.2591307351055474,0.5968862819350338,1
9414223382,62,7.541758122803338,67,140,1,0,0.49151655009012307,0.10976422187050806,0
9696516947,61,6.267050928804059,6,139,4,0,0.9865251649368981,0.17944507531344578,0
9291150833,225,3.268936728924702,46,109,1,1,1.1354003212715802,0.5300207978054932,1
9979094387,81,9.288970774710164,42,38,5,1,0.41180841538080537,0.5350493605491746,1
9978152812,37,5.742859450127072,15,125,4,1,0.4547709469554161,0.4227748668997917,1
9491401692,261,8.00967738435914,21,196,2,0,0.8228131345975395,0.10947144753939506,0
9122802311,44,2.5359284905374007,62,174,2,0,1.2090991870308603,0.2668940938905877,0
9899447592,210,3.7683874918399147,45,185,5,0,0.8761285507459405,0.34466477618743385,0
9296257135,258,8.808505405679753,44,100,4,0,0.19427096411701433,0.21141045082588467,0
9450317714,108,0.9760167844296999,40,14,0,0,0.5911720512073149,0.17102844473172138,0
9502878575,149,5.36699545693829,24,94,0,1,0.5628930219379201,0.32987655048262426,0
9551101286,92,5.076202058518086,49,62,1,1,1.2306426690093206,0.5145460289122348,1
9240916269,57,7.6366867946267805,66,113,2,1,0.5055291072361743,0.4442232513328195,1
9989383835,287,3.177990820693658,51,103,0,0,1.3617044339961817,0.26505197556455123,0
9684297965,257,2.581134807666195,30,113,2,0,0.5689778880449798,0.2048370622067366,0
9405622520,186,9.29826196834572,36,136,1,0,0.3717514750195059,0.03963103338219208,0
9591147738,61,5.931241693605416,21,93,3,0,0.8559158727895184,0.18055167107814385,0
9396385347,88,1.4945508986947178,26,140,2,0,0.6409422007493908,0.15894511997225697,0
9294312057,73,2.33384354103605,1,16,3,1,1.0066264686479758,0.5185057204119911,1
9919413262,17,9.98884756538536,21,122,2,1,1.3819981231534118,0.40475693732711837,1
9656183522,223,2.358285464395828,52,92,4,0,1.417085558198913,0.44821750807778626,1
9129723044,34,6.299517357859948,16,92,5,1,0.4183104361402885,0.4736697107091819,1
9784669634,265,4.491216750458372,55,157,3,0,0.3271797933760799,0.23328364086629577,0
9508249710,252,8.913191401073435,30,159,4,0,1.4159398966415395,0.2941544907841035,0
9361471511,207,7.674101626805614,42,134,5,0,1.2373989305151565,0.3590986521401514,1
9429624858,103,6.17103826448725,71,77,4,0,0.46634638982248167,0.3066257742715174,0
9468619559,216,0.6020203270808338,52,187,1,0,1.2269361370299037,0.2651080925186184,0
9304617662,24,8.858054471187867,4,190,1,1,1.1374764535061546,0.2746005207664842,0
9453007804,187,4.724340972967805,1,165,0,1,0.45498679827707134,0.2475229907843015,0
9931583201,84,9.349987703676478,58,87,3,1,1.3680980989418485,0.5733719194289041,1
9202676444,113,5.207620622114911,3,181,0,1,0.5505265027901742,0.22995506620277528,0
9190721815,177,7.095132647235892,33,9,3,0,0.7722507112541832,0.2564784935836713,0
9540674839,124,1.1582801699331005,66,51,1,1,0.9529661467623254,0.5805232422389486,1
9764219625,48,7.578940708504465,72,28,1,0,0.3677685557949305,0.1579849381933381,0
9421211395,282,3.7109622974632677,5,125,5,0,0.9558032135632816,0.31411483805803464,0
9751095874,144,3.837910636151918,57,99,5,0,1.0887807650120416,0.42174876416762197,1
9167256609,241,1.6272305247392045,46,176,1,1,0.2421659208762373,0.41329981087494466,1
9640663736,48,1.8951429120819216,4,146,3,0,0.6310876979668598,0.13378880881104016,0
9267909846,56,2.264711033958996,60,168,1,1,0.9568834380013018,0.4775828134859817,1
9295005620,45,3.6179586014285126,55,55,0,0,1.3967036448366539,0.2324389341632563,0
9239468023,104,8.973714171368252,34,138,4,0,1.3473768666170203,0.26523398727095676,0
9271924083,22,3.9984722631857643,12,149,5,0,0.33753424137977206,0.17088910847401018,0
9852599318,155,7.381445712350575,25,86,3,1,0.9547110533819596,0.4925713111909617,1
9877431916,74,1.2861012869537782,63,76,4,0,0.23722496555621056,0.31251711375663327,0
9261366596,237,6.11543859308393,78,55,0,1,0.5114304480784456,0.47918639065240637,1
9709129310,251,5.077966697069176,10,56,2,1,0.9361783669736051,0.48083913700533576,1
9649183741,17,9.790600496067793,61,16,5,0,0.2139106520980731,0.26196540563228854,0
9300577204,52,8.538973813850149,79,85,1,0,1.3444068846462038,0.25197780705800943,0
9166772797,253,4.820882838167172,46,99,5,1,1.2605841107487707,0.7148861658985132,2
9237532072,190,7.863856258430719,69,119,5,1,0.7627459615014979,0.6435799069456777,1
9100049976,94,2.333868042290886,74,133,5,0,0.788455957036192,0.411674965003519,1
9488398588,164,5.842195110221891,57,15,0,1,1.3339080302859354,0.5344459556449829,1
9815394808,284,1.2088810279027278,9,20,2,0,0.17061229255613042,0.17995023610523622,0
9363414459,32,3.806845806390989,15,105,3,0,0.3014332875631196,0.11227317816421582,0
9196680501,124,2.645690725410618,11,117,0,0,0.531206153821501,0.03131311642031939,0
9581793349,108,7.329643245589503,70,96,3,0,0.6101379788198787,0.2555608385113114,0
9334653028,113,5.155861566536434,49,13,4,0,1.4824254886330723,0.4259040531708648,1
9961399719,60,7.6351695490561,14,123,4,1,0.3064466392696026,0.38715156212367924,1
9974362470,121,5.395306657498733,58,127,3,0,0.5243454329801985,0.2294444387343057,0
9332781733,253,1.321602200440566,69,12,4,1,1.2591298997002303,0.8079530282254076,2
9143338836,178,7.4859926724590045,61,29,4,0,1.1980965547917513,0.40015634117216886,1
9331681340,81,8.415678007884154,71,172,1,0,1.0167433943185897,0.16037107122362093,0
9905228755,148,9.083546646171529,61,199,3,1,0.5599724401223359,0.4474107997272886,1
9670089855,240,5.9339234804137275,49,123,3,1,0.2648876857689806,0.48532944052731297,1
9106330034,248,7.659060910495203,76,155,2,1,1.4769651627161156,0.6129604219333249,1
9322912853,262,7.644421200384957,53,194,5,0,0.4519969777354945,0.2746232495903065,0
9920848579,58,1.9796227180899713,53,27,1,1,1.2824910820782807,0.5753601238989807,1
9358061131,81,2.060096530865922,27,48,0,1,1.3530115050456142,0.4759902222350825,1
9800282366,272,1.173412305186698,50,60,1,1,0.7172595316166304,0.5510235294650886,1
9704025251,231,3.539179533832864,73,127,0,1,1.2911629129674314,0.5548193951500975,1
9812723624,86,4.9983315835401125,32,27,3,1,0.49065178595114867,0.4923315686449899,1
9522733764,71,9.98002960116506,0,13,1,0,1.345875578283541,0.09817804751337753,0
9138950796,166,4.594436749647611,68,8,2,1,0.9903528422343817,0.6249757667390211,1
9841436758,134,7.399304590820023,0,166,5,0,0.3721210818693095,0.1285962080678102,0
9570861625,238,7.087271749589079,54,166,4,0,1.2011658939166752,0.33705931294159874,0
9327336497,170,2.442578527380506,44,125,0,1,1.3791692639600048,0.49802270267996773,1
9727240477,38,1.0558179387696458,72,102,4,1,0.8986016784980779,0.672295719487867,2
9423390141,123,5.687064139569081,79,174,5,0,1.1645221155479653,0.4150478841909268,1
9392172644,88,7.152903126987523,39,135,3,0,1.2127163486203485,0.23540779097725817,0
9112084335,32,9.983392006769432,60,87,3,1,1.2023661370608585,0.5365165656994032,1
9386815642,115,3.906804996671122,35,38,3,0,0.7361899803147081,0.2638778043443782,0
9192078002,140,9.015463339770418,23,109,4,0,1.135919659088164,0.238708132346668,0
9880026061,182,4.128358330757271,79,111,5,0,0.8679427591131497,0.44539616445782404,1
9638401976,273,7.049411230089872,13,47,3,0,0.6805235613433007,0.20761989260011765,0
9619437693,294,6.183402839911993,74,199,3,0,0.3321376701196236,0.24305568633541094,0
9473510639,11,1.0032985363746707,0,169,4,1,1.372653399465292,0.5271121588326724,1
9752578170,242,1.2446900562174557,46,16,3,0,0.6808758798469428,0.358802158240357,1
9343496821,260,0.6972588523823793,75,20,5,0,0.4353917121161486,0.4919632325586826,1
9768946147,117,4.0229238036429,20,66,0,1,0.43921405843223804,0.3276306013681538,0
9118246135,285,7.585109963277102,72,21,1,1,0.43892356801248333,0.5131495086021728,1
9153613589,189,2.1411762429118655,38,19,0,0,0.10346296095199324,0.11312144039929678,0
9715018708,222,6.25560319964701,2,30,3,0,0.7135068092799228,0.1912535787178266,0
9282411573,81,3.2438639102952402,15,49,5,0,1.3469626219067243,0.373559147705264,1
9489286548,292,8.071429927801185,67,134,5,1,0.13520498572180725,0.5809841058196692,1
9742533319,184,8.084763415528414,25,149,3,0,1.4392364677030491,0.2385078818046915,0
9791550960,132,7.866437892181024,53,69,3,0,0.3507722362013609,0.19964541363799101,0
9661307919,236,5.48591838111308,12,98,3,0,1.1064240486194146,0.23987319859430617,0
9436965178,92,3.203383745758591,60,34,4,1,1.199459746736585,0.7040278979926206,2
9806392054,262,8.189718416847029,19,72,5,1,1.1291616888593754,0.6138394483276274,1
9291112990,155,2.2679553384227944,26,110,1,1,0.5748458486903952,0.4105993711151073,1
9116448425,129,3.2527162192722323,1,48,4,1,1.0853372430652508,0.5598578745365633,1
9999026121,74,2.2475032085259055,9,100,4,1,0.7621639083558311,0.5104729638337223,1
9188782879,290,6.904996523682653,59,64,5,0,0.3130759995894322,0.3527924949998734,1
9818639546,292,7.019242267100272,18,5,3,1,0.38130168429652866,0.4893919615770469,1
9181688737,115,6.698844931474154,14,23,0,1,0.13644133125505456,0.2666534872395834,0
9231562238,116,4.448213935214344,46,37,5,0,0.564758514847249,0.3503257878924311,1
9175575549,45,1.4516245684136158,23,168,0,0,1.1191852931567046,0.09663274035784115,0
9459801352,156,9.156111052892701,15,95,2,0,1.456667598539003,0.18077677918996798,0
9180946128,271,5.323444158116263,59,28,5,0,0.28698147365967774,0.3815731136084328,1
9968535946,168,4.366235851655369,79,87,1,0,0.5945932192862604,0.2420063560944868,0
9651620063,274,6.093836485858786,48,129,5,0,0.3540979290245707,0.30593238031930975,0
9282202377,211,2.331509140281505,3,157,2,1,1.1652420400527517,0.4643676017896188,1
9165825272,164,1.7592134014963068,65,143,4,1,1.3874173161282728,0.7198628504507704,2
9579791888,22,4.352489603850463,48,13,2,1,0.25960195835165345,0.45428902642265956,1
9536170563,94,2.65859659394915,30,10,2,0,1.36502116379622,0.30746604719482334,0
9955594543,289,2.820757798103063,65,62,5,0,0.4800901234093604,0.436078387898553,1
9299973299,254,8.97885913389603,53,104,2,1,0.41228884553225864,0.44471168519045207,1
9667620718,18,5.542212183265336,1,126,1,1,0.17928815714555063,0.2230580326582821,0
9658093946,256,5.092956111071835,60,105,5,0,0.21265558911316337,0.33516986402738425,0
9138677396,287,7.050056140421675,14,161,0,1,0.19691466762016757,0.24656241976269333,0
9358091876,247,9.539707079929027,59,15,0,0,0.7249770930860515,0.16363743287784455,0
9540302693,212,1.565886362470359,42,155,2,0,1.0221014434934574,0.2653948702029039,0
9231992304,256,8.418578387537943,39,158,5,0,0.3581890354729489,0.23897641027296523,0
9159504448,244,6.048182208744536,29,5,1,0,0.4046943927439106,0.14780180729100156,0
9995456446,90,1.8885708612124539,62,85,0,1,0.3420556026916346,0.4193838219884467,1
9138184664,22,3.3229185275454207,23,179,3,1,1.2291817121273059,0.4877434497913983,1
9839117618,25,5.082433456415026,43,114,5,1,0.29205184692194,0.5204736868203192,1
9612306979,54,7.066182873485518,13,173,5,1,0.20276716033372047,0.39668786475822015,1
9885656296,148,2.804766661057796,27,155,0,0,0.15140346252423292,0.007227882236881034,0
9953898110,157,5.581348746942104,13,104,0,1,0.1562104911888064,0.2508857406460182,0
9432887127,245,7.004380460450687,55,109,1,1,0.8653419503686542,0.47837180185216366,1
9783007169,200,4.763037133051309,33,137,1,0,0.23157932636275366,0.07371640690024805,0
9947007847,110,8.69874663064167,77,103,0,0,0.4113972483030849,0.09606604356200348,0
9873934862,114,8.759861476983842,11,182,3,1,1.265747606662379,0.42292137507567934,1
9521916070,259,4.971566567584235,55,13,3,0,1.4553510488338735,0.43329999371572064,1
9329858501,103,9.742794248884547,60,136,2,0,1.3052010757116093,0.2221772647654452,0
9834415872,229,1.2180583778517495,60,197,2,0,1.4434436461268405,0.3441632036676665,0
9624116974,142,0.5319425940678979,39,61,0,0,1.0386318883241892,0.2133691821367546,0
9935781014,164,4.116348506137231,19,128,0,0,1.4821029896415758,0.15093951001667566,0
9637408889,37,6.210422083038838,41,157,0,0,0.7948813588741981,0.04447736473510436,0
9531522300,291,6.477401495771778,6,190,5,0,1.2125635854140306,0.28387881230042233,0
9579708797,125,5.026234494791371,78,10,3,0,1.4603279004197898,0.45075786744621166,1
9506321464,243,1.6863914757861385,72,146,4,1,1.0930077161598715,0.720724228229751,2
9203386704,10,2.119726456984995,67,67,2,1,1.4394079784547749,0.6352089065974198,1
9232533665,249,8.595405846594087,30,122,2,0,0.45510243604419176,0.11236742216617401,0
9345117690,67,8.745155751522981,69,69,4,1,0.520385674569016,0.5521210785966729,1
9322888616,192,6.902036109676842,75,56,0,0,0.6561361862895733,0.18786190903862668,0
9938552028,35,6.810070736649382,46,69,2,0,0.7504214598995054,0.1746630596814814,0
9710617416,86,6.177980216264172,50,129,3,1,1.3563666031972021,0.5715615631218275,1
9509490572,226,2.427795914168888,57,104,4,1,1.3430074369329688,0.7245440081285962,2
9467694085,271,4.56838165246908,21,140,3,0,1.0211442286072328,0.2492333942699057,0
9809297491,32,7.110999188902098,23,100,5,0,0.42522249356418185,0.19597804229420995,0
9775711220,253,5.603896584031718,33,12,0,0,0.43652819458070946,0.12085329100797118,0
9557573890,167,0.6765131735234422,62,18,2,0,0.9844405744120045,0.37304804418049253,1
9610561616,215,9.558789663840935,59,28,3,1,0.8047431716102769,0.5699470379604753,1
9964017982,96,8.525752499435363,18,196,4,1,0.4619459330400152,0.37722448197157754,1
9163218224,276,2.9751776340425096,23,97,0,1,0.33553210632164454,0.3614117211500873,1
9834676847,143,6.356359884079813,63,29,2,1,1.1116756380274089,0.5905080912876647,1
9366600622,276,9.270774145417784,19,138,2,0,1.2385243868140179,0.1727236366726687,0
9895961452,277,1.412104615079688,26,133,0,1,0.46582683578439565,0.3848206315798379,1
9946497974,62,5.278780067568656,57,91,0,1,0.694891527331634,0.39932495580230554,1
9311783871,108,4.834308745539798,43,37,0,1,1.098891841452296,0.460905316027798,1
9366219344,256,4.396947550193557,64,146,5,0,0.7569104202469645,0.39733254649397975,1
9660569282,45,8.438091784482786,45,195,3,0,1.445759898360402,0.2199840863894548,0
9800231438,37,4.116138393625844,53,60,1,0,0.2814388956110876,0.12749567341648707,0
9128658787,229,1.104801665789572,38,194,5,0,1.2960868281889728,0.41183946605986865,1
9255502111,111,1.1254585505608736,6,32,2,0,0.5285027953036084,0.16501483282970258,0
9689429599,272,0.9060737619837853,53,33,3,1,1.0618656563157862,0.7038343269474222,2
9772472515,280,4.386881507803354,42,27,4,1,0.4551730439278979,0.6136448538443742,1
9677050513,233,7.32485963813442,19,176,2,1,1.4530574890708727,0.4713519163642251,1
9168985200,148,2.435363388339897,24,42,5,1,0.17018797003982977,0.5636648624113675,1
9208204882,289,6.64145094409972,42,181,1,0,0.8189998856464951,0.14364924161504944,0
9238174506,295,7.0273404849851895,72,47,4,0,1.3747185874207655,0.4738048113373362,1
9482240627,259,2.9244201781481802,26,14,2,0,0.7577766403523271,0.2644068213711678,0
9634220194,87,6.205297732575978,24,31,1,0,1.276484762181658,0.18441459867088722,0
9149039847,22,7.00624923025505,35,140,0,1,1.4297600914141857,0.3821128868733084,1
9304214349,91,4.932829416620194,65,89,1,0,0.1949691801203355,0.13421901528166458,0
9974883897,18,3.698807674160903,8,162,2,1,0.7843302334504573,0.3595339359241241,1
9597837856,222,6.38193973995611,78,17,1,0,1.0609915711402003,0.32093571165735074,0
9500626337,57,9.789547329616541,52,62,5,1,1.265048486124095,0.6355312503794929,1
9905999292,58,4.554993389005292,20,7,2,0,0.3284179048485796,0.12971689458043273,0
9518820854,49,4.22148341470865,49,104,2,1,0.8934990945667827,0.4958787570381769,1
9353319895,289,4.910535573048077,15,108,1,1,0.3280904928735709,0.36126109893491826,1
9979914298,235,1.2240747377279582,65,9,1,1,1.15755552417782,0.6526344327152697,2
9104672412,117,5.7550511568782055,25,26,5,0,0.49849192211021875,0.28520841677068776,0
9388313170,254,3.6226251785640042,43,190,4,0,0.47634523000339046,0.2591732587909721,0
9985592965,264,1.6535101621469936,28,70,4,0,1.1777225655257435,0.39588458591732534,1
9299416696,42,4.929439040615047,45,93,3,1,1.2788105249082076,0.5722539945016043,1
9247276768,32,0.5321478724527855,70,44,2,1,0.5806708566235967,0.5753280616587315,1
9274953639,63,4.31695982904621,48,92,4,1,0.8015435110926101,0.5791817033825587,1
9321915474,58,1.5044850453012797,14,126,3,1,1.0708447735766238,0.506414218952246,1
9871358708,87,0.7307806822979128,16,9,5,0,1.1432382312036988,0.4031192195568689,1
9120596928,131,8.33251293932277,8,148,2,1,1.1781652097024249,0.38832300322575103,1
9352691908,99,9.20436363118503,76,121,5,0,0.6465428576318104,0.3240327793415969,0
9583787141,202,2.472909159411513,31,19,3,1,0.8508786056573313,0.5985471894326082,1
9608920807,253,5.623333506425482,65,79,4,0,0.2533659619201686,0.31314058001998113,0
9869896972,158,3.1406024927443568,58,84,3,1,1.4279723253574348,0.6763027824632932,2
9314763327,155,5.18898566738573,31,22,1,1,1.0819822368404841,0.4916533737455627,1
9326375138,150,4.647997548494522,42,179,5,0,0.625773647326802,0.284316867097282,0
9969589650,295,3.055985023264614,58,106,3,0,0.6454572897657529,0.32894972115938165,0
9729443275,120,7.153739006535328,29,136,5,1,0.22667771433362244,0.47060645764161074,1
9665711738,117,1.701664113542415,10,57,0,1,0.7396924338973172,0.3735431227051691,1
9655515434,290,1.0041914306279878,79,62,0,1,1.0422335257170514,0.6171010592518437,1
9595191497,59,7.7929166138541515,25,116,3,0,1.4335763566238013,0.2244974967619397,0
9352501080,23,6.826335296596459,1,89,0,0,1.0066209383442812,0.002761822375489588,0
9775483283,143,5.235998179390781,33,79,3,0,1.0109960565636862,0.2633708819682863,0
9860863838,85,4.944002819489144,40,62,5,0,1.2009794808453074,0.38645617053423387,1
9356786883,93,5.225408105168549,30,120,3,0,0.8137270779969588,0.19924235209761243,0
9636996267,167,4.651728722937392,62,63,3,1,0.14499443772341253,0.5261119211848941,1
9271994262,295,4.232476810396202,54,166,0,1,1.3458004647776236,0.5078730007152272,1
9385828609,103,5.247060727418143,60,34,2,0,0.66345991727811,0.25011712801102215,0
9621469303,103,5.5208941260177244,35,186,3,1,1.4785306466821355,0.5363896147563103,1
9385232149,66,7.0730719837943985,39,72,3,0,0.668929018189472,0.19674461837720383,0
9841753714,173,7.256468026973215,22,79,1,0,1.035668300404436,0.13733591305818704,0
9106508856,107,4.087476261331374,25,72,1,0,0.7438229311879975,0.13299236993991656,0
9300495076,25,4.428634966063143,17,158,4,0,0.4253872533320947,0.1398195174737603,0
9404476999,87,4.050123112494118,78,135,0,0,1.403080125150038,0.25096813766807513,0
9102009606,81,5.597089849444249,33,61,2,1,0.9780663924379585,0.4835528888992241,1
9369995213,279,4.806858610184856,27,169,3,1,0.7307303883535586,0.49265534328020877,1
9636330167,296,8.95116639979384,48,170,3,1,0.301834473521723,0.44273947335841396,1
9895844982,75,7.1154320357064895,63,45,0,1,1.4987499003262363,0.5137148036106706,1
9408146626,77,9.037235645667232,70,8,4,0,1.3532038478656192,0.40397096732920085,1
9532418417,202,7.236801419814543,62,158,4,1,0.6918991117805314,0.566552943042556,1
9455753743,64,9.724425410976234,61,43,1,1,0.34004023253495064,0.38092838963914594,1
9770388818,177,6.539499393425056,41,113,0,0,0.1415612468605404,0.021463356902164166,0
9649727410,34,9.65372631254902,23,110,4,1,0.3125692250456438,0.3834802579215557,1
9152212945,140,2.0026139588895475,34,112,4,1,0.8482007971657959,0.5915860614865542,1
9847409871,111,0.9985379678793366,76,174,2,1,1.2421092840348082,0.618670658469625,1
9799285319,291,6.001689259436663,54,15,1,1,0.6089303878129216,0.5166513754243107,1
9322633083,272,9.843185455097862,48,15,1,0,0.7075737706933455,0.18382396035536042,0
9902791392,129,4.467249849372769,76,58,1,0,0.7625806991301257,0.25830268570314185,0
9309846384,240,2.5144119408331163,58,170,5,1,0.12460697117352282,0.5942798932508254,1
9185021707,170,5.454643767338383,21,24,4,0,0.3478573879451867,0.23287049467869514,0
9261631357,170,6.663586933499442,60,158,3,1,0.8012723055791541,0.5295229668008385,1
9704225076,87,3.494197607400945,79,132,5,1,0.4911508138796411,0.6519577263767455,2
9343853642,47,7.2903089057429655,29,80,4,1,0.8326521238498682,0.5062178813264018,1
9922175620,37,9.763587816934395,68,123,4,0,0.2513401187683691,0.19036442711565826,0
9542203418,109,9.021149656250861,59,18,0,0,1.223941396861824,0.19143583841507522,0
9794304907,133,3.270061048365855,5,182,1,1,1.1972422265909552,0.3841450012771911,1
9620947088,101,3.603874989873684,10,127,1,0,1.03780266181302,0.11122315287241152,0
9894545029,264,4.029641632271092,23,29,2,0,0.8440158046757353,0.24857619697383515,0
9460991840,106,4.248251394739631,78,187,1,0,0.6458370476401037,0.18078809564660353,0
9875414276,15,1.4530352423361546,50,183,4,0,1.0557147015584587,0.31024934127898113,0
9649689243,178,7.738646969448248,18,110,0,1,1.1945467223089097,0.36344850971035686,1
9763690061,280,3.9707230043016546,49,110,2,1,1.2320293773655746,0.5981115158989158,1
9553139524,117,8.858289778701796,2,107,4,1,0.5866130231211898,0.4022940854301213,1
9393574773,56,9.305935919641033,2,14,4,1,0.3715283037626771,0.4013454987491622,1
9244997434,108,0.732097438423037,30,18,5,1,0.5785633443608005,0.6479424320622197,1
9554642720,23,9.890779164317959,46,137,2,0,0.11081524502892424,0.023741812764988726,0
9253580861,203,7.245215949251754,7,189,5,0,0.6925182645521201,0.1915429336885667,0
9460431665,166,5.443726146933142,16,26,4,1,0.4828749151901265,0.5158869427262842,1
9884977775,163,4.200512279539256,44,79,4,1,1.2060558948261975,0.6532872266913393,2
9458469096,124,5.425922259792273,59,33,5,1,1.0447372758515459,0.709574072651345,2
9896475410,267,3.583934877795222,74,139,0,1,0.13637835282414695,0.421558183805355,1
9862532565,154,6.415534230117208,20,150,0,0,0.3020016436971979,0.0,0
9454146500,19,1.3833126262255167,69,163,5,0,0.8590678746745162,0.38530506011290233,1
9409714810,223,6.400664727662197,20,175,0,1,0.9653362020514886,0.33599903418089894,0
9343033537,242,3.1157760763152194,57,39,1,1,1.1764313470994332,0.6010657820694828,1
9982192349,180,0.6675308759972904,54,75,2,0,1.4556000094263466,0.3866616306191941,1
9632236846,30,5.7507047785473375,27,98,0,1,1.082687612114562,0.3606640561111794,1
9664534950,24,5.995253680600616,74,8,4,1,0.862855564706183,0.6564996235975346,2
9935150275,135,4.552405544759592,45,55,1,1,0.6801954232431469,0.46074458425206255,1
9708744588,222,1.18671920922801,43,98,2,1,1.1334701498868096,0.5967257874756811,1
9249730387,197,8.98675805163982,24,34,0,0,1.4086519554800343,0.1507304713712596,0
9836497333,181,6.308592668664945,70,98,0,1,0.6920729393960761,0.44411230737021645,1
9668147534,256,1.599276345905211,48,185,2,0,0.9184858664020606,0.26279365448405134,0
9599036374,14,5.353840477644402,45,114,0,0,0.38984816590498206,0.030519027510198346,0
9954664717,240,5.223916001510479,62,78,5,1,1.3004536655820846,0.7578674478517242,2
9233126358,210,1.0738177535328062,76,146,2,1,1.0989374282521156,0.6409866783478604,1
9822988434,158,6.265167184228002,11,168,2,1,0.5965901354430992,0.34729214337576925,0
9251478399,81,8.179100789754862,77,91,4,1,1.3236667625652094,0.6660408020307668,2
9104036405,235,7.615576515360543,56,144,2,0,1.4591858328591953,0.2883820484254436,0
9534232796,83,2.428209434559742,72,80,3,1,0.5039280128976036,0.5874661816663288,1
9535393271,178,8.691779030765009,63,166,0,1,0.3612813158524216,0.3252690761997772,0
9219626780,258,3.754150573763834,30,30,4,0,1.264649037418178,0.40400807760501534,1
9423213079,289,9.491829593773442,3,138,1,1,0.9154025012115243,0.33476301168676836,0
9213039697,161,1.1816056601442804,53,105,3,1,1.338115564050095,0.6680779330976133,2
9921508926,233,5.1189825409385055,64,119,2,0,0.5865250486466418,0.24358854867966828,0
9881765321,234,6.1726815831867174,5,185,1,1,0.9137557379342732,0.34072850955387224,0
9807514728,47,2.8526759355087448,64,147,1,0,0.9080966997059335,0.20177282607194041,0
9149309063,53,7.828111792842163,21,110,1,1,0.36352457288309914,0.2800689405651993,0
9389921241,194,6.455508958201812,16,107,1,0,1.4887043752443563,0.17941175086423433,0
9959493949,250,0.6720396542355778,58,151,4,0,1.0296830103226042,0.4131641520545522,1
9180320156,219,6.279501611614241,28,108,4,1,1.029803494873061,0.5716224000453963,1
9870365456,32,5.169043226975241,66,179,1,0,0.5156174954419666,0.11137891406266646,0
9542902849,133,2.362277416183323,16,81,3,1,1.0105351494254153,0.5358835556035166,1
9305233721,95,9.959608157065531,1,99,0,1,1.2661664799581815,0.29050801304352875,0
9586634820,52,9.023040850862342,31,193,5,1,1.238903515648574,0.5275085983341474,1
9759711293,49,3.2788231027761032,21,111,0,1,1.3876150368135471,0.41198459385097913,1
9338351016,178,5.6401737475868545,57,116,4,1,0.30814936086804845,0.5430125049997903,1
9915250513,184,3.506770329147762,52,56,3,1,0.35595840322225447,0.5507004311035641,1
9978554585,29,7.867209640542741,46,22,3,1,1.0942362035043252,0.5491351620673395,1
9452974291,118,9.338148615366324,3,192,2,1,1.230834111529584,0.3458589766658209,0
9841863848,202,3.908871765686644,37,179,4,0,1.0440340952577778,0.3019942969093603,0
9978065584,253,8.153050366864461,12,61,3,1,0.30000144268594364,0.41413023538660654,1
9514568154,289,5.234871655775446,60,37,3,0,0.9329277527519051,0.37469953712758997,1
9184629168,237,4.267496332459984,63,108,0,0,1.1477340197403276,0.23746812637931952,0
9733990347,45,9.415007594938313,76,164,3,0,0.29177273875038023,0.1550326375107859,0
9418008902,54,5.348844542830799,32,136,3,0,0.1781679215930456,0.10759401607719588,0
9161316090,37,4.9403997524459164,37,173,1,1,0.45671721851011937,0.32613793585853,0
9553044610,163,6.888126818642259,28,23,0,1,0.22705253127680283,0.3195554485961759,0
9981898249,32,2.981724909673702,60,11,0,0,0.30795513069090197,0.13920725010015714,0
9172112225,216,3.5855322724889995,31,30,1,0,0.3847235823142491,0.1594904426078419,0
9179601871,100,9.354435444266915,10,91,0,0,0.8429685321607243,0.0,0
9661354241,47,6.9460335316509525,17,102,2,1,0.3182020137422672,0.32261517260259404,0
9260896635,237,8.353052903824553,44,183,5,1,0.9465550389145854,0.5840499698238556,1
9313057303,211,3.0755617383865816,20,188,2,1,0.5069244159305059,0.3991908557176884,1
9773262153,263,5.666006804333785,11,183,4,1,0.534776928319654,0.45556448307968644,1
9915093925,47,9.728264536400234,19,140,5,1,1.4543579523403678,0.5430671131773748,1
9718225817,230,3.5276870407680674,6,145,0,0,1.2272135712521368,0.10726671739437295,0
9545118378,196,2.024526525011898,70,36,0,1,0.6937994117873204,0.5307282777810024,1
9509566646,52,5.353417078134308,1,38,2,0,0.7264360642209958,0.10804798943557446,0
9430624294,123,4.184300342886324,42,150,4,0,0.26070970683442307,0.2093735607054949,0
9839209434,269,2.015983711473779,20,59,4,0,1.2823582312103103,0.3929245165408852,1
9424629148,14,8.941238135681996,28,47,2,0,0.10558460000707635,0.03660862770599859,0
9853862126,77,9.911877150260889,31,156,2,1,0.3022728517758695,0.29761354974330706,0
9965106149,237,5.901530716554979,44,153,5,1,0.8476899130520994,0.6166044209675922,1
9393492755,132,7.859429299547813,75,150,1,1,0.3637996637735481,0.402292808058252,1
9303112410,182,8.660864510689846,76,146,4,1,0.9858921918565935,0.6169100222278465,1
9874703656,162,7.159329057207356,58,185,4,1,0.10509663096529974,0.4638996470293477,1
9495424693,276,0.9194824665614465,2,23,1,0,0.23777691631201436,0.12809944035870435,0
9940943763,166,1.9975252013097688,38,61,2,1,1.1705568702983222,0.5837631886867483,1
9525393259,171,1.1743973159381715,50,196,1,1,0.9071300761103316,0.47886284134198176,1
9993448594,223,0.5938562630995373,7,84,1,1,0.12724142132234295,0.36535936206815345,1
9631067475,35,3.406965883193747,45,6,3,0,0.3881398896012379,0.24527652948715695,0
9495546082,198,4.227381624574818,65,189,4,0,0.43454866690048843,0.2819672605331608,0
9737823342,131,2.7897824571912944,5,166,2,1,1.2886848007124212,0.4523481199325284,1
9329261121,239,1.113744156820049,57,53,3,0,0.915552509354207,0.39398470457399754,1
9174741149,68,5.533699362948437,40,94,5,0,0.8579946598850687,0.31768830016416033,0
9708304436,105,3.0965335395928455,78,186,3,0,0.22138005410078243,0.23190720401697967,0
9164899873,271,8.062352971203842,53,26,3,0,1.019722621924534,0.3361351456431646,0
9975281301,145,0.5764999054401714,75,176,2,1,0.3182446726526537,0.5186880285197031,1
9629396869,292,8.504006987232298,40,95,1,1,0.8304379015610344,0.4419711310072033,1
9103835598,129,9.570159949986591,47,167,2,0,0.9296895784179717,0.14137083001031753,0
9373417498,34,7.303283099958911,69,33,4,0,1.278626577087573,0.3896124587176686,1
9856027145,155,7.469618619994382,26,10,5,0,1.2290258890537156,0.37268101657984654,1
9961941832,21,9.368841960225964,46,169,5,0,0.36614785772411695,0.1761116394041824,0
9987468512,96,2.4861772103533166,76,127,5,0,1.382668436437726,0.48918608584828727,1
9838975071,118,9.948372897981479,22,89,4,0,0.10385634611766832,0.10554895342500917,0
9572478255,275,7.848071432096148,73,190,1,1,0.5621758694814984,0.4398675804859594,1
9458874437,231,7.40242172911404,13,196,2,0,0.19291305327640945,0.015170505643800652,0
9370185192,83,3.930360500455281,60,163,1,1,1.1093509153694958,0.4855911171722095,1
9210622138,111,5.6848861113533005,66,127,1,1,0.8003148766383295,0.46641915186036,1
9190607715,146,6.712218988596796,75,108,2,1,0.3449203355389571,0.48252714573484673,1
9519482107,200,6.393257182513551,24,182,4,0,0.21918315196418653,0.1419162253788731,0
9108669441,151,7.197354065537017,64,192,2,0,0.4165179062185467,0.13988056662644804,0
9598626972,82,1.2826265212449008,23,18,5,1,1.38905202579489,0.7159113915071147,2
9847675075,176,3.8786601119011195,52,74,4,1,1.0487166339226937,0.6622354080612433,2
9944964928,177,4.623000157657033,72,143,0,0,0.4391369557250979,0.1349204327951274,0
9602794834,63,2.9759783298121816,49,159,0,0,1.3512424659116715,0.17398735595165438,0
9554861977,268,2.1399590675576254,0,106,0,0,0.2910925408188701,0.027718262754239567,0
9955062488,120,1.8198110591721965,38,73,5,0,1.063818702858862,0.4068205116329971,1
9764983817,241,3.9806422264375585,73,83,3,0,0.6947836397851143,0.35462299672362974,1
9582145076,170,5.1876961553443754,43,42,4,1,0.4756425998705247,0.5719080914536638,1
9936385870,28,1.0982761813932767,4,66,4,0,0.467230408227877,0.2023550014772926,0
9911994034,299,9.49135189861022,67,185,2,1,0.801124684841204,0.4882220727309551,1
9671204143,59,7.769811567177205,71,84,4,1,1.404090744696489,0.6647364838907857,2
9128699540,184,7.443091845261932,79,150,2,1,1.1392539067431924,0.5672100333327066,1
9970300538,193,2.142174987392906,64,121,3,1,1.0269662676812725,0.6444965189397046,1
9195782135,194,6.2361072961157955,78,130,2,0,1.3257292283578583,0.33448755318288687,0
9476178453,90,5.532386994682341,14,184,0,1,0.8984702513423669,0.2849277862248959,0
9637750371,165,9.833454034973592,49,28,2,1,0.3687101001075812,0.4344937635932268,1
9963887969,284,7.6028818157615,5,103,2,0,1.4680335207157542,0.20841277403008585,0
9630663837,292,5.969737895304196,65,139,2,0,0.8486416093145279,0.27281680504075967,0
9873574680,258,8.582720331466161,68,18,4,1,0.5414101479968846,0.6307765737820322,1
9316848364,156,1.97339557317674,38,182,1,0,1.189438885200477,0.19915191934593635,0
9779256347,16,0.6445570320642834,28,98,1,0,0.7495938969024551,0.1444832499101899,0
9647550656,166,7.05721666743797,45,28,5,0,0.11744637731326424,0.2809236319350027,0
9166120560,180,1.433958872253756,30,17,1,0,0.5479248552569885,0.19954347616379356,0
9682455596,78,1.5966195798433374,23,151,5,0,0.740071491609233,0.28669914403498786,0
9456164675,103,7.57446690103304,14,33,4,1,0.6216686021422436,0.48217329611133947,1
9900011270,195,3.0700810192728962,75,26,0,0,0.872443170531784,0.2756022082325393,0
9113321008,179,6.4719965479044825,19,6,1,0,0.35670355326541925,0.09662380115032983,0
9280345992,213,9.21536579788111,3,107,1,0,0.9014102521450822,0.051634840682836525,0
9960085411,51,3.506508050559654,57,40,3,0,1.4811326074285263,0.3895078162847072,1
9914547026,22,2.5628694994792287,76,42,5,1,1.1553368350741358,0.7637526528818122,2
9991553664,163,1.5123473955399913,60,22,5,0,1.058368995318279,0.49632277735838026,1
9740101795,283,1.739392433487398,9,55,3,1,0.380854079937921,0.5050464470573685,1
9485694956,60,1.091115606099006,40,147,0,0,0.9144835175856131,0.1291446348370855,0
9603580717,221,1.3326025988825312,52,132,2,1,1.2475452179520437,0.6116475283009881,1
9909775721,153,4.604043593686963,70,184,2,0,0.4368938183664519,0.19147873507973062,0
9840712223,12,3.5482179277277126,75,21,3,0,0.221498823682654,0.2774512437091859,0
9808646053,263,7.212327736068481,47,116,3,1,1.0264705850660398,0.5665118707084364,1
9537627536,265,8.767295753346517,14,81,0,0,1.0430234115117265,0.08162192700791565,0
9135733873,107,7.955345429852651,6,26,0,1,1.226144721742278,0.3607065547841749,1
9888482101,182,5.541053938323696,71,127,4,0,0.9813906561598327,0.37205756481262886,1
9430904241,159,1.4732001042102074,70,186,2,1,1.2872968183309552,0.6116972169491923,1
9497823394,288,7.2427891974447585,42,184,4,1,0.47253569912054905,0.5050908135251287,1
9701540339,68,3.9468728849052988,3,132,1,0,0.14939618473922603,0.0,0
9462071380,122,1.3136787421963967,50,94,5,1,1.1259068393151375,0.717378009144793,2
9806731134,252,8.503430868519944,70,178,5,0,0.6403153671494176,0.3304966736356908,0
9345626264,66,3.7130569132338027,58,136,0,1,0.3934817358182572,0.36276112533938526,1
9890364059,69,2.573363908859928,40,11,2,0,0.1722933743577678,0.18069483801661296,0
9578114158,225,8.77879461387901,60,142,2,1,1.1575265979733502,0.5255576563902541,1
9137416206,242,9.070271750246548,29,19,4,1,1.2568524648994561,0.6182623681183095,1
9388846467,64,3.7202229533198183,17,158,3,0,0.6446320121605839,0.1410298326860989,0
9892006236,217,3.8706134831730474,29,44,3,1,1.339130281048192,0.6273649385943731,1
9154659450,72,6.006471012039869,6,193,0,0,0.6817792377030494,0.0,0
9909107354,193,7.467694191201252,51,106,5,0,1.4321672402035428,0.4154644051966767,1
9138887321,290,1.099917418115203,47,148,3,0,1.476492379863759,0.405063409899602,1
9484201975,35,6.136764743290481,22,102,1,0,1.24467696190401,0.12755339184232872,0
9586584080,186,9.551790586944024,36,124,2,0,0.4587259751553092,0.09702562997530878,0
9301330730,72,2.98989202320956,70,22,3,0,0.6128544451863915,0.33536382914385227,0
9691366520,82,9.13385853392087,52,6,0,0,0.8457170812924896,0.12774641401471495,0
9833045800,176,9.526599237249389,44,186,1,0,0.5601527012876577,0.04983246664085962,0
9962719921,234,3.0569595892253525,48,124,5,0,1.2465017155530942,0.4412966907956671,1
9976279276,74,7.66491772591083,48,150,5,0,1.3985674245811215,0.348582411572138,0
9492523431,78,2.76836257903582,46,58,4,0,1.4801027966953249,0.4156919846550091,1
9761399590,18,7.507306036455261,24,170,4,1,0.5708169376764624,0.40821036008371236,1
9955859568,245,8.075489727243847,26,101,1,0,0.47834169866188014,0.07782846044583279,0
9393645044,207,2.8484541852511693,11,77,0,0,0.32549503392440804,0.04632795384791494,0
9647479702,182,7.300760664040732,22,147,4,0,0.16644754335594547,0.132897910567558,0
9314828142,291,8.214993119208852,16,196,2,1,0.3478206942563241,0.32675856588025276,0
9793728691,37,3.9064992850156615,43,96,5,0,0.49831160013353293,0.2915360672625027,0
9159036718,143,2.093176371902406,70,12,5,0,0.647487424062798,0.46221370775804027,1
9226718975,36,1.3736633895163788,23,178,2,0,0.25359520340606895,0.07429746373453174,0
9555142112,47,5.966126184294448,70,104,5,1,1.2483286732758838,0.6962392599149059,2
9167917165,205,9.791932133499275,59,43,5,0,0.966653431432096,0.3844118928365269,1
9189362500,212,8.318028040211054,52,184,5,1,0.8876882751690732,0.5882395898710895,1
9431335978,94,4.640476569878252,73,140,0,0,0.8633858492416324,0.16723724973712356,0
9792212513,39,5.597898577122106,15,110,0,0,0.5059423350023989,0.0,0
9368548391,108,3.15551491141228,24,182,2,1,1.4125600742570887,0.4914410299739033,1
9550373834,199,2.049125739920604,65,54,0,1,0.4244279984658226,0.4786585176035182,1
9997392700,21,5.079771003206596,49,87,1,1,1.0361485510045314,0.45973057408206475,1
9850638001,100,4.903264878588259,68,31,0,0,0.45435027371517733,0.15984952096942884,0
9558409273,39,5.458334551635722,77,81,5,1,1.4854675491882596,0.7559060912829626,2
9517023136,222,9.551643562857437,39,42,2,1,1.3763287711019807,0.5444897297779485,1
9842478154,47,6.237005351375336,5,25,3,0,0.4703791834041394,0.12488477112532605,0
9507176719,69,6.254832447912551,63,49,0,0,1.4824585979061307,0.23848704237378507,0
9448533073,152,1.7162352471802294,27,190,4,0,0.9763431635028587,0.2788496899875136,0
9624846685,189,9.966644228679794,8,155,1,1,1.1199755739415518,0.32969733812882873,0
9965396015,294,7.842026970229351,5,186,1,0,0.4960823391713164,0.0060755570578057555,0
9456632054,121,8.833431768893046,16,34,1,0,0.40235645503988815,0.037548260044736714,0
9480069513,239,4.435853912394444,39,99,4,1,1.3012966724067698,0.6609086870734124,2
9679667281,30,5.270216909963437,75,148,4,0,0.4852682245742532,0.27373958402934917,0
9336611109,154,5.4597961870416265,44,56,1,0,1.3845411414991806,0.2566940494020688,0
9672451454,155,2.3438981232512495,42,110,1,1,0.6133038388634843,0.4503030165179364,1
9413463058,175,7.050146985106093,45,45,1,1,0.11280631936580804,0.3783516611692905,1
9884735674,149,9.078278874365838,62,85,0,1,0.9290282178094674,0.4192773729780793,1
9243042878,212,2.0552052723149803,0,28,5,1,0.5950769755966105,0.5892801071371468,1
9290069324,253,1.3200235981185626,58,152,4,1,1.466363028840845,0.7380899469501454,2
9257923831,122,7.513079602633251,62,107,2,0,0.6414035448003642,0.19334480347777805,0
9960204717,210,3.0954174008933295,78,159,5,1,0.5402557807931332,0.679685684884456,2
9733284994,268,6.426694145364629,17,6,0,1,0.8929525286667381,0.4167506403622997,1
9601581769,264,7.109704210925717,64,64,2,0,1.1218427582133383,0.31970468045449196,0
9158458981,32,3.558152254027307,19,55,0,1,1.4531232271203083,0.43546029353944254,1
9114418934,255,8.24387367554495,55,133,0,1,0.19746073873224385,0.3300188045413299,0
9192122861,96,5.724895330085061,53,95,2,0,0.6873120674335439,0.19912870413100459,0
9278222855,228,8.755494375542126,47,105,1,0,1.0291486325347916,0.1764819033976695,0
9394027954,36,7.751288749310001,53,118,5,0,0.1069564555764029,0.2096693096774483,0
9189088493,299,8.751468504355811,15,10,2,0,0.7846459999584132,0.18562323127607322,0
9620176105,298,0.6915331301199938,19,170,3,0,1.2291443796523067,0.3084155946635036,0
9862338000,232,2.8133094770166496,46,58,4,0,0.1712203092605598,0.2991533900537341,0
9833437000,187,1.3550754342364169,6,192,3,1,0.5767656309967287,0.43231763717543714,1
9985697020,157,4.6997886632988175,22,31,5,0,0.6612856478399749,0.31882348044787784,0
9462705285,236,8.954621155345523,74,84,0,0,1.1027986931820875,0.21231372265103757,0
9313540458,195,4.941632491535257,32,194,2,0,0.5140065578809919,0.11738119704729591,0
9264634456,50,8.572273923513745,39,67,1,0,0.44477486707440095,0.062089030300096534,0
9459088422,200,3.60819326118352,4,103,5,1,0.2617054348661252,0.4989396663830662,1
9180975216,88,3.725915691649898,44,95,1,0,1.4942313410902657,0.25356343929769987,0
9594751675,214,9.007836438105336,40,39,3,1,0.7603326644769948,0.522712549146642,1
9608734235,287,4.545262891861165,7,62,3,1,0.16749646219614828,0.4388397540945371,1
9809774176,281,8.00277213404933,49,193,0,0,0.207146124278942,0.01750760263821445,0
9724256693,41,2.7481137048780626,30,40,4,1,0.27913578291184626,0.5149522628242182,1
9571689764,151,9.513607881937537,3,106,0,0,0.39644220834235644,0.0,0
9814953352,260,5.958493342040425,65,96,5,1,1.1365953528809307,0.7324728555745599,2
9250357841,107,7.713573901494818,55,60,1,1,0.8821634930624359,0.4595800656828879,1
9260576055,145,1.3503991480514121,4,71,5,1,1.1873231856533772,0.6384406591684549,1
9260517306,286,5.180310145390023,53,61,2,1,0.12774551410198642,0.48618240661422485,1
9977656916,52,9.05986572847322,79,173,3,0,0.4711623688217007,0.18493776218359204,0
9792947713,129,8.831866975911392,0,35,1,1,0.6677358766367211,0.3150459014854698,0
9659407548,229,0.9447325937251616,75,135,0,0,0.7006192257534446,0.2350541826323781,0
9631385913,55,3.385135456724994,72,170,4,1,0.17498416414768872,0.5280431408836895,1
9692509050,245,4.711540061551261,60,185,2,0,0.8161284511218367,0.23723026672933867,0
9982447547,57,2.1365157363799883,6,56,4,1,0.5012729579928972,0.49121456612258774,1
9459244517,207,7.434983954404719,29,156,0,0,0.3680623220123509,0.0,0
9862791929,93,2.25286395818776,14,158,0,1,1.0396261552303214,0.3550207711293854,1
9926976675,40,3.793077096513919,3,109,1,0,0.21738934297297963,0.0,0
9250433393,170,6.8011660501492734,62,115,2,0,1.3138106517270765,0.2913766189387912,0
9741334523,80,5.079848772982559,69,96,5,1,1.3597554814978299,0.7307958058372822,2
9720140138,17,7.516424867031491,37,41,0,1,0.5557510606089241,0.3237763622020263,0
9900069156,61,9.631475061617166,46,121,1,1,1.4816594907647667,0.44548810481903267,1
9245974606,54,1.6071935332943763,59,180,0,1,0.6617733066567545,0.397276474399278,1
9374905179,47,7.2408933057815785,1,71,1,1,1.4472414306442714,0.39006158534126695,1
9827522833,240,2.688269478505088,68,173,4,0,1.4816298145847453,0.4520363440081083,1
9421019745,271,4.437528910371908,7,53,1,0,1.257674305362393,0.20318723638569094,0
9100344126,77,0.8121958950538284,50,32,5,1,0.27476302369775474,0.640258545436418,1
9282034069,188,1.79112013178064,18,36,4,1,0.9181869894111407,0.6173223304813026,1
9250743551,195,3.537884245964547,30,103,3,1,1.1246881753586058,0.5725079700914583,1
9932877706,210,3.748865150235857,79,75,0,1,0.20845032399859512,0.4562776570770011,1
9524537785,22,9.04605955638991,21,36,3,1,1.35109862700346,0.500695787230403,1
9194117048,223,7.547222638031894,32,170,2,0,1.2925264710015276,0.19900317153046726,0
9963712460,229,9.73573819777689,71,152,3,0,1.407398985892661,0.32887568660046324,0
9319241219,295,6.191179348184785,36,140,1,0,0.8200145271432194,0.15777425774563553,0
9487546325,253,2.796280454867521,11,72,1,1,0.5540264779684737,0.4131444785644733,1
9111301119,267,3.6127227842556073,68,158,2,1,0.8088827679715554,0.5669132587455195,1
9777027974,67,3.5384412712736872,63,74,2,1,1.1210973277832628,0.582687050745374,1
9341274428,45,3.60169611280089,24,52,0,0,0.6826872537736374,0.07870211709922581,0
9221595991,202,6.893159644562249,53,100,1,1,0.5924678810549922,0.43549489665851876,1
9860684355,59,5.542675316858954,28,112,2,1,0.20787800946977653,0.34916659066739913,0
9552660430,41,4.161529691823121,12,50,5,1,0.7261310897157499,0.5501307077973459,1
9233307520,107,1.9163528029228076,25,190,3,0,0.6500456913270489,0.1767925826575055,0
9162022454,52,0.7103220479503861,21,71,1,0,1.0286089963059728,0.18452588164797876,0
9785781965,56,2.5789294370830795,75,33,5,0,0.7142429812056857,0.44194533783301865,1
9149359781,279,1.5209783377024721,72,87,2,0,0.10565425273732132,0.2753267702760489,0
9766466033,72,7.961727793096274,9,142,0,0,0.7780953374728334,0.0,0
9781943160,28,1.5687305992319112,47,75,5,0,1.1832006807364137,0.4188759811642534,1
9143965824,110,7.380168254414944,41,197,4,1,1.423426527365557,0.5613324975642209,1
9847439717,46,4.163757552872785,58,69,1,1,0.3701381116908272,0.42671814943509256,1
9785014053,116,1.1970947025658718,52,149,1,1,0.6915502602139939,0.46605422812822217,1
9580523604,101,8.220935469600064,39,26,1,0,1.2864450963114007,0.2014055192555006,0
9789181679,194,6.006490417247827,74,104,1,0,0.1599847804753112,0.1573536219833968,0
9170542236,225,2.739734372203944,61,18,4,0,0.5898534572844059,0.40215560240768145,1
9402760580,37,8.999471156160345,5,10,4,0,0.9275131673887125,0.19542459287938807,0
9256862448,45,0.9299539817702389,3,162,5,1,0.5795224766948609,0.4961332494221404,1
9897346505,27,2.4172862778787474,54,51,5,1,0.7851408049946731,0.6684094612648158,2
9926915675,205,7.64444581415568,68,152,0,0,1.4147507819308482,0.20970341072850035,0
9805316884,87,7.239090337943947,2,148,1,0,0.133497100633583,0.0,0
9665606854,176,3.2480810903825414,6,38,2,0,0.2090805146552613,0.1155460220073742,0
9375417708,99,1.0892363158514395,11,5,3,1,0.37574820547136867,0.492668948866347,1
9428513838,273,8.651741686136965,16,180,1,0,0.6388587339652467,0.035642147842186014,0
9895145811,217,3.4801275616640748,66,12,5,1,0.7591058245154639,0.7496978348685535,2
9942677842,221,2.3592774418185196,74,26,4,1,0.1513400756566084,0.6582828131103041,2
9574301218,280,5.402587312429282,69,72,0,0,1.3355919358797945,0.2893566512230907,0
9339850435,272,9.14715839318325,35,38,1,0,1.16202580780024,0.20596052955116312,0
9268308804,282,0.9136924895120657,16,192,0,0,0.4752144297735351,0.06126142169867943,0
9134206848,223,7.775138836293434,0,177,2,1,0.4594755279206738,0.30080206398162634,0
9356868547,73,5.938495665417735,66,41,2,1,0.1358196313908502,0.4605030744485557,1
9849734027,21,4.541766607242261,79,125,2,1,0.6587848877467316,0.5134029872427007,1
9930245146,219,7.56876421899807,77,27,2,1,0.45627244394769406,0.5500775226457465,1
9164448823,183,9.675332032195508,48,88,3,1,0.9657879633785016,0.524590571219074,1
9329266153,265,2.6774590060455647,50,121,0,1,0.8670362868688336,0.4745815130183799,1
9252702486,110,1.8646499681851363,70,28,1,0,1.4399864791717962,0.36725591121572726,1
9120969112,25,9.172376579615621,42,145,3,0,1.2133415697462644,0.19619913608083095,0
9559071764,206,6.855054235844385,30,73,1,0,0.21321058537782708,0.07325795274854,0
9545771070,267,4.660867204838677,23,84,4,1,1.0860017930709864,0.6113398087104543,1
9429148281,253,5.945965917510689,36,64,5,0,0.24996116495048573,0.2951104154505967,0
9437393715,258,7.583332099174318,64,42,3,0,0.5523228779847329,0.2990787601680761,0
9626716759,114,7.843803037704314,62,180,5,0,0.8770249361145341,0.31101735588129226,0
9268761496,191,9.238994717780164,55,158,3,1,0.7940046292400016,0.4920959522287717,1
9435509228,164,4.555006494508415,73,81,5,0,1.070668653734268,0.4613034938473445,1
9348231222,296,3.2874036451842525,17,89,5,0,1.234039690442406,0.401319252444211,1
9803466015,178,6.576810534503498,64,133,4,1,1.2611396180579368,0.6533816944195772,2
9354796342,56,4.449415043155538,28,8,5,0,0.1816672662642543,0.26234042476717745,0
9971083871,52,6.1486853125152905,76,199,3,0,0.9983179166037485,0.263380592908933,0
9256155268,230,4.489865085331527,3,118,5,1,1.445929125007937,0.6287164473103075,1
9429606691,10,1.9534599734426576,11,84,0,0,1.157029335588324,0.10081866725595368,0
9667865965,209,4.959554140760105,55,113,5,1,0.8278642292706284,0.6628123911566876,2
9548501737,153,7.063719308439811,47,145,2,1,1.4979555327385392,0.5370400322273471,1
9630515120,37,8.093196172842674,18,171,5,0,0.16157487634687173,0.10713729775417925,0
9124198505,287,5.186599629567195,25,35,1,1,0.22341402881905398,0.4038538212368135,1
9192336441,50,2.0697599569988085,37,156,4,0,1.1753989152211097,0.3107940836758808,0
9920857638,156,4.4395332416696,79,132,2,0,0.8696469562990665,0.2924332358558528,0
9642537824,187,7.969792323996133,24,83,3,0,0.2741942218263902,0.13163246539787984,0
9394673264,176,4.422163070862192,55,9,0,0,0.6254375770210875,0.18816988572551754,0
9540526036,132,7.117042539240112,73,131,5,0,0.1900040841473625,0.29134597962680214,0
9759528508,83,5.3185299759418525,27,181,5,1,0.8369883921115648,0.528999580675419,1
9713023880,248,2.7916196885392686,60,90,3,1,0.24569716143453393,0.5641175564430062,1
9433464581,258,8.063429826219206,50,90,4,0,0.10965803368837879,0.228697806127975,0
9329227506,272,1.3000278136715269,11,143,3,1,0.5513937777392403,0.48835025289798384,1
9438749548,261,5.486457686173931,7,28,0,0,0.4274147102620839,0.056802272997362874,0
9113453858,120,2.484464825312347,57,49,5,0,0.6069368873996523,0.3987688485842101,1
9524729638,189,1.1371234711430687,22,115,3,0,0.5906392847250191,0.2316312325132855,0
9932635541,197,5.277872402290864,36,38,3,0,0.9820180399632494,0.3010410293014329,0
9192768680,216,5.245840481381774,10,143,5,1,1.0520207141540916,0.5718923999219095,1
9567364469,243,7.215558565919348,16,189,3,0,0.27830261985545934,0.08510961159162292,0
9291064324,33,7.575131583993096,55,161,5,0,0.7841261936373828,0.27524356422856877,0
9859954857,35,7.41401914258252,52,154,3,0,1.3448119063071955,0.2537425323792066,0
9677142870,227,4.390807962709173,66,165,0,0,0.3077747538184004,0.11077660823903131,0
9477563600,19,6.5010529786523445,1,126,1,1,1.4536243294970022,0.3647389504624789,1
9507083083,26,5.980979805117623,28,181,2,0,0.12708323853472603,0.010911564296089013,0
9567139030,254,4.504836683110736,56,113,4,1,0.23960289094654585,0.5679276400495901,1
9806591133,215,6.173520594766935,33,27,1,1,0.3486085582995756,0.40983411319207913,1
9912653368,267,9.498854828709494,77,33,0,1,0.7577105219603756,0.4848890046907312,1
9156912766,121,2.3324905649730847,1,10,4,1,0.5188135580952296,0.5197844068584172,1
9574794709,214,9.1048349099625,74,56,4,0,0.6854380624343002,0.34456121523923267,0
9297323208,36,1.0078273828403845,30,93,5,1,1.4171364537819575,0.6885624458597503,2
9788764188,80,3.4296975225657764,76,93,5,1,0.5779337307490369,0.6740290107524285,2
9998460910,185,3.237379861809518,43,126,3,1,1.2873624150599499,0.6107182647988132,1
9845801380,211,6.4504685248686044,55,146,2,1,0.2019301675816566,0.4218426644780423,1
9791891798,257,1.746637041884258,53,21,5,1,1.2367234667982927,0.8047305048465174,2
9869886860,127,8.88230231247766,52,32,2,0,1.3621827829754407,0.2797409728739876,0
9933007149,18,8.371238380417893,73,13,0,0,0.49899895794316307,0.12197501438816483,0
9678977139,95,6.694625287010139,75,119,5,1,0.8659385014257521,0.6581604500603019,2
9604878998,32,4.854931402025879,45,128,1,1,0.36202539526813926,0.3549672039411995,1
9871413036,249,9.363082400349745,53,198,3,0,0.22719886170005385,0.1335568745998095,0
9809891472,82,8.392092269845282,30,8,2,1,1.1785619708483996,0.49408899593033134,1
9108556135,36,5.2434939067718265,23,152,3,0,0.9817618787289543,0.17223949856621257,0
9585212756,90,7.167796867315957,24,173,1,1,1.1531406056403313,0.3678633102690483,1
9236962532,93,5.885834545707003,34,40,4,1,0.7155603083001918,0.552537222447539,1
9269359979,208,6.085451264688513,56,138,1,0,0.4494486711454614,0.1373750920278599,0
9164138257,52,3.644272659655977,71,69,4,1,0.6975899443372846,0.6350961880712692,1
9300947293,272,4.889803743936519,68,182,1,1,0.19070633709963564,0.42274044885805134,1
9793047957,101,1.24215359250257,27,196,3,0,0.4969377685863092,0.16641002245365957,0
9277681141,93,3.8948125708136287,75,7,1,1,0.5165318610232258,0.5292960724730237,1
9458863136,144,7.110370895940443,32,41,5,0,1.100334511125081,0.35661569058372433,1
9509009565,290,9.55555228980877,52,113,2,1,0.17438914913393494,0.4120934037517004,1
9182158288,68,9.649109071248693,15,7,2,0,0.44338053639118125,0.07379968884529077,0
9805237629,250,5.779367256686471,25,165,0,1,0.4872545114741298,0.3095348009633246,0
9811882986,107,6.26291139219103,11,191,5,0,0.8719048004898281,0.20725697268582036,0
9704969897,71,2.2643512622591913,76,147,2,0,0.44257225962538405,0.23036978934126917,0
9665486066,273,7.105427026888542,30,60,2,0,0.28540070738679857,0.1472829605637534,0
9621818745,122,1.1712585304066692,26,65,4,1,0.46117306947413683,0.5558189993053497,1
9547841929,155,3.204514015094723,35,72,5,1,0.6906361657593396,0.6285055050433175,1
9678271214,225,6.849451799211701,58,83,3,0,0.8356674196203012,0.2990866687638958,0
9552455419,265,3.4479462496631483,2,75,3,1,0.15119687313260258,0.4264349364466212,1
9452804978,267,0.9735453040873161,31,115,4,0,0.5337351921591342,0.3118156794100483,0
9608588705,203,8.402768888834157,14,194,2,1,1.1698355359096855,0.39618037097648573,1
9182568904,23,3.448135067778349,74,199,1,0,0.9366640928576311,0.18815540366290887,0
9562794267,112,1.099499636157445,65,27,4,1,0.7384551301971398,0.6940372866564343,2
9362003722,254,1.2104875627772191,62,18,3,1,0.734160222067027,0.68380670922805,2
9816963494,254,2.8917085884931595,0,138,0,1,0.6164591355272963,0.318007926534691,0
9347957750,277,2.1911514986044995,74,37,3,1,0.5788615642913366,0.6770362363983731,2
9705731573,233,7.855851118911433,4,13,1,1,0.6608903910018818,0.37366996682662196,1
9175594878,229,3.555998443336827,5,144,3,1,1.3168900250224425,0.527671488349318,1
9467966325,226,8.144609957878409,4,121,4,1,0.7563638404372645,0.4577950080245976,1
9408860567,13,2.1515369793199515,72,99,0,1,1.0369799575422052,0.49458581781989186,1
9599506759,45,5.182352205668796,27,183,3,0,1.2309881295201592,0.19878034907439357,0
9344291068,187,7.036352768754724,68,7,4,0,0.7047532513262794,0.37550082360076353,1
9807534984,266,6.693913111725621,43,188,4,0,1.274831116037168,0.32233610991708606,0
9811998638,26,6.210729394337553,15,50,4,1,1.489756258265636,0.5759253315931591,1
9116600352,208,9.285805218346113,70,40,0,1,0.8058256998627258,0.4582360880300404,1
9868560061,57,2.6709889032140715,77,145,4,0,0.6638451103435122,0.33955954640265257,0
9621702880,71,5.190332442390001,21,17,0,0,1.228114698176511,0.1427731078058346,0
9275685650,78,8.897929225687882,72,190,5,0,1.0088378812002337,0.3220853950357735,0
9868706754,156,1.2399907731539919,22,89,1,0,0.9584735059047562,0.19073693143072287,0
9943659593,171,1.0309385484042148,42,166,1,0,1.3405749380864476,0.24959772998952312,0
9795203751,236,2.7163717318037683,67,47,1,0,1.0092359111745222,0.32269518189263074,0
9968210862,239,6.513701585611176,42,132,5,0,0.9982083854776058,0.3538539205633119,1
9115438825,187,2.968856451273165,25,160,4,0,0.3896638128223301,0.21325004679006831,0
9837419712,65,2.30727889618359,40,188,0,0,1.063519252285547,0.1132682968533959,0
9974743708,87,4.858621995903775,69,51,5,0,1.3781970102870418,0.4800301772835997,1
9100484273,279,6.329181653309409,30,167,1,1,0.90687889834306,0.41527528796145435,1
9433084001,215,2.861298216659034,16,23,2,1,1.3647220144485575,0.5792643964672519,1
9795604722,290,3.3565662738755497,8,87,1,1,0.5753989483032115,0.4046024118432122,1
9300511628,237,6.328813395709382,54,101,4,0,0.15961371557421572,0.25340788512039336,0
9617659381,248,9.4845150088998,5,183,5,0,0.7231798220101303,0.17885073186775136,0
9423880832,297,6.910046410661838,69,103,2,1,0.10553970230247145,0.48069420734835455,1
9664439969,91,7.93758936405332,63,152,5,1,0.3167438607737112,0.5327748575908722,1
9195096924,259,3.9846959001769533,3,33,3,0,0.3668287973058014,0.1875197715412394,0
9239603887,202,3.0864164141524277,66,132,2,1,0.8473694429389684,0.5690140028495136,1
9938009070,115,4.815543560424914,55,76,3,1,1.429901576747843,0.6422183331513088,1
9595616204,198,8.1677618727609,17,69,2,1,0.1277455381553231,0.341866322105508,0
9944507695,285,4.83484659701028,31,42,0,1,0.4313653841889462,0.3984956869385502,1
9553711280,83,8.543891383503679,47,181,2,1,1.4572355407448023,0.4777249016206655,1
9603386943,19,9.893333816603707,28,128,1,1,1.3343138439547875,0.3694643221419967,1
9886525500,132,1.1842533244381952,31,98,3,1,1.2687899430230933,0.6059937532695129,1
9474549404,225,0.931396482795185,24,160,3,1,0.22852022236786557,0.46224566889060165,1
9912159270,299,1.9211021776769373,75,37,5,1,1.001737594041554,0.8271386184861965,2
9713501567,49,4.151511919476289,62,17,1,0,0.38438941995014697,0.18437525402696883,0
9924950041,202,1.7449009868816079,8,176,0,1,1.0114343022966135,0.36429997109968104,1
9152762640,136,8.771312537378181,70,105,2,0,0.6985435661715822,0.20783614415871832,0
9985846086,298,0.7198893847571062,13,184,0,0,0.989937406895417,0.1268704828770314,0
9590853644,80,3.5000308051903137,19,131,1,0,0.7004052079690924,0.08463158862734066,0
9709281348,146,2.2545989801949506,9,81,2,1,1.3707858633939285,0.5241224491782654,1
9163569689,153,9.349623636496556,10,125,1,1,0.1354317100415747,0.22885632156703034,0
9725668400,278,6.860069546455265,38,173,3,1,0.368192480315082,0.4469955964136799,1
9868359874,148,9.164287436288058,18,53,3,1,1.266195809523242,0.507438714573999,1
9977532166,61,9.737122747948737,18,114,3,1,1.131448515446152,0.4306950155448201,1
9198727225,26,5.2224333149350075,42,139,4,1,0.3608094572901458,0.46856126842893076,1
9133522480,174,2.726031526456249,60,40,4,1,0.27001106221708726,0.6170889491485756,1
9965186918,22,2.3404234688675984,69,97,3,1,0.5357656069085579,0.5608234578692824,1
9827016244,199,2.617729186015485,71,158,4,1,0.7746159159124524,0.6513578263439752,2
9213770688,273,7.231636422409028,64,159,4,0,0.16571417167091682,0.24640606353160166,0
9177842160,230,0.884234417168507,22,28,5,1,1.283824482763976,0.7402814582589885,2
9578187069,113,0.9879301938107912,59,85,1,1,0.8293336885705022,0.5320482136360642,1
9283644688,207,6.2773579526399255,9,165,5,1,1.3872765227418626,0.5840948872973444,1
9560888234,178,6.599542894005362,62,102,2,0,0.5559875030335261,0.21149065230262543,0
9396549912,158,6.81999778106337,1,150,3,1,0.16836210708315255,0.3197468128105512,0
9844087802,258,4.032864793591617,35,109,5,1,1.319904381062493,0.7030441482043999,2
9779116162,265,8.156476442784456,56,9,5,0,0.30946472827581345,0.35142471674635073,1
9360611278,51,5.569433583402867,65,133,4,1,0.5698988124489532,0.5509046544930402,1
9682482460,211,1.5019234850894847,78,75,1,0,0.7500763024052474,0.3102527411342225,0
9651587444,253,8.07244341713978,19,126,1,0,0.788724991046638,0.08899434458658584,0
9910166687,166,9.554143969569354,41,7,5,1,0.1328735794936567,0.5343117685710732,1
9114054779,295,1.0703449735224075,20,40,2,1,0.8374388570745666,0.5593151898333457,1
9665060751,291,4.2178377176555095,65,167,1,0,0.20784493661305206,0.15867733978170012,0
9142858520,247,5.131402425930102,37,183,0,1,0.557577312323112,0.3429491150342789,0
9947291464,28,1.891472220744011,77,125,0,0,1.4656607614690262,0.27139829139402166,0
9253143927,62,8.743235003937333,68,144,3,1,0.4925190977968389,0.46371680502170604,1
9111331383,94,3.1994216264554183,23,19,5,0,1.2380207650736692,0.397486098958042,1
9469872704,282,7.938581129412521,25,136,2,1,0.8144461434349715,0.4339205636592464,1
9406610680,222,6.8744475792690025,1,188,5,0,0.3833803570097074,0.15096227188993686,0
9633309013,113,6.181435313436722,45,20,0,0,1.1107109394403012,0.1804914223049288,0
9500832847,201,2.325357062617267,33,138,2,0,0.8771951750679131,0.22420913625674233,0
9973753000,186,2.5966834452336043,61,67,3,1,0.8462468147469323,0.6357394164268286,1
9647120491,156,0.9498098450924085,40,27,1,0,0.14186335076145687,0.1677258839502659,0
9459181234,90,2.7867680829315304,14,81,1,1,0.5673833759394675,0.37364478811755775,1
9252509045,202,3.781714289874884,54,176,1,1,1.128589090448019,0.5014167860419303,1
9278491112,46,8.414880386693042,2,5,0,0,1.2145212105082124,0.05903064728733566,0
9235623878,163,3.9807303337906506,75,189,2,0,1.2407295988241116,0.3068354545200722,0
9964551629,139,7.668906936273261,37,80,0,1,0.15235056595378305,0.2865718513458415,0
9145362588,68,4.6747016723071315,50,31,4,0,0.32779572367855425,0.27437240010707425,0
9887878226,233,7.95624896394194,16,29,2,0,1.4798073621463224,0.2537352292235887,0
9403219346,258,9.774580204151878,48,90,3,1,0.3176247932108203,0.464620012735476,1
9550859969,249,2.7784948015470112,20,66,0,0,0.39822142850212505,0.09284463380169086,0
9763867304,296,8.692245313656823,23,150,1,1,1.2236740819056937,0.4222172793981347,1
9669340332,213,6.407328819904859,39,97,1,0,0.6508127291539674,0.14125958165961777,0
9157413770,108,8.26429548509222,19,34,1,0,0.26284288503369524,0.0309196003829368,0
9425127860,185,6.69006607154415,78,162,0,1,0.2751321784951639,0.37656840189422325,1
9786074797,271,4.527520319104426,34,88,0,0,0.21728805586499772,0.07651098954121327,0
9691958557,280,2.6667119246970086,47,179,1,1,0.35293563251132865,0.42526839947166195,1
9734685496,152,1.1653346406460676,32,154,1,0,0.7957755497578216,0.16104238361651912,0
9329942503,198,5.587424462376811,55,129,1,0,0.12110339748284465,0.10353331414941966,0
9166607761,281,9.908097898005224,40,174,4,1,0.26398366781143967,0.4467141986946434,1
9751864498,29,7.511397147634959,53,38,0,1,1.3699725632814437,0.4622432751554871,1
9232637055,55,3.6097826432906577,43,195,1,1,1.3272139196221537,0.4538649453018372,1
9973908783,104,8.358445600823984,71,8,3,1,1.266312527690535,0.6471394894463097,1
9993165761,73,7.8053480016758625,10,35,1,1,1.088794272089656,0.38545780329731505,1
9387649503,140,3.1755400368578393,13,55,0,0,1.026130319651936,0.1241124912492716,0
9280326023,18,0.6359211530452296,41,54,3,1,0.48572213562719446,0.5327056024387207,1
9646966037,212,1.6225450660725211,78,18,5,1,0.5689923455316314,0.7718418740042589,2
9698739659,183,8.834408807964547,11,12,5,1,0.43012305143469265,0.5131518604765886,1
9880495598,82,8.447348835396282,16,105,5,1,1.47243908487744,0.5806911708272041,1
9279361976,93,3.304485508344443,77,73,0,1,0.9880266994307428,0.5204593778315559,1
9520597070,68,3.209356549701994,24,140,0,1,1.4520743170365369,0.41786997278129384,1
9385893339,30,8.032217377473476,25,143,0,1,0.48050102812718887,0.23402351484558098,0
9295786867,166,9.40850596400651,46,33,2,0,0.9696927563543989,0.2227277258611164,0
9737020984,70,7.901803939577199,24,187,3,1,1.162531055477161,0.4358487460489997,1
9418280364,73,6.2529974317922346,59,171,4,0,0.23263472202564633,0.19559686412823746,0
9961048913,177,2.8053778281521433,59,145,4,0,1.0337453351601817,0.37383490628139615,1
9638884929,212,5.4946051839049765,26,68,2,0,0.3367015946070876,0.14350226247932413,0
9157416012,138,2.718362656636014,42,53,0,0,0.5593154238523509,0.13929749898264995,0
9331131692,254,8.17610849091935,75,23,4,1,1.1026142053852457,0.7151837360885307,2
9888007246,115,4.176130255418505,19,131,3,1,0.7160906294393573,0.45573397913436753,1
9926978524,131,8.42012356144325,62,199,1,0,1.3896265946391364,0.18464704195271067,0
9353657722,191,4.125287570835891,79,87,3,1,0.4376830833177673,0.6002018524814348,1
9283985897,112,8.329419349398968,24,100,0,0,0.315293692726039,0.0,0
9405639132,270,3.6665192440697987,26,119,3,0,0.5720407587969379,0.22764666012679496,0
9943475266,122,4.681260693867864,51,107,5,0,1.292692513046038,0.4127313065724435,1
9400662786,79,6.3471399837552465,9,184,0,0,1.2863943774757414,0.02751831215869266,0
9531732405,169,1.1677323332842273,49,121,3,0,0.6170278119512661,0.28684721610140784,0
9626276415,249,9.507967087246913,29,82,2,1,1.2337792452396013,0.4926079043817893,1
9565612839,20,5.94925496817613,0,75,3,1,0.20890355385078602,0.3335107001773142,0
9395123002,147,5.324290139562621,53,24,5,1,0.11064223972420018,0.5958355870921527,1
9987487414,176,8.474242725639165,3,100,4,1,1.3107266512776403,0.5152796187789802,1
9613567293,256,8.724745934019861,6,114,1,1,1.3237003606820914,0.4029137587402794,1
9634639235,40,5.461473843025652,29,186,2,0,0.30075843667339086,0.04146999295116573,0
9613171003,21,9.308992095039555,64,99,3,1,0.5168000683688603,0.46240810306378866,1
9294644810,252,1.115008777726566,28,90,0,0,1.290834739921717,0.22672006345788723,0
9773148025,117,1.5756450263865667,24,137,2,1,0.21727372921823535,0.39186510718954953,1
9529260254,203,6.1694881851371814,39,99,4,0,1.3083299008576916,0.35134906321461024,1
9996641642,142,3.863625687039045,25,83,1,0,0.9045556013473951,0.1587998305838855,0
9870037855,290,4.910139078797389,16,194,5,0,1.0201880786736746,0.29983423382860563,0
9135921754,172,3.616752570023082,30,149,1,0,0.932746523831099,0.15139521868612155,0
9655023773,287,4.344890458726889,60,185,3,0,0.9155452622705108,0.30876007930107197,0
9449471617,212,8.315140297889844,7,41,5,0,0.3590855227702707,0.21509191249108772,0
9794428733,105,6.138023898615894,68,23,4,1,0.43048129263236024,0.6035014683324925,1
9496535039,232,9.974773218193233,0,142,4,1,0.9120751227456849,0.4366184027778301,1
9629316744,246,7.975352379299148,78,48,1,0,0.6619675798266126,0.2448318810276037,0
9122821211,126,3.0998294139673535,70,181,1,0,0.8578047951448144,0.21033862244976947,0
9666887070,201,3.011278618403614,45,93,4,1,0.4547124075217239,0.5827801454817635,1
9334052731,285,3.691033566111568,19,41,1,0,0.7493517138673098,0.18787980287073835,0
9509617889,115,8.510965066153556,39,62,0,1,0.30076653348029725,0.30137706989045976,0
9197966396,13,0.7592326811803731,1,132,1,0,0.15375353141353154,0.0,0
9545296119,27,2.686722149276948,60,147,0,1,1.4315629247017534,0.48824688517288706,1
9307958734,29,9.096724993270536,70,152,5,0,1.1122772039136177,0.333545897883721,0
9308983087,131,6.579016142790894,76,187,1,1,0.797289398377001,0.45315986742508274,1
9385457816,146,2.655047407260036,29,145,2,1,0.8714164958975865,0.4723927439539234,1
9447957155,89,2.5818771982095132,29,152,2,1,0.8156432719157842,0.44787799958471336,1
9170931591,163,8.69487196671459,44,47,5,0,1.3583332613090284,0.39762819442317493,1
9856219080,34,8.990696328631941,23,173,5,1,1.1830939924985644,0.5083995898229111,1
9459547129,178,2.9332453641400953,55,52,2,1,0.5551997908594976,0.5446416972001252,1
9306297401,68,4.494848401727056,60,60,5,0,0.4054615325098163,0.3378505364137866,0
9237267044,50,8.428659516969013,12,115,0,0,0.19314100541772972,0.0,0
9190508655,47,7.824570666793911,79,176,0,0,0.3069047721009928,0.04521705798392554,0
9107503276,126,8.232203012377802,55,179,3,1,0.7860855880088743,0.47539383441253125,1
9530368573,284,5.424782812485703,14,182,3,0,0.38359841290372343,0.12916774913195167,0
9327642150,279,9.159715958899145,10,36,1,1,0.5373514851737042,0.3574655867140548,1
9862242527,136,3.596539667567135,11,58,0,1,0.2866607578272138,0.30325748159512667,0
9177344057,12,1.9883852763014214,2,171,2,1,1.3919398103935332,0.433372153931607,1
9136515315,25,7.232957159366215,23,190,2,1,0.14721505392339204,0.26228698722507926,0
9702689232,274,5.623866952065516,8,65,2,1,0.5925350077844694,0.43018446417601686,1
9162827874,248,8.61856480369007,45,114,1,0,0.4614165405751849,0.10633054055807467,0
9835115748,272,1.271012866684792,70,115,0,0,0.11162376444462144,0.17067603066647039,0
9990098898,143,8.515077832661635,59,104,5,0,1.400037241692409,0.40470686834448283,1
9617430975,222,3.286299205483811,10,151,1,0,0.5390504493538155,0.07545046345665213,0
9686779194,24,6.721128838097738,9,73,5,0,0.8031851188303961,0.22587866820247468,0
9829633350,138,0.88122349624343,2,154,4,0,0.9156490964002569,0.23960320961310966,0
9797863259,131,6.291022314884207,18,167,4,0,0.9546716600202365,0.2070016647571512,0
9937412104,250,7.314081047279692,1,142,3,1,0.7443650193295418,0.41147149641885544,1
9516451454,124,4.0031270378033925,16,147,5,1,0.9313611513490215,0.5592924803749085,1
9703054299,206,2.5464016999903323,1,6,0,1,1.1524654058506167,0.44192236163552334,1
9704538757,231,5.607491427733677,52,154,5,1,1.4329246397419184,0.706261059636226,2
9781520569,223,8.415312642138641,15,116,5,1,1.019852178465304,0.5566151763768397,1
9779586192,89,3.573699903818183,9,103,2,0,0.7471213320225141,0.12725349433021682,0
9135351951,272,2.8984583264521557,67,107,0,0,0.7224463082513136,0.22169539040606512,0
9137432022,144,3.1498854320580327,42,16,5,0,1.0938003095573336,0.43835741196218364,1
9552740062,251,9.516755452708312,57,129,5,1,0.9778492986424521,0.6338241837379277,1
9517278850,279,3.913130699763317,59,194,5,0,0.6885412262813797,0.3658173787566058,1
9886679572,296,0.5342402789387282,23,49,3,1,0.5702415374716512,0.5802014344826668,1
9761995071,59,7.925971475616387,75,190,2,1,1.490408100710304,0.5412206477111733,1
9204379225,198,7.1431105556862065,15,152,1,0,1.1735157827019238,0.1096545672559964,0
9697549859,23,1.7213985137282044,8,183,2,1,0.3894859774070625,0.32671486845744235,0
9540599017,241,9.856590366781669,5,11,5,1,0.5090403406704624,0.5128224231457422,1
9438472420,270,6.276591710398557,64,156,5,0,1.3511641377374524,0.44482059600371154,1
9278870004,201,5.257405163935714,77,71,4,0,1.0251608642634058,0.4272804417443801,1
9668616405,212,4.131083042417465,23,74,1,0,0.5350539721272869,0.12991681347959813,0
9135507773,270,9.03739117785456,9,101,5,0,0.6098944247647444,0.22648863683751458,0
9772062377,122,2.817653073476351,72,57,2,1,0.6304707304985722,0.5758779841114459,1
9344403019,45,3.214804552089068,26,166,1,0,0.3608132753013453,0.036219938411092625,0
9808545980,88,1.6629026635223856,2,165,4,0,0.8156362198112092,0.19938818108174317,0
9189948213,284,7.71163140805047,37,97,4,0,1.171798901272914,0.3345596245894774,0
9685026063,287,6.157718163855606,72,155,0,0,0.8896839279081626,0.1939027867160456,0
9968675079,171,6.286128607917734,73,62,5,1,1.0183187295140352,0.7256147042466714,2
9480125799,26,2.5754690946849044,72,73,4,1,0.9335409432708734,0.6695526173896195,2
9374134074,213,6.686099696707297,16,172,4,1,0.18245360116237705,0.4044612357789977,1
9896170040,26,7.771855248845208,47,51,4,0,0.3632840850024007,0.21351516054747896,0
9528514540,211,3.899941041894048,48,47,5,0,0.5904878115771263,0.38482591155319323,1
9578947713,219,8.112797867636267,42,193,3,1,1.34492900412316,0.5324379060831441,1
9850978653,87,3.813510591054199,6,174,4,1,0.5881692679654069,0.43051818506319844,1
9609553373,65,7.702315384338233,67,66,0,0,0.5579637603488509,0.10961119996313665,0
9777911243,89,0.8204360208483303,73,199,1,1,0.21282130433614244,0.42817665760349044,1
9130320939,67,5.7360637139997,20,59,3,0,1.4609109888872938,0.27184322076514555,0
9907111886,27,9.710502326078924,77,111,1,0,1.189969537840158,0.19522031662787187,0
9348796495,217,9.821823706482713,24,53,1,1,1.1722981167856945,0.4321805562031574,1
9430590800,144,3.176649494246536,60,110,0,1,0.6371877203815417,0.4367427325148266,1
9463646681,19,4.693291365263377,27,181,3,0,0.20971723549588822,0.07616323854301273,0
9942484225,78,1.098290125873014,77,82,5,0,0.46892837579209445,0.4161419235845752,1
9674024881,92,8.796742422243698,51,123,2,1,1.294059502369858,0.49550956455079187,1
9670366347,118,5.9014354548320345,12,165,4,1,0.35241707467027605,0.4034394901691154,1
9932618866,53,4.158456449934912,33,32,1,1,1.3519494249987565,0.5087157869339652,1
9408511577,141,1.5713203056469542,66,61,1,0,0.8500563215228343,0.2827509149149767,0
9962327574,27,9.494289212220448,3,173,0,1,1.1003511407594104,0.22556066634448385,0
9785093521,102,5.53708095429944,43,124,5,1,0.73509795302547,0.5837167829114631,1
9995491389,157,3.187815326287587,14,124,0,1,1.405233120180619,0.4217408571728899,1
9298605535,181,3.8270437362493404,7,8,0,0,0.43552166451949104,0.06635474157401351,0
9877762160,60,3.071623218760403,4,24,3,0,0.9014068023592187,0.21630933765798144,0
9194257535,28,6.217193184141316,65,121,5,0,0.19676241819506837,0.26222183864037907,0
9311925053,129,9.334653969914845,72,93,4,0,0.7725981390633045,0.30659592904861843,0
9926175269,234,8.638591131602363,45,167,3,0,1.4618000927433137,0.2839029175499693,0
9242813688,75,4.873618316546787,64,57,0,1,0.22338413445302102,0.38382267633580114,1
9160395758,150,8.351743941859574,65,43,0,0,0.8094122415352977,0.16165854168192084,0
9687387074,198,4.5195020721251336,25,57,5,1,0.9432288360815259,0.6395034354642816,1
9912042917,167,2.896917837207061,30,125,5,0,1.4044441999298305,0.40330362327842817,1
9685723101,107,9.842443595031066,50,90,1,0,0.5163798826034653,0.08388959610537636,0
9420025728,167,3.3869318957228076,40,103,3,0,0.8041168906051328,0.27088417745727555,0
9223370461,255,3.57538019437563,50,122,3,1,1.4820741931120078,0.6664443408409335,2
9183802796,245,9.902082243971961,18,96,5,0,1.176626601889449,0.30020353863240373,0
9426064095,42,1.7723111850737214,72,142,4,1,1.2345804088892833,0.6850819148458295,2
9920023451,250,7.725072886092104,2,117,3,1,1.1927157856893738,0.4750916863162863,1
9935976569,284,9.390221205585902,37,87,5,0,0.8213164330071693,0.32135865082716286,0
9222224237,80,5.362052445616477,69,69,4,1,0.7080956944610997,0.6187101873212677,1
9764470426,225,0.5239567361767903,44,5,2,1,0.4567384485408129,0.5730211329907763,1
9509324387,88,4.0630599690745095,70,185,5,0,0.7523535768659427,0.34999237626168567,0
9416828550,178,1.5599054276558575,40,178,4,1,0.1287033119492709,0.5011921989687089,1
9162856981,189,4.45378277887011,24,158,0,0,0.23595538535639896,0.0002692528963265106,0
9371185481,125,8.005254235601704,49,134,2,0,0.5021606437912682,0.1287795597610651,0
9795651302,269,4.667759714396104,0,32,1,1,0.567081405391172,0.39176998540752067,1
9215064244,269,4.603288652786264,53,88,1,1,1.0905242733995975,0.5466067823078499,1
9378913998,14,5.789500030729043,12,159,1,1,0.3402433839920592,0.24658853904363193,0
9407725518,117,6.026060555102962,39,32,0,1,1.2140819571228636,0.4563271081935081,1
9220367491,126,8.634814933590228,20,128,5,0,1.2211221848337948,0.2775168829769727,0
9146606102,22,3.429376672675039,40,35,1,0,0.9218523913076775,0.19183643355148752,0
9906261573,151,8.30587701149615,60,179,4,1,0.7880951265565549,0.5366675577154995,1
9257661143,197,5.8763706125744495,32,139,5,0,0.7543584272575901,0.2950398972533507,0
9479610451,290,3.355030722312896,72,76,0,1,0.6887548031477652,0.5237235410433104,1
9201629945,124,3.3036974180577325,28,52,3,0,0.22400491017002286,0.1893028868703766,0
9954478692,245,3.9308064125043827,54,30,0,1,1.017620965820887,0.5267781722817872,1
9608297419,19,6.415585804889767,31,187,0,1,0.9082153364499547,0.293315477381984,0
9746856864,208,2.6927114479195167,10,93,3,1,0.12207450650854282,0.42580307007265766,1
9883171099,261,9.243168835886541,51,139,4,1,0.383774071669325,0.5059848625696806,1
9233784320,59,5.961669549690053,35,109,2,0,0.7108540074078059,0.1417457796259894,0
9141130558,151,9.240149881462065,30,61,3,0,1.3618308527212821,0.26180457041567584,0
9160148245,280,0.9408414065019697,13,119,0,1,1.486390279247292,0.49149340329831814,1
9244639045,25,3.754808019383997,62,190,1,1,1.1518568267747744,0.4683317896470317,1
9809704572,11,0.7166727765324192,51,124,3,0,1.149078471678629,0.3169726766163798,0
9654848660,167,3.086392243430713,53,5,3,1,0.6813844568912374,0.6180127612391133,1
9694698847,39,8.689061486551587,49,86,2,0,0.8993303345586792,0.16930090230842249,0
9419231566,91,0.847792300500908,53,33,0,1,0.425943953706002,0.447956433505376,1
9346261252,40,4.643397449199576,72,154,1,1,1.1334127857148324,0.49995543156205163,1
9658517051,245,1.616887169495664,34,172,1,0,0.1836985142385019,0.1024745090080056,0
9267414903,157,4.459986262973493,29,194,2,0,0.6841447792022524,0.126694205015255,0
9564373549,186,8.469090050511586,54,18,5,0,1.2639061652056163,0.432139659218535,1
9816604081,44,6.419174817323932,0,134,1,0,1.4718034315628632,0.08831964731298975,0
9245051311,32,7.49918528064852,14,167,4,1,1.0751820583597684,0.45156495696872323,1
9413650053,115,3.8164890967710194,24,75,3,1,0.3761718966897549,0.45850942510818493,1
9868734424,106,9.471778102596344,19,199,3,0,0.8995029575816165,0.09779568434530453,0
9735308087,239,7.237989890905251,70,129,1,0,0.8847180934325701,0.22004362585437875,0
9963568237,236,4.507088783203043,15,83,1,1,1.4520709424568132,0.4993467810297144,1
9693213114,109,4.551415602157022,51,111,1,1,1.2762613940677656,0.5108510467289143,1
9160993015,64,9.227499690461327,64,102,3,1,0.16861605724575096,0.4315705972506209,1
9423370727,204,5.975844587636222,69,154,1,0,0.40813047225744525,0.1539155216192588,0
9748372124,17,7.210602494078897,0,22,4,0,1.2786934877701404,0.23644932193680343,0
9900666054,137,4.461834632875123,15,50,4,1,1.4614608349735843,0.623116617935662,1
9816279884,41,2.625081265264784,26,86,3,0,0.5125410867670556,0.18843728856220257,0
9423907813,102,7.373813273946976,17,195,5,1,1.0670203438009243,0.5075066819687472,1
9505133201,16,6.274325835343184,76,127,0,1,0.530922583839719,0.3801854667033147,1
9507469313,267,5.262757364035404,43,102,0,0,0.15753552584179104,0.07270117473259007,0
9369352928,229,6.428198929947406,49,168,0,1,1.2612725840412873,0.4415309895922524,1
9429434293,249,2.4787130676102196,73,50,4,0,1.134389419011304,0.4880321734700338,1
9988361852,115,8.042417712053584,13,107,2,1,0.1746245530840359,0.29886260049210805,0
9388861951,45,9.507546647692905,51,41,0,1,0.30364702220280004,0.3085970828920212,0
9507669423,54,8.965479869593176,74,22,2,0,1.4993459494022827,0.33023575549315576,0
9429218074,18,3.5536395804166627,49,175,3,1,1.0110658092661629,0.5182342221469397,1
9757532555,96,4.357054846179721,16,108,4,1,1.2206031304746459,0.5577877175028009,1
9429163050,186,8.17982184807683,2,161,5,1,0.644075352188075,0.45273118008564706,1
9888431804,139,6.153612742833737,61,150,0,1,0.8255453418505617,0.4045387547747292,1
9320537946,204,5.705187214928167,20,147,4,1,0.9678343021940826,0.529577869684152,1
9343374559,20,9.30309869156773,32,191,3,1,1.2284288190415813,0.4296076073195103,1
9848436028,131,5.592237129281982,0,126,4,1,0.5744689692942934,0.4297627640972648,1
9563956425,244,5.391917456079444,69,98,1,0,1.0411679107828786,0.27555380648765876,0
9124561090,40,0.8991766170304167,55,104,0,1,1.1859209379870301,0.49393705982074537,1
9405639774,233,1.1594611066063076,3,32,4,0,1.2271855909039149,0.36223207096252746,1
9273305486,162,0.5704929248661768,21,185,5,1,0.7989376135800256,0.5869765985312089,1
9332058255,221,9.17582014494452,76,19,4,0,0.7627093401707079,0.377848612414484,1
9792312316,101,4.379673270168156,57,132,4,1,0.24634596305139805,0.5221887696574834,1
9392506380,138,4.951333073267419,43,47,3,0,0.7968150851419451,0.2782518133378244,0
9658692208,206,8.531176002128388,56,37,0,1,1.0827068061867484,0.4699840380502024,1
9196318451,51,6.28783994856989,39,134,5,0,1.3888231820003218,0.3455547024571999,0
9708643530,237,6.290265165710521,55,191,0,1,0.27527941927660715,0.3290003483246666,0
9574279610,203,3.3170770788707182,62,12,1,1,1.4564394222854224,0.6466011390611355,1
9525970580,27,8.422129552282932,38,116,1,1,0.42770134057061504,0.3089586062410786,0
9244904690,252,2.075384772375191,6,37,4,1,0.3462122938336638,0.5348408579915376,1
9770065589,285,1.004921125643005,13,167,0,1,0.26032475046139636,0.3209299165476515,0
9384243914,136,2.3202318964260567,17,150,0,1,1.4861910161053595,0.4300168058421971,1
9158834845,84,3.0435035783583646,54,94,4,1,0.8854259177362532,0.62262906718805,1
9369629438,71,3.181955049614964,55,153,2,0,0.4788399696669382,0.17346066909798635,0
9444551931,297,6.869879186878292,56,196,0,0,0.5445478639446794,0.09010719343082205,0
9762893871,195,2.5693335796221133,57,160,4,1,1.4303796477713215,0.6970635547770931,2
9367131380,187,6.928253892702353,24,120,4,0,1.3599558501816202,0.29992232197603286,0
9167615317,175,1.3657556457210975,69,177,2,0,0.5899770147482747,0.2558248406878065,0
9161767845,192,1.8984233804301356,79,24,1,1,0.18901963580791326,0.540851275731788,1
9173657758,37,5.333803760664452,2,127,5,0,1.2669313699286264,0.2588927859301285,0
9161647309,256,9.258010124478105,20,136,4,1,1.38019097455219,0.5557934621191924,1
9815555735,31,8.665892093705583,31,40,0,1,1.2725466460684478,0.3867315590704133,1
9631472497,105,9.70315770320663,1,102,1,1,1.3781709895204104,0.3521926263039697,1
9985444016,131,6.679551120142624,19,81,1,0,0.9062628433757752,0.10978026109671482,0
9152839391,259,6.9202412309528745,74,184,1,1,1.2755223985294815,0.5375864597187701,1
9353214051,146,6.437718489849175,17,130,4,0,1.421476660207998,0.281507910680103,0
9267237535,286,6.416779767152875,53,43,0,1,1.3458645299514929,0.5385190530550115,1
9669704118,70,1.8976432781420542,74,75,5,1,0.9220466133740355,0.7355405409338465,2
9474175950,259,5.665520083557322,35,110,2,0,1.14514342799232,0.25024763702305725,0
9149975039,104,4.167645367791394,75,144,3,1,1.1098241352352674,0.6196504851480688,1
9613361130,193,4.704103549884287,60,59,3,1,1.2241504889453938,0.6594154827415025,2
9122961593,269,5.474205444062755,59,122,1,1,0.42038963930131723,0.4522396247207385,1
9372280930,296,1.7197636321213903,35,98,3,0,0.10304935104680911,0.23241209187349376,0
9909230850,164,3.9151334715951385,43,180,3,1,0.8138594334833517,0.5131648636921938,1
9635213263,195,1.102770828327734,67,102,4,0,1.171771199055662,0.45512929394674667,1
9807875524,78,9.806847239012791,65,13,2,1,0.27517139117924005,0.44388840007335545,1
9591487060,270,1.6260162737911983,43,144,3,0,0.8459021290942107,0.3107460602058109,0
9754273660,124,2.9559850161770678,76,73,5,0,0.5401725777455328,0.41691555580200584,1
9473389449,17,8.967282803682274,28,87,5,1,1.2735363326693327,0.569250299609466,1
9703844946,274,5.0857454392718475,47,189,2,0,0.24035562731220214,0.14013039667286875,0
9447679256,280,1.7885534144459878,35,32,3,1,1.2870516591688337,0.6824002247935749,2
9397762883,258,4.150190111373815,7,21,5,1,0.9550740849304417,0.6388566088551673,1
9694089500,114,1.6007459448181653,4,26,1,1,1.387222555663034,0.49765775534174606,1
9128905854,272,2.402051972302767,77,167,1,0,1.4098773512709055,0.34664399181820876,0
9925895594,233,0.9942835460235278,46,117,5,0,1.2324283342551812,0.4630933308916728,1
9856452801,280,4.663161198216449,42,191,2,0,0.8421542166433313,0.20676723828526908,0
9990763337,174,8.163043156389968,9,151,2,1,0.299582592563012,0.2971433932308819,0
9694575932,92,6.0667071976490075,9,182,2,1,0.4155934279583894,0.298854058316552,0
9697990314,143,6.260280402103811,5,158,2,1,0.6848526159479674,0.3454422824218437,0
9438615960,220,2.405548285790783,15,112,0,1,1.1206299821806056,0.42202568509884997,1
9398433583,101,3.7669915108974816,59,64,1,0,0.8627959309287053,0.23001494691400817,0
9515975634,136,8.529799986487903,25,48,3,0,0.7136229385468701,0.18379381945443624,0
9608570454,200,1.3346337511018882,20,188,0,0,0.7685481059309317,0.08054350103182245,0
9865286295,168,8.65034120985107,57,47,2,0,1.1380811957410952,0.2703156489707185,0
9654599050,19,5.095055249515464,40,155,3,0,0.14809900854098884,0.10619788469739977,0
9869398381,116,8.452900597588613,29,154,1,0,0.7196833118330049,0.048110523582230585,0
9621778145,96,3.521060984246803,4,179,2,0,0.9017844180768438,0.0990613983582596,0
9494730166,76,3.719008040038698,9,59,4,0,0.9241987060471955,0.2532924149118657,0
9609069851,71,7.640246249069857,10,15,2,1,0.9661619466234374,0.42618981193930766,1
9218873796,155,7.957463647226092,62,59,3,1,0.17482915351175685,0.488823267988031,1
9671542718,162,2.6816244409063943,6,158,1,0,0.8811270729225825,0.09525575545983317,0
9929183636,116,9.742277585808102,58,133,2,0,0.8707691632086465,0.1705183018886737,0
9742135939,157,1.302655990325875,11,194,1,0,1.2967953930556944,0.15360024194943947,0
9576935925,195,1.1507781494702434,63,153,0,1,1.1641079239765606,0.5231336130835444,1
9333706608,187,6.157290045217977,40,12,4,0,0.14371733346811422,0.25322526614022467,0
9915750821,275,7.366037293830404,59,152,5,0,0.8782815096223215,0.36708466696204706,1
9500111512,158,9.628418227637251,71,177,5,0,1.067321742684315,0.3459209237238041,0
9117196045,256,4.346984917589185,27,85,0,0,0.9122005199060036,0.14381691004431685,0
9329127882,263,0.7402683854015146,79,83,5,0,1.0469169046314484,0.543130141264289,1
9955560479,38,6.227515224740866,62,69,4,0,0.2633183787465253,0.248001356086026,0
9979456138,275,3.2521121956883325,2,64,0,1,0.3369386198825398,0.3272406213709782,0
9455760316,22,4.612997651356321,31,199,1,1,0.9158321285082889,0.35466055027138554,1
9850701457,56,5.140460081374385,20,99,1,1,1.2209598129714536,0.41926298991341515,1
9582888858,160,1.1128698020113212,54,60,0,1,0.13638451345627658,0.417178370657284,1
9862492470,59,5.116826953358976,17,132,3,1,0.7107363360562824,0.4238697702197796,1
9588086197,224,4.5500368346409905,52,126,0,1,1.4888752435918855,0.5177979205486676,1
9628807633,141,7.2691705202226355,74,35,2,0,1.1720440688841156,0.32801524202342225,0
9572718199,122,6.633826156517274,60,89,3,1,0.730261105134758,0.5430587520712971,1
9923310806,261,2.25954932243033,49,91,1,0,0.23725659833443352,0.17970619993096804,0
9851821898,62,2.4583197229987714,7,130,0,1,0.6028555968869397,0.29012616828378085,0
9818792980,139,2.884558698356546,11,85,3,0,0.3162002729189112,0.15464599503665744,0
9665404587,202,2.200029182823185,50,26,2,1,1.3890905106442277,0.6616571777500958,2
9101543812,88,6.743525396850438,65,194,4,0,1.0599021370221817,0.29498261834712325,0
9333606486,66,9.94708670240257,40,60,1,1,1.2979765248988089,0.4379921425590262,1
9919840424,106,6.695029234901398,21,90,3,1,1.3564503328496127,0.5249503557898034,1
9719577914,207,6.263474688817267,8,127,5,0,0.9496457689582181,0.268495796009179,0
9946691838,144,4.394315366835189,77,115,3,1,0.10923772713050812,0.5265267428536388,1
9738399464,156,3.469512459167727,78,12,5,1,0.8785008957611014,0.7748859579813193,2
9399791541,181,9.155200690611553,10,66,3,1,1.2234930018382713,0.4867234185999205,1
9208612041,72,9.705517804350453,12,82,0,0,0.5402856076087826,0.0,0
9334881941,74,5.219373668083414,55,156,1,0,1.3988521335613884,0.21471310534369897,0
9770902098,220,3.256904707312296,27,26,1,0,1.4955468724398653,0.2907994348717029,0
9683859263,118,7.816160972862793,63,19,0,0,0.868968060483372,0.17419890225031776,0
9358808646,291,1.7583395132353452,63,160,0,1,0.843737556727609,0.499498432648489,1
9526499331,181,7.773088257614975,69,154,5,0,1.0172650408083528,0.3753114124722892,1
9803633600,21,8.280009555957719,54,35,5,1,0.8928743169508891,0.6173848033626143,1
9870328206,229,1.68658747395809,36,194,5,1,0.3246383288770167,0.5637842164444116,1
9976888679,295,9.780183953567356,32,91,0,1,0.47955242811510956,0.32535075059767155,0
9981065931,181,9.862366758690545,24,73,2,1,0.38250429344049,0.361318780775239,1
9281858709,245,9.398835053609837,22,113,3,0,0.20097560552516436,0.10166438535303496,0
9981206997,175,5.212330689359511,59,171,2,1,0.29654480218245116,0.4349540746562467,1
9442421233,196,2.83770435162987,55,85,1,1,1.4612581127360924,0.5988151879754393,1
9820526254,179,6.029088168378173,62,44,0,1,0.8769723853372503,0.4781209615532652,1
9971496400,61,4.489371465478639,7,73,3,0,0.2762648102732228,0.10679598631370973,0
9475238748,198,2.456512124813372,16,187,5,1,1.0983333506265789,0.597621856577429,1
9953600685,129,4.524925891369552,56,75,4,1,0.7675030764265248,0.6167012584747484,1
9828978061,114,6.80695343893711,74,68,3,1,0.41453967835862837,0.54296132013579,1
9360296113,171,1.173676452466915,61,12,4,1,1.4209985198426411,0.789285704951514,2
9182226579,50,3.667471013737157,10,75,3,1,0.4143604215191269,0.41604693175078267,1
9896266929,174,0.6690514551218394,66,90,0,0,0.23662568592095826,0.1702664648490529,0
9224994671,169,7.620207301885919,39,48,4,0,0.3880818901312151,0.23994400585978146,0
9207229088,273,6.5865670423586575,39,42,4,1,1.37669966448656,0.6817151552300833,2
9571146870,27,1.0953852796686756,55,121,1,1,1.3009141281180643,0.5374150720181436,1
9836304186,182,9.665006816218694,52,153,3,1,1.3520544725051207,0.5472997882393236,1
9957445418,42,0.7149047927074564,27,8,2,0,1.3826504988653041,0.313289202351347,0
9974365134,270,6.104626141522842,41,164,5,1,0.20849814144072426,0.5340142632746128,1
9478622731,219,7.87549088709103,45,59,2,1,1.0958649201318986,0.5351478997707355,1
9979920423,173,7.985014973924868,17,97,1,1,1.030329715940784,0.38770271955912905,1
9326821237,14,0.8257087881354359,22,192,1,1,1.4900717305736788,0.45013343554454965,1
9897577747,43,9.110943760084172,25,63,1,1,1.1005439093144063,0.3829506106633854,1
9788109733,289,9.225290883307661,28,98,0,1,1.2088439764429675,0.4054244532401309,1
9254339970,154,5.83320854496654,51,71,0,0,1.100981070385575,0.18243589257333712,0
9697138587,80,5.079790389427888,74,9,0,1,0.9688145030385618,0.5186335890248261,1
9974176601,239,0.9262408990946982,45,87,0,1,0.8742327883175846,0.4952763771423071,1
9752350557,134,5.838564353843752,0,76,1,1,1.4569645986544175,0.4265063129257384,1
9665284876,287,4.3891012768171915,62,131,1,0,1.4108788776138956,0.3111695833251945,0
9760097996,280,7.841660870382233,15,41,0,1,0.7129902294402967,0.3593755637549155,1
9462923841,24,4.336893885417835,24,31,0,0,0.4978154249883552,0.05259512437358861,0
9411845668,251,6.994017916584743,61,17,4,0,0.8126971035709374,0.3852787707628289,1
9459883696,162,1.4633773892565427,79,138,3,0,1.1445604244297836,0.4037367222604955,1
9216017893,62,1.763046572276686,15,69,4,1,0.6613268074458599,0.5299859913595163,1
9712366145,158,1.8272468111670044,68,162,3,1,0.8521233301157478,0.6064611712132191,1
9835760163,228,0.9324922480975635,69,184,0,0,0.5181882742596006,0.1750426859339813,0
9437403317,122,5.642624163063136,33,45,0,1,0.69878611575183,0.38042617726679534,1
9457301785,297,8.042693397414542,79,19,5,1,1.4402135584679348,0.8237633062471778,2
9498745543,286,6.298906435089828,52,137,0,1,0.40080171684276844,0.37727599546672097,1
9507628651,92,5.962071412752135,22,19,4,0,1.4842282048735183,0.34709586096513,0
9550647975,227,6.9659273198259966,42,5,1,0,0.40175583669016546,0.16115290589824124,0
9504082474,235,3.7266305691841404,43,19,3,1,0.5469303746568767,0.5828287447952822,1
9323292565,279,3.9385636806581745,31,192,5,1,0.22203097523236598,0.5275309528599859,1
9970333075,24,3.4855659330987643,22,52,4,1,1.1529336844860012,0.5824252509411351,1
9236338439,299,7.265034862108968,19,186,5,0,0.12468828011877371,0.17726550860227852,0
9385733916,274,2.035583188872356,18,187,0,1,1.2029772644220051,0.4199969401308391,1
9844468775,208,0.6237401629727817,71,76,1,0,0.9079865922864047,0.32269017578536185,0
9463205533,167,6.163866243863677,28,121,4,0,1.148273978155083,0.2868598157855792,0
9811556816,216,9.452622964974951,17,31,3,0,1.1963686497129182,0.24248276238585076,0
9558904191,183,6.289375211464895,68,162,5,1,0.2741351464454397,0.578223715035874,1
9599566931,193,7.937755702938503,11,64,5,1,0.12994789481967933,0.46455734560976614,1
9662524787,274,6.891511739927286,9,70,5,0,0.3362730746059237,0.2359712947402501,0
9670864783,255,5.225648208468654,36,178,0,1,0.6376945649296631,0.35381556928993574,1
9918963373,45,7.324727816946537,54,56,3,1,0.20264301871656093,0.453920428442629,1
9783094845,268,8.328989176624606,3,85,5,1,0.7394353990925268,0.5245010444382747,1
9515651562,28,2.634950619631131,62,39,0,0,0.4991251224604186,0.15574227392634332,0
9106767567,32,3.6932395645898826,11,125,0,1,0.6093689661322621,0.27958873449412625,0
9585317676,113,2.6253944587811966,17,46,2,1,1.416514382048365,0.5518603256737628,1
9684516846,250,4.795643078109189,7,188,3,0,1.1139790110003096,0.19654643104939354,0
9887927991,213,8.908113233708342,31,49,1,0,1.021423982372736,0.16172351908022822,0
9944620719,262,3.7794674579356573,48,56,0,0,1.014991283413439,0.22631201118105146,0
9638765466,151,4.057435446740257,62,155,1,1,0.877533387609754,0.48288144781895415,1
9315063766,152,8.673488729383351,76,161,4,1,0.8181726097002907,0.581132181744768,1
9256850263,280,5.396056142074414,58,33,0,1,1.3350135741040483,0.5641156218542595,1
9678030847,119,5.586765496650627,66,61,5,0,0.20500269867311932,0.32729247121430016,0
9326088446,17,8.677611431656022,38,23,0,1,0.5039280148382509,0.3148733579340512,0
9637818184,78,5.160004001741996,49,12,5,0,0.245777992698539,0.3126233111029207,0
9961368498,199,6.974796578979255,70,182,0,1,0.1154739942779485,0.3297259870322694,0
9228960723,188,1.313624325803577,25,139,5,1,0.11941390002315713,0.5354495094264694,1
9732931561,72,2.1970012747054106,22,143,1,1,0.13361369368300288,0.31086962794549544,0
9921248464,77,4.341573906804333,62,199,2,1,1.0544325360542899,0.5029663507781961,1
9626694126,215,5.200971144288811,65,70,3,1,0.2559669170624671,0.5488877096493636,1
9542551518,15,9.67447016174418,38,87,0,0,0.3833727157789376,0.0,0
9611064888,128,9.721190513954005,65,160,3,1,0.6865776935242427,0.4781183703887944,1
9919365070,40,8.586372331048235,45,188,5,1,0.47695035613659476,0.4721142414304793,1
9518277982,15,3.498188935212958,14,32,3,0,1.2433766898262766,0.25872693555659765,0
9211289204,216,9.658268762908177,15,93,5,1,0.972835721510713,0.5456910614263875,1
9367980509,166,7.048738214424019,71,79,3,0,0.5666320462200014,0.2799276536399785,0
9649484909,76,4.232931214265304,15,44,5,1,0.5448961275732054,0.5466090274042676,1
9466270739,298,7.165911711355281,38,134,1,0,1.057171210813123,0.1828362714279781,0
9518789755,149,0.6569659329720026,10,80,5,0,0.3389379561189747,0.27502229687194624,0
9387833830,22,1.888469481605029,35,193,3,0,0.49276396803165934,0.15658670905120545,0
9896259636,161,8.382014259785493,17,80,4,1,0.5948072568122319,0.4679760330333753,1
9726900235,118,6.632949550295126,22,118,5,0,0.7365039698909187,0.2507517484500354,0
9387650736,158,3.959849662272898,76,157,1,1,0.3667445512936478,0.4551244835412963,1
9827174928,213,5.2563330821158285,48,99,1,1,0.3201261996924214,0.41463914697770077,1
9540437823,30,9.098850421634786,41,58,4,0,1.4859441155229716,0.3163770888031391,0
9709426217,69,6.499992040051322,43,149,2,0,1.3784772345691132,0.21606736366767765,0
9907304541,30,4.2824181973761375,0,180,2,1,0.8330655172328941,0.33457884369943364,0
9340739228,254,1.6431032452765826,6,144,5,0,1.1717704389101604,0.3501285470592335,1
9465516690,82,3.2905946154428296,47,193,0,0,1.0436052858234917,0.11686216558017168,0
9322810605,85,9.794232211567541,15,6,2,1,0.20516005754818492,0.3285050870336384,0
9682387210,195,4.654949097091887,47,84,0,0,0.8250564166277863,0.15889738083023172,0
9269262177,87,4.982474906526178,77,69,3,0,0.35748718037258476,0.27705876276639607,0
9405092529,74,5.236681307771646,42,56,0,0,0.9176816402812498,0.13351495447382355,0
9813901126,299,8.898988218008006,50,38,2,0,0.18650806760963573,0.17682644283039356,0
9822061881,65,6.237318701660444,65,49,0,1,0.32807225462913964,0.38360417946890474,1
9337178929,268,7.08993184629326,30,133,1,0,1.194404990607092,0.17471608338399858,0
9179723877,199,4.199428654216488,38,104,2,1,1.2805463561297783,0.5578390855516422,1
9926280663,15,0.7763323765952563,8,56,0,1,1.3704448505546838,0.429137393547419,1
9533697673,15,9.344242685307021,40,71,2,1,1.3554171661630614,0.4770191477158833,1
9421354655,200,9.51671296870586,62,102,4,0,1.369840527531515,0.36801364101264483,1
9819368755,157,9.516954006806486,13,80,2,1,0.2325925851367586,0.3128243288013999,0
9909415438,267,9.465027323143808,57,60,4,1,1.023284103253344,0.6346637645126757,1
9732543716,227,8.24479844016083,73,190,0,0,1.0814752536453547,0.16062278248884596,0
9228339027,99,7.003662476105105,63,113,4,1,0.47547304948920055,0.5406628162254428,1
9139911037,19,8.522844223539213,27,54,2,0,1.490103057346594,0.20335490286578742,0
9813058296,96,6.205189270509844,3,105,1,0,0.5001599569473795,0.009406923587567409,0
9591479623,259,1.7765113319742243,33,123,4,1,0.9048430721783792,0.6250796993443816,1
9914929191,160,4.2165725678935,3,157,2,0,1.3212975912667408,0.1668735068039536,0
9137392619,122,9.727301663742907,69,144,1,1,0.5048605595677779,0.3836389805165518,1
9221841719,39,3.835809229158735,57,119,3,0,0.9491074473917585,0.2790131829371062,0
9768174230,137,8.74436518044801,3,77,5,1,1.1080205435810027,0.5328134163976775,1
9307417703,87,1.385508972361261,49,197,4,1,0.9773948789433553,0.5916112778048674,1
9990230666,64,3.6747465025669612,4,60,4,0,0.6683508762432244,0.2081718137850501,0
9427508077,43,3.8340565849101065,74,54,0,1,1.422656836751066,0.5556768080578732,1
9660840895,114,0.9902241595353115,44,160,3,1,0.95723394352876,0.5643853833090273,1
9312099975,181,1.6313961367741723,34,7,0,0,0.41410434627629333,0.1513824345785318,0
9188136247,31,2.3350695056568243,74,170,0,0,1.2285809442031153,0.2091755459031585,0
9656966971,296,8.459248112696073,74,68,2,0,1.0182297145715995,0.3201099217295724,0
9429073289,114,1.1023189044281607,26,58,0,1,0.25332128242816154,0.3570707270382415,1
9127758630,158,3.3376585627716784,1,40,4,0,0.48939895932870847,0.2190593056995182,0
9596479771,281,0.5966625245980414,53,176,0,1,0.3213931780628694,0.41759056440570114,1
9552344880,285,7.108463581328735,71,48,1,0,0.20174225407899235,0.19465750751353425,0
9545373859,181,6.392879355412108,78,123,4,1,0.4222796534186475,0.5922256728119591,1
9847299452,56,6.627331489504847,47,97,5,0,0.4893936291725314,0.2713825909599789,0
9325395724,123,4.056636454788878,76,185,2,1,0.7531352325046854,0.5209965904430958,1
9368713951,284,2.478544302041906,48,145,0,0,1.4569682014341088,0.2563269858809235,0
9830640153,216,7.343042026217317,77,176,1,0,1.4205762968722164,0.2692026513100581,0
9353504597,251,8.205619791036604,0,136,5,0,1.1551564645695427,0.2590846715892392,0
9736677635,205,1.8167142319329168,32,74,1,0,1.005116011598291,0.2324800172752666,0
9731024862,173,5.124879565405503,34,183,4,0,1.4261817369341472,0.31677658698056493,0
9215119441,185,2.862798978799194,53,106,0,0,0.29942608376892244,0.11716087564001369,0
9497907903,280,2.0970151814582705,55,15,1,1,0.5624627396986519,0.5572480132530057,1
9428478885,119,7.476090478202491,14,186,0,0,0.8746580785771365,0.0,0
9592456318,181,5.6119208869919515,68,114,4,0,1.2395078363918572,0.4016645563897861,1
9765399166,211,2.5537606575973437,3,194,3,0,0.9733012892059788,0.18416769348021603,0
9191766135,177,3.4450001065096783,63,191,1,0,1.2324168631450685,0.24400002229929205,0
9455352022,111,9.683209877613553,21,65,2,1,0.31430507422725273,0.3338680903759077,0
9523410453,95,8.562455864731287,23,172,0,0,0.3698287863559683,0.0,0
9440652062,151,8.85949405729472,46,136,5,1,1.1367913186575715,0.6058676962180387,1
9325140086,222,4.870114922266726,74,159,4,1,0.5876417731401882,0.6142756337096219,1
9987664650,60,6.426169007248313,5,20,4,0,0.710532148960856,0.201399829788323,0
9372336859,121,4.079293531941911,26,11,5,1,1.208330351398623,0.6813147864511986,2
9603450925,280,1.2382637690444602,9,15,2,1,0.19805070847780767,0.46432358645547006,1
9331090271,74,4.310158451239435,38,68,3,0,0.33517129241427573,0.1917319870081732,0
9769932733,192,6.142817155467875,73,184,0,0,0.5141351381172866,0.1114324107084599,0
9689048260,19,3.2278705722972485,36,132,3,1,1.336890857556059,0.5537591227058267,1
9446599909,243,8.55553045991045,53,10,4,1,0.6668332228180449,0.61240362121924,1
9231237129,253,1.935451512158687,50,124,1,1,0.45295238906923285,0.4730955352090704,1
9123659943,276,3.987726349650739,59,52,3,1,1.0497983157991635,0.6704730817000908,2
9330313087,127,1.6865871005799278,71,73,1,1,0.14240618973051788,0.4779663642273697,1
9718813677,153,4.345905272859641,50,125,2,0,1.185149470301666,0.2688670731618843,0
9364955799,210,0.8767823972555693,61,10,4,0,1.077049795193047,0.4829745866560988,1
9632569442,248,3.0892192530856315,48,193,1,0,0.17711659461879814,0.10581669365056154,0
9113490091,255,4.306984923579995,50,198,0,1,0.7972403863973208,0.4054850272847186,1
9201534831,17,5.04257095112857,27,89,4,1,0.6658105817002061,0.4961697517238153,1
9848369723,161,5.6651154055138475,35,114,2,1,0.3213948970239421,0.40326933611004023,1
9638613078,220,3.1124157330042297,24,185,0,1,0.31566266969939405,0.30069719823454316,0
9453356944,167,5.4688926788412875,35,32,4,0,0.32427749738800227,0.25656992087379815,0
9923544896,67,5.335543904839568,76,113,3,0,0.939527338250931,0.3130834203987035,0
9342508766,95,3.50369148332398,59,137,5,1,0.33954931183514725,0.5882849529536633,1
9725810921,64,8.386903141236544,6,85,4,0,0.1834343159369321,0.08543594688426001,0
9410874936,210,5.683590702638869,64,105,0,0,1.4406077843555363,0.2521698456909979,0
9344721769,131,3.6565623280921775,72,62,1,1,0.1548404568272631,0.46463544021549885,1
9237091252,117,9.499715864767376,35,28,1,1,1.0294544675947106,0.4294879457341568,1
9824162743,141,8.52856792417603,72,163,4,1,1.4104460931611682,0.6410107160892279,1
9588808673,207,9.834584209742108,29,173,4,0,0.1531094663339591,0.11030812544316988,0
9995206152,56,7.076221809131497,46,72,2,0,1.452024634826908,0.25976162780298434,0
9919161877,237,4.093117602307445,28,111,3,1,0.8032747508971847,0.5299755588799729,1
9516879704,254,3.168176333450617,4,178,2,0,1.1991193041497517,0.18160953382989609,0
9419062703,212,6.80151951490757,64,14,5,1,0.9751706907882776,0.7289355820490359,2
9302883601,270,9.817757533705384,68,169,2,0,0.9635857738605796,0.22631720245880493,0
9818171506,187,6.453793260986563,62,153,1,0,1.2042619338987661,0.22393257960267987,0
9216175783,33,8.875341939403462,55,25,1,0,0.1916160319103422,0.08053982055639954,0
9805240976,184,3.626482594953802,16,128,0,1,0.6493458308124368,0.3354703752247134,0
9581908110,283,4.366060933505429,50,117,5,1,1.4573953332617053,0.7519613754560063,2
9955754857,270,9.109614776098857,36,101,5,1,0.1764221928389977,0.5143552858274933,1
9374343182,295,7.690233668599278,8,142,2,0,0.46791412683815303,0.0775335578640537,0
9293107918,10,9.823398043495105,37,86,0,1,1.040949720260974,0.3299498565760423,0
9263306302,95,7.860259992456299,52,101,4,0,0.2406098702722241,0.2023833978565247,0
9642696950,78,4.7608992185732015,12,97,0,0,0.8513429974117604,0.04433036906653284,0
9487011238,40,5.545146188312449,52,99,1,1,1.0987185870111933,0.46747114284826063,1
9368672524,207,9.054897178399798,74,28,2,0,1.16038853179704,0.32628785767484714,0
9165113119,100,5.740643992931456,48,128,1,0,0.8856654303723829,0.15205879039617512,0
9699230856,25,2.9262750545622294,69,144,4,0,0.8008824327445232,0.3269072579412627,0
9917844263,285,4.6383882213145196,34,152,3,0,1.0994442213907891,0.2847726479111205,0
9621697939,171,5.40500189406662,15,140,5,0,0.3030834620077703,0.200859992712133,0
9167960025,201,1.4188384187357308,12,82,2,1,1.0527250879265901,0.516900949526362,1
9938233818,160,7.565745405402457,10,137,1,1,1.3869434594601568,0.396310936937056,1
9197754068,122,1.5388623668722436,1,58,3,1,1.0558542978545797,0.5260195006734159,1
9770251208,282,4.346718277003654,18,40,4,0,0.16510508980929012,0.23935199145307096,0
9355889227,185,8.143913194633843,44,116,3,1,0.808380654994966,0.5016120535971231,1
9903327013,158,4.94191843532632,45,170,1,0,1.1167854031774518,0.17709456049071165,0
9478946770,187,8.499147437325826,46,135,1,0,0.16054190211911115,0.047141925673050075,0
9778959547,232,3.7478725595330924,48,168,4,0,1.1670775784434106,0.35694150536547886,1
9578475590,268,9.597544792985136,78,26,4,0,0.4942439288569067,0.3541054006136739,1
9602561528,282,2.489950102149738,41,12,3,1,0.9242824670308342,0.6544844948179034,2
9571564514,198,0.8635093773983624,32,193,3,0,1.452880955158636,0.324283602090256,0
9313536815,99,8.788052158408977,40,130,5,1,1.4929012789160587,0.6250915275690194,1
9773471505,271,7.645925801528878,68,82,5,1,0.9881707761677396,0.7110960501884489,2
9629279887,165,2.7038464521400414,18,11,1,1,0.7880772158632237,0.46512310847790644,1
9436008630,209,9.855045267798403,38,72,4,1,0.3487692272616958,0.48482509739115615,1
9952682534,64,5.2716612280510144,6,66,0,0,0.391667242107845,0.0,0
9976129987,263,9.535121681369553,38,151,4,0,0.7008800174849147,0.2258174752550885,0
9813588922,182,5.297773328176493,33,111,2,0,1.0832008717205008,0.22169415800167547,0
9153459288,209,4.982808574327264,43,179,2,0,1.1770243631808421,0.23243255402310725,0
9159488479,111,4.766816102872418,68,28,4,1,0.4106717299897551,0.6166788143643015,1
9641174589,294,3.681315123263027,67,138,3,0,0.849583484518196,0.34992423666302713,0
9758409959,160,5.570164223177241,62,140,2,0,0.9282470902087261,0.2447143468135869,0
9943614092,120,4.799269288511395,70,157,5,0,1.3503092279539768,0.4354458758923405,1
9700796012,275,0.8490953279237643,47,93,1,0,1.3269901864696219,0.3256330117746028,0
9965198928,100,2.974134717523274,2,111,1,1,1.24433928187557,0.4132977638814557,1
9391440624,186,2.5246666010028047,33,45,1,0,0.8233260860874364,0.21385313111845872,0
9853730788,240,8.740638222050132,8,190,5,0,0.19111641520003625,0.12504631115940276,0
9143586949,38,6.189264783654994,60,192,4,1,0.5682628754831206,0.49905370098744806,1
9390886610,204,7.754989454272411,19,114,2,0,0.9704086735894135,0.15153916737946072,0
9440653048,248,9.589847358618165,39,135,3,0,0.9926500785473407,0.22242317445559617,0
9155392443,276,6.618373089000896,11,13,5,0,1.2887021815208979,0.38707378471449694,1
9613704205,223,9.834794918345072,27,184,5,0,0.6311515524889378,0.20593731394519832,0
9721676126,91,3.4617584906952312,47,190,1,1,1.4112709903832137,0.4868280836243095,1
9756167221,137,2.2695382319724917,73,192,5,1,0.32852937518262326,0.6169723995715782,1
9326182694,271,4.331443935932659,74,86,5,0,0.16981216449324038,0.3841667991746637,1
9883070279,76,4.972594441890176,6,181,3,0,0.34736755691187793,0.057279640193409906,0
9624730136,71,9.005934657099559,13,98,5,1,0.7472524112996223,0.4807824068040933,1
9794355615,142,5.819434170848425,18,137,1,0,1.2520718784793998,0.13428208203401354,0
9226340282,146,3.2757194944711614,53,194,5,0,0.3153708773730477,0.2797192046844451,0
9706550501,37,7.555025687241448,59,120,4,0,0.8674610440824687,0.2720516837096656,0
9665447870,220,5.305403402821174,66,164,1,1,1.1872279717975647,0.5279691824485204,1
9404416165,214,2.0402534801141163,33,31,4,1,0.14880626219444287,0.5651903763686306,1
9549697911,262,5.979787982116896,40,156,2,1,0.15812805022346804,0.3970845769080801,1
9895730139,47,9.158248099669198,30,170,2,1,0.7868276627870114,0.3475536756717443,0
9809967924,52,8.504914866020291,38,199,3,1,0.3557047912582759,0.3524922632254164,1
9223021021,126,6.074694740035645,77,148,5,1,0.7307965938513523,0.6476492543817346,1
9547796674,199,4.082290151907387,51,147,1,0,0.16150968576898067,0.10871034713605572,0
9885282284,55,1.326298135110006,46,29,2,0,1.4676189103850688,0.3518653582915548,1
9772406261,175,4.961664771650426,19,8,5,1,1.015864395997522,0.6477804169265642,1
9425176033,212,7.644754656531002,51,36,0,1,1.0613743981558612,0.4689112052336647,1
9757949391,242,3.9226003374636007,70,177,0,0,0.8136201760879341,0.18409655041432216,0
9253362837,254,2.736744842740812,61,188,3,1,1.2548742531463297,0.6407273055980033,1
9546036575,218,9.348107333074058,4,39,5,1,1.2667708989969266,0.5874685532160758,1
9860740860,257,8.304779154350928,56,185,2,1,0.3227269400569003,0.4091032162879502,1
9429054629,167,6.563618384491374,3,34,4,0,1.175753511513902,0.272610334101105,0
9352397814,10,1.799441767244934,10,107,5,1,0.893344764658157,0.5572747372187062,1
9406061383,226,1.8766339838586437,18,116,0,0,1.1673391001349418,0.16032775087655596,0
9620419133,258,1.4805861188299003,26,53,5,0,1.3861793719174895,0.4693744912041399,1
9714185144,78,6.354818335481061,28,98,2,0,0.5691346427137781,0.11483833709988069,0
9253085957,39,1.597846566496692,17,87,4,0,0.8992761576767568,0.2698889801232506,0
9634930637,124,8.504958389195014,36,184,1,0,1.2024760763710944,0.10830429516085781,0
9112019231,17,9.933167517283561,60,134,5,0,1.4814760286645592,0.3511124465656777,1
9305008482,284,3.98030775473232,46,191,2,1,0.9576067868311184,0.5188824546962797,1
9911297673,45,4.809863546187426,19,169,1,1,1.1097192173437038,0.36969794352699537,1
9604189314,53,7.2608381813639475,69,33,0,0,1.2848830802034064,0.21993924478137472,0
9718411775,164,9.402953560094776,48,162,1,1,1.1517938402035894,0.4201131514366267,1
9473736122,86,8.993890848785659,14,122,0,1,1.4192648267701924,0.3358184223603285,0
9475725131,87,1.0471223731235615,17,26,3,1,0.42159302683842503,0.49847569474312825,1
9343889328,110,2.1061821242892678,37,106,3,1,1.3709140855894464,0.6108188381125956,1
9508540958,39,7.668673386299027,21,23,0,1,0.3899480447909317,0.28091968473932355,0
9414491228,48,7.044484526308249,75,71,4,1,0.8911791555345803,0.6244576843484507,1
9297252350,248,1.765576643381171,59,90,3,1,0.8320550716666179,0.6445430222127535,1
9476450884,22,5.269613529014893,65,22,4,0,1.263864388888668,0.4055450309851282,1
9852148157,131,7.917738995310308,25,113,4,1,0.6579661125214985,0.4746263988921896,1
9842018392,153,2.57841648149559,63,197,4,1,0.3004560054397514,0.545163722874823,1
9208393598,181,8.77723253947933,57,117,2,0,1.0895139576839437,0.23143155111498803,0
9111364638,256,1.0032318607934956,2,137,5,0,0.949284798625083,0.32614206017215475,0
9186217428,256,7.930853308146702,29,143,2,0,1.25789554674818,0.20579389257868785,0
9632884217,54,6.350279548003767,18,62,5,1,1.162083063384577,0.587146613030104,1
9194287443,262,3.4943937932163167,9,22,5,0,1.3527552995633143,0.4195145770956686,1
9481964670,216,7.3488592092481575,45,76,4,0,1.274764615733216,0.3616354433770079,1
9156896917,16,7.932475053936017,18,97,0,0,1.0604508299597466,0.028331065614604065,0
9107199107,251,9.372040227387709,57,188,5,0,0.7519902816066985,0.2989576843974846,0
9102806284,119,3.9938593854655045,5,154,3,1,0.12851005741163693,0.3454782275971437,0
9630333228,123,7.017158991809572,50,60,1,1,0.5306310618376057,0.4187698195187979,1
9618269566,285,6.224854630879563,13,198,2,1,1.1185312740014455,0.43377549730961873,1
9530705577,105,5.489457659842341,57,27,2,0,0.18330423833747417,0.18687301668238882,0
9282943345,198,8.95895650447286,7,20,1,1,1.1592325223715754,0.41415042463091467,1
9329842864,297,0.5300894843148031,1,48,4,1,0.8229369696609249,0.6058413625475334,1
9646873619,163,3.1800602579841777,17,76,5,1,1.3149001438245913,0.6633439608298075,2
9643443443,67,5.613633775675886,56,18,1,1,1.0237424837034708,0.5143521594029726,1
9101141452,59,2.1937859855472475,34,141,4,1,1.217818600939758,0.5975461336195373,1
9753043637,216,9.124732070461203,65,79,2,1,0.34010674975730804,0.4636660251253427,1
9166014115,61,6.652153617323646,55,112,1,1,0.3420798302608577,0.36924040289008586,1
9994743008,159,5.039888449003904,42,148,5,0,0.39552757061337607,0.26988464708555826,0
9333377664,62,8.239666711133218,72,145,0,0,0.5666364739484716,0.07515370967355135,0
9534733966,222,4.783418818918486,71,40,3,1,1.3661986591809687,0.7174928132746945,2
9956868812,75,5.807203613335091,7,48,3,1,1.1840304600294072,0.49614721184350774,1
9502767120,241,0.5261344577622495,4,104,3,0,0.6105002103747079,0.2202130784184846,0
9288759959,160,3.9741550368531984,12,85,1,1,1.3858733797479523,0.46978161179418265,1
9833321201,214,1.8185094873342127,6,18,5,1,1.1904962968792367,0.6826041084441645,2
9952563674,264,7.052042466291765,20,97,4,1,1.0184804050867915,0.5604931390149139,1
9272052588,146,5.050756110269471,36,21,5,0,0.7111934510460138,0.3541674741356213,1
9936082966,144,3.3666967938771926,44,197,5,0,1.0123238656014206,0.3399785023456442,0
9278073261,63,4.944407224031552,51,101,2,0,0.9305206857388132,0.22137959560027898,0
9572195399,74,2.4914839355377887,47,130,3,1,1.1946122872857985,0.5859390005811758,1
9991381511,11,9.288323008618335,61,58,1,0,0.4158113442362865,0.0936208185382677,0
9849568314,141,1.0127400092336736,77,130,3,1,1.3398088782021975,0.7064741852734597,2
9253814126,41,8.721461835313143,50,134,5,0,0.9286179592471627,0.2832099464192352,0
9780471226,252,5.357908492966834,3,149,4,0,1.229461982672447,0.2586905360050916,0
9486323212,201,6.379991713318764,55,27,0,0,0.5862238778122283,0.15763696477764222,0
9127639012,151,3.374753398632686,74,133,0,0,0.6486799420246375,0.17761121892603093,0
9196706715,157,9.683627359546053,33,16,5,0,1.4122034025757673,0.38137754666120616,1
9145422040,98,3.1775841059351535,44,145,2,1,0.9707371294151891,0.4989907795919343,1
9969680828,58,6.094340972832891,15,16,0,1,0.5448321095134113,0.31346442813428144,0
9763538959,145,9.937458698517725,8,61,0,1,0.21502061343546028,0.21271963589670925,0
9595010678,200,8.870396765642734,79,90,1,1,0.7080939550155898,0.48860984674749136,1
9144772085,158,5.595133340218007,15,22,1,1,1.2887159515851523,0.47638764744093554,1
9873030609,96,9.908557968188514,30,107,2,0,0.45200452873083696,0.0629378478294383,0
9155500286,17,7.163013686459839,12,87,5,0,1.304401850679544,0.27860539117736055,0
9516228240,232,2.4826539533471887,4,98,2,1,0.32630572171369143,0.3992315058321434,1
9976530973,25,4.353163999140161,46,147,5,1,0.2819054737034799,0.5182573555214024,1
9895308044,115,3.6776866731097346,38,171,1,1,0.9479689161425405,0.42429069652645457,1
9183532383,292,3.7681302285762968,17,82,0,1,1.2264930849104767,0.45707827411300833,1
9640328433,113,7.724336173918729,19,77,5,0,1.1920740931880356,0.3047401904288728,0
9735078364,155,6.05049780909154,1,165,4,0,0.8610521317719807,0.1678036154368725,0
9993876461,44,0.8618807601005212,39,180,0,1,0.9941684260432647,0.3984409753373188,1
9433087837,122,8.835760594684272,29,137,0,1,0.46147900700548294,0.2586316870377801,0
9833186828,62,3.3195633345615634,9,92,4,0,0.8717092749560668,0.2315536863133226,0
9849040810,90,9.972211330674865,63,12,2,0,0.3907821067133962,0.1749773168375092,0
9230840532,113,9.564811938180464,41,151,1,1,1.399701907323175,0.4240698189539488,1
9155376477,251,9.435041808478669,74,184,2,0,1.0492794299717398,0.24212636322819803,0
9978099092,40,8.205712238607749,52,16,2,1,0.890501622277498,0.4960583144766735,1
9295217007,201,2.5958266509936543,52,76,2,0,0.4459992027722355,0.2429699845207444,0
9488314678,242,5.560011068273429,39,140,1,1,0.6725694614904534,0.4202715358929067,1
9729644112,107,2.6308749548372585,15,59,2,0,1.1923034377940753,0.23228924641057533,0
9145444007,43,2.9669168280950178,47,126,2,1,0.435171679736033,0.43883426629785044,1
9594475891,252,6.304041809644636,60,97,3,0,0.28040007707630216,0.24369950753342062,0
9830284174,68,0.8879186808541022,37,166,0,1,0.5302950964005508,0.35136372073115024,1
9789796296,268,9.709856384796723,43,86,3,0,1.212260446597585,0.28616964364081626,0
9142322633,26,9.227395139490662,14,197,1,0,1.336362517000146,0.03356809369946295,0
9201158251,87,4.117291935498338,60,51,5,1,0.6801086646196719,0.6649055365283806,2
9105478878,215,5.396513256065674,6,112,5,1,1.1937607837147268,0.5933264683063125,1
9630002484,175,4.928134483043711,29,39,4,1,0.5651136439885934,0.5570926901487734,1
9315792086,121,8.880897896865964,35,164,5,0,0.8123068111960349,0.23992270924779924,0
9642550399,154,7.0417178250030545,10,183,4,0,0.12825825299838783,0.07895704312643655,0
9249943987,165,3.1420568505313864,69,110,5,1,1.0967942254435852,0.7381606248468535,2
9222280861,187,4.74499191742032,28,138,3,1,1.1061953148692352,0.5316702014419311,1
9319730336,145,4.575176769024256,78,141,3,1,0.2402852168671713,0.5295987714624362,1
9542304312,27,9.613684098697227,5,44,3,0,0.6023272003657838,0.08536505485952733,0
9908220979,164,2.1654536498890766,75,180,0,1,0.7769653470413068,0.4697337311796211,1
9866151304,281,1.350975204297076,50,100,1,1,1.183749025618786,0.5872715139560227,1
9483026869,275,8.865878905536057,79,158,5,0,1.2530491445605294,0.4360586838141642,1
9790113536,25,9.018516900305773,37,86,5,1,1.1068221962520362,0.5715131274132419,1
9297600299,21,8.781521335165564,72,41,5,0,0.40218573257850054,0.3099840318874333,0
9207252450,84,5.3542806984427855,21,184,2,0,0.5988770175195975,0.07326387372103828,0
9116037706,221,6.767572068559875,53,144,3,0,0.44622401925217936,0.2105193508208763,0
9954864993,188,5.851948951829347,39,170,0,1,0.9920594327793943,0.38170707784490854,1
9469397535,138,1.1597543475168086,6,20,4,0,1.0062894104540685,0.32313767708428653,0
9313092110,292,6.160431520556863,39,193,4,0,0.1226368231941813,0.18590790720328607,0
9200420844,204,0.6293343989329584,23,28,4,1,1.1243957812906002,0.6755254809676765,2
9579288269,277,3.5873803907923185,40,149,3,0,0.4213146800357539,0.2288758635814493,0
9808523000,39,9.356779470795088,50,119,4,0,1.2219262368591608,0.27374979477355826,0
9565228728,18,3.388430061540172,38,99,4,1,1.2659404065726472,0.6080516880502357,1
9912346247,174,9.428353105120355,42,8,4,0,1.2157664699131683,0.34565173912813596,0
9233357639,202,2.8762725929178203,68,54,2,1,0.6713582265827777,0.593914382741586,1
9840312730,269,3.4883412843845587,58,112,4,0,0.5876231525835022,0.3508880162307389,1
9845159869,201,6.469871216166259,24,106,0,0,0.7091695185095358,0.06206188762714919,0
9940201483,88,7.735456241498301,24,135,3,1,0.8381313352093704,0.4297169519938115,1
9657278528,188,5.263183796046398,72,12,5,0,0.4498878955711195,0.4169616752493108,1
9575756650,100,8.880099028344477,23,16,2,1,1.40429095086565,0.5003703924304109,1
9320957927,224,0.8822840053008829,61,167,2,1,0.8056909441404803,0.5675788385665803,1
9958311721,88,9.26085096702652,42,70,3,0,0.20247580786054284,0.12813355200561358,0
9710287293,112,2.3649240990063762,58,185,4,1,1.496082927103798,0.6750175287310459,2
9338478194,120,8.900268078304231,53,97,5,0,0.7777456565393411,0.3092762618450702,0
9103305610,256,4.308200205120615,78,165,5,0,1.4257844172723904,0.500662394277906,1
9394054502,243,8.411192030774858,25,118,4,1,0.6463972048820128,0.4946833602165433,1
9638959530,91,6.880822723135103,53,22,1,0,0.4146651236480192,0.14370660882680775,0
9750754910,141,2.1714455085434903,60,108,4,0,1.1316321541726566,0.404338512398197,1
9197802512,244,9.22145191387376,74,190,5,0,0.7054920389210758,0.3305682883707106,0
9342477561,287,2.832415209640367,78,90,0,0,1.3340420646187148,0.3331293985718947,0
9861897692,108,2.8193311276024913,43,97,4,0,0.7502875311561146,0.3092525302075038,0
9557385684,47,8.234699518055116,8,49,3,0,0.5736769248571417,0.10805817009952898,0
9382529620,170,1.5057959279389497,41,147,4,0,1.4533491434867234,0.39641567941647277,1
9465355431,126,2.6093411105193733,28,147,3,1,1.2625244612753803,0.5552908420268131,1
9869420694,250,5.284936947500093,78,49,2,0,0.3878390303154834,0.28878810693452356,0
9861734711,35,8.38953177252293,79,104,1,1,0.7843973133663124,0.45253662966701563,1
9689795717,145,1.901097760004041,57,199,2,1,0.25864322924865435,0.4436406810564566,1
9597725781,59,5.702848227867291,62,66,3,1,0.2508423545322631,0.4959002371427974,1
9384177329,163,7.256785622127926,48,88,1,0,1.2947600964740904,0.2197564507780224,0
9392270693,229,8.675654634801537,10,176,2,1,1.4045561302212073,0.42800554667559315,1
9182272164,149,9.387872821921086,53,24,4,0,1.1343657380362053,0.346452748034625,0
9430105023,58,7.954079187454858,29,171,5,1,1.4849313818539824,0.5779594822396862,1
9877871858,151,6.701869783109018,65,43,5,1,0.16339037686659147,0.6042010744933495,1
9206238773,55,4.619390810471276,64,133,4,0,0.5641131847358721,0.280427559109316,0
9476018631,172,1.5650464647899864,57,112,1,1,0.28497403437356855,0.457532993214015,1
9208422376,294,7.242503328992452,56,71,2,1,1.1948259045559375,0.5933690685988031,1
9240879792,277,9.931004392517126,36,51,0,0,1.346578234802628,0.17178400213277648,0
9824055410,125,7.499225649954949,53,122,0,0,0.7259659550578786,0.08870854014081936,0
9508381578,91,0.6587553905083996,72,58,0,0,1.2608867484223676,0.30066801179125,0
9282606679,53,5.214469791397468,68,152,2,0,1.286670260437762,0.27096012708909517,0
9229295152,203,6.339143008587587,23,141,5,1,0.29556664591451964,0.4947816147400247,1
9453070228,267,7.051904910477009,62,99,2,0,0.6277798837361204,0.2399107271226103,0
9288016065,282,7.337395438206731,50,32,2,0,0.3632395236931436,0.21523999758469647,0
9820987198,283,5.8020301915569785,14,68,3,1,1.0380713452759702,0.5399108658010994,1
9278237543,287,2.6219231609752827,46,39,5,1,0.642263532604845,0.7061418793142115,2
9886859858,92,9.450906284027193,72,44,0,1,1.034884740532372,0.4553086267888917,1
9688817254,67,7.118331442804788,45,129,0,0,1.326226788950076,0.12834390402701829,0
9166556571,62,2.74998035025939,29,106,0,0,0.6778532812011476,0.0771259628743584,0
9517867770,10,3.5620574065675923,78,6,5,1,1.4606932620745612,0.8077051692368029,2
9578732560,225,9.258312870988512,19,135,3,1,0.6720597036853435,0.4167974099903792,1
9758777093,237,8.93110927371969,56,18,3,0,0.39922851720944585,0.2529341107804972,0
9866651538,263,4.348891164401851,48,103,2,0,0.8409819640165259,0.2633644750424942,0
9925964727,168,0.8639186089187842,55,72,5,0,0.6586539473037571,0.42122145036942543,1
9390123749,296,0.9607250044924127,55,51,5,1,0.2750021114719216,0.698654886656055,2
9296084763,75,3.197223763724696,24,98,0,1,0.13246872101124055,0.2825295613566526,0
9521375937,104,6.476661083720495,8,186,0,1,1.1416058415934054,0.29200610131989607,0
9613746469,262,6.049849035678338,21,190,5,0,1.4060032814137005,0.3382388720081707,0
9946802038,159,6.521363975967455,76,194,4,0,0.7166643270119827,0.3001433515298284,0
9527897124,32,7.314188233355013,36,55,5,1,0.1915699082903955,0.49725146352792055,1
9679198322,253,0.6808064091310149,27,52,4,1,1.136900353046114,0.6864750321226282,2
9127188467,224,1.4983131541382073,13,159,4,0,1.313900752691227,0.3251716658066221,0
9531271637,140,3.91509279235852,29,81,3,1,0.5531143206204906,0.49347593829949,1
9217959897,157,1.9711699764550266,38,187,2,0,0.4108213820763995,0.14751119279837427,0
9799783344,118,1.2155404041732645,56,129,1,0,0.5718792388968611,0.1910056904842108,0
9235789866,49,6.589161761974653,4,117,0,0,1.3716413516540187,0.04909368772145306,0
9485560227,130,8.24569653616544,11,181,4,0,0.6851455796669607,0.12818577779271667,0
9983127564,129,7.649953245625683,34,156,0,1,1.01582110221152,0.3429990933178742,0
9144171571,27,8.261877896787203,40,14,0,0,0.20409713613911423,0.015549121575247257,0
9864993081,178,6.825637168549833,62,139,0,1,0.4941544718739209,0.37485755726893916,1
9284775632,207,7.4857805572349205,41,120,5,1,0.4192362282687653,0.5479289807054328,1
9985820520,152,3.0818983549788626,64,21,2,0,0.1876739377833748,0.247571425607592,0
9516122083,46,9.933576344699562,64,26,0,1,0.26885737563328105,0.3363266356062657,0
9626947574,195,2.2400737176919274,42,63,2,1,0.6832460774083629,0.5381086446767005,1
9897338299,270,2.537691806699134,59,48,1,1,0.881206788962127,0.5800425129950656,1
9291043666,240,3.244757402250545,19,15,1,1,0.5366863813695185,0.4487152769373357,1
9365770169,263,9.765658086012499,62,46,3,1,0.6873023448683068,0.5639217176853802,1
9220813819,19,9.888741598862108,23,27,0,0,1.1632896160731796,0.0642465214091029,0
9486426210,239,8.051490622211727,74,122,4,1,0.4460615614560792,0.5821428332415222,1
9710981613,33,6.476047186316521,71,192,3,0,0.14777133855708252,0.1445699943910516,0
9439042151,87,5.440594464253827,34,66,5,1,0.45978434489918085,0.5565869878168558,1
9371283895,202,9.720898034025033,40,115,3,0,1.3899618437778187,0.2685113115117045,0
9928061690,118,7.1084166271533515,15,58,1,1,0.12523532640213927,0.2899439063090832,0
9527496219,289,9.474936219097287,79,86,4,1,0.2805155093630801,0.5877792931610689,1
9147453056,272,3.507232595037427,5,123,0,1,0.19111285456155605,0.28313008474027096,0
9482207913,277,3.6708605265608734,19,113,0,0,0.6276977368327529,0.09139006876786651,0
9501092817,268,8.619883644125139,55,116,1,0,1.0068470241486724,0.1985997058350057,0
9463233063,94,1.9236217455602964,74,17,5,1,1.3744818284557874,0.8249210251346377,2
9276106080,19,9.48631468231272,7,72,2,0,1.2116933570926822,0.10438409333003587,0
9896649918,298,5.3210063693023715,5,111,1,0,0.4509882783267254,0.06948318363424524,0
9897717447,68,9.300931846545128,7,31,4,1,0.9887759200223654,0.48142526157747567,1
9911733463,271,3.6995314928952245,61,119,2,0,1.0293824731099377,0.31714818552511653,0
9626171855,294,7.301609589324271,13,172,4,1,0.22671746090336178,0.4172367802365123,1
9971078257,128,5.087313658740552,2,78,0,0,0.6979879436525673,0.02234412266675479,0
9867212419,177,6.454634487331994,1,96,2,0,0.5357499120594172,0.07628437559914614,0
9952512677,198,5.291538684821946,21,89,4,0,0.31995950637838944,0.20644667654754342,0
9365465323,260,9.687598365027933,69,120,0,0,0.18214031134297934,0.07018899031415568,0
9808174746,238,7.075001279232214,70,79,4,1,0.13799008230804183,0.5691254611928452,1
9496685448,199,2.8875302019499967,5,88,2,0,1.3022201090366465,0.2299327173276642,0
9799181967,133,9.141930758098303,49,87,0,0,0.5628994340679898,0.06006142965764582,0
9508936011,93,3.2932825124734912,43,142,4,1,0.7903038530061357,0.5618670722110546,1
9198569502,224,4.0302484433581345,7,19,3,1,0.5082852301773173,0.4906145796343138,1
9746273495,246,1.470175131192027,23,49,2,1,0.3321982083821674,0.48307168343155577,1
9492668534,122,9.049681938063813,26,185,2,1,0.46582047044450137,0.3138356065299078,0
9953748460,226,3.2180642206646985,52,86,2,0,0.3379805336050057,0.22420756005129103,0
9944882456,255,2.959717370348132,50,11,5,0,1.16102855813054,0.4988068185314872,1
9801079038,46,9.242494680952062,27,162,0,0,1.3705191978070412,0.04556903423208686,0
9106519585,73,8.152505192847816,58,82,2,1,0.7083022951683394,0.46413287977269363,1
9913438530,228,1.8402497544340568,68,34,4,1,1.2520940546542965,0.7809682895053067,2
9121588887,43,7.8085827870849664,72,122,3,0,0.6961016738842811,0.23429587408776087,0
9358112117,48,9.173814431511012,24,159,4,1,0.725494520208613,0.42027356924690146,1
9795413737,76,1.2458565730020672,43,53,4,1,0.7791619425215711,0.6250658208932305,1
9764716360,218,8.339542451593445,46,189,2,0,1.2483308504103163,0.20485852596344997,0
9105055769,161,5.700490492794032,12,196,3,0,1.4108545917136133,0.20482999842543856,0
9733578387,208,6.857375769098606,52,105,3,1,1.1422203563041937,0.5867446001939867,1
9116613311,98,5.1821162195969,52,195,3,1,1.3438206268473007,0.5567064139198465,1
9198958695,257,7.129129306600147,36,180,3,0,0.9998159393780207,0.22596169437949404,0
9434539785,88,0.8239296858341556,62,173,1,0,1.2749603173479676,0.2635747485184129,0
9861035986,294,7.745713870621195,65,85,3,1,0.8795531458897047,0.6067478110593103,1
9762970178,41,0.8167651296601048,39,34,2,0,1.1817881338968907,0.301696727845039,0
9290124183,96,4.8253485535997624,77,7,5,0,1.0873521333188385,0.4879280733550635,1
9389514500,48,1.9341674347378013,60,41,3,1,1.1489668532472657,0.6539660131728184,2
9593049026,110,8.323955634837418,5,34,4,1,0.428127316255833,0.4310711436659843,1
9130271417,253,3.4797786371688515,24,58,1,1,0.315251410631525,0.4125394922964234,1
9922627610,241,4.813888673741158,45,117,4,0,1.0142413326811226,0.3469589625035075,0
9338823887,77,4.57313204233396,30,90,2,1,0.776042148675622,0.4492808066664005,1
9246914416,201,7.838768674004712,79,104,2,1,1.1705240867505606,0.5937476663220107,1
9129540622,37,5.070871418061767,62,89,5,1,0.3051060636252494,0.5806289372849553,1
9593760616,279,7.995104182598288,67,139,5,1,1.4267696659259979,0.7309211097199403,2
9802328500,235,1.1983286296254148,38,12,3,1,1.0856519651183205,0.6700649589253602,2
9792337945,86,2.320142695078453,79,90,5,0,0.13218467014381113,0.36370378140964926,1
9754579873,232,5.739575371640426,35,67,2,1,0.9071473925458787,0.515099449312487,1
9555835606,176,9.497339085150603,6,195,1,1,0.5376679702550096,0.23748542074212728,0
9678046302,293,1.210199543856913,65,196,5,0,0.48454653418752003,0.3900065229095526,1
9558568113,201,0.9093000534902109,54,162,4,1,1.3630305455547205,0.7027520648246839,2
9725187667,98,1.987231411814629,71,97,2,0,1.2703280578143228,0.35397592332927647,1
9132059531,41,6.590954724171487,41,142,5,0,0.11337504539322184,0.1866968820904621,0
9783652566,146,4.290432708367348,26,53,5,1,0.35433997433833053,0.5619689377535249,1
9293584259,165,8.34274760446802,1,125,2,1,1.1073445730032103,0.38451837750676904,1
9374354262,259,1.1833649390729752,69,43,1,0,1.287466880232789,0.38711231302572563,1
9309839791,104,2.36593382473966,3,38,0,1,1.1046452855875841,0.39964956170696747,1
9920578486,26,3.350250851916509,20,106,0,1,0.835425711158618,0.3389814084493694,0
9559807087,126,6.4539358235434605,0,14,1,1,1.4784080352131546,0.450561734343057,1
9192913792,19,7.009140557864699,37,13,2,1,1.2161914882904328,0.5116499585671423,1
9916293109,89,1.6799312926558514,59,192,1,1,0.7550996427413115,0.45493611495042063,1
9918663000,143,9.466144735421526,75,100,1,0,0.9168670805373119,0.1973136461727525,0
9892990365,212,3.739919284306987,13,137,0,0,0.16274661471111135,0.0,0
9916992130,125,7.275103248502689,78,167,3,0,1.4506294762727423,0.3441076315040301,0
9495599225,229,5.479973330003139,16,143,5,0,0.6078342496414437,0.25274709666360223,0
9545804692,262,2.616202078697513,72,46,2,0,1.0261266389331796,0.388607438394278,1
9872912088,178,8.539169069596404,46,84,4,0,1.0337303158442288,0.30654427573281734,0
9585913427,214,8.273261267823333,55,95,1,1,0.17971884581651448,0.3796037929507685,1
9447674032,257,4.262682612208556,52,152,0,1,0.4721940239861321,0.39504442486516644,1
9411362163,80,6.091772064091626,17,183,3,0,1.018668873707616,0.1492223334091477,0
9614928341,165,2.9493441113914276,68,5,2,0,1.3770205229270638,0.4123503334145505,1
9844502740,111,7.053590473089864,47,15,1,1,1.1900862486326886,0.5100172641588443,1
9235097824,22,3.4357547198940983,8,65,0,1,0.9121937930877242,0.33960086519846444,0
9602182771,280,8.518747976631232,53,83,1,1,0.42547845742802626,0.4252491058384551,1
9262973989,229,2.565158490634106,34,171,4,0,1.4283795627209286,0.3686903123055688,1
9882341884,24,0.6406325167754093,45,108,2,0,0.6651357344729661,0.21377869793545107,0
9958562553,247,3.050826398695225,0,52,5,1,0.3098670140677686,0.5404407915704562,1
9314499577,126,2.3149986213651235,40,86,2,0,0.13029441118296042,0.15645534588557372,0
9688794733,65,5.328721177386781,72,32,2,0,1.430211339291539,0.3590140399196766,1
9512668851,141,2.435181270737475,31,93,2,1,1.1890815429338215,0.5423176099032089,1
9889603629,235,7.7503037718352,76,79,0,1,0.4029380471084758,0.42951558705766135,1
9667958552,231,2.7930210610380373,39,84,4,1,0.29848780066083924,0.5656522833468444,1
9806116372,182,7.216197709170229,10,40,1,0,1.4432690314752052,0.18163124460031516,0
9459080919,294,5.9954737686303785,61,91,0,1,0.43710807330778645,0.4306572835733699,1
9600720504,166,9.869373636482901,45,74,3,0,0.7467117368486893,0.21168959145071461,0
9701811833,160,9.9990592815877,47,111,2,1,0.9551949394096018,0.45555134801676644,1
9300556420,194,8.760497791514634,42,194,2,1,0.18733257624210076,0.33458726898420976,0
9551536965,187,7.719842008338135,50,110,1,1,0.5822065436803175,0.4085933478082471,1
9754609008,30,4.171335933005451,60,74,2,1,1.421096242996983,0.5944755179635727,1
9294343786,121,7.656128907747384,41,14,2,0,1.0804867170353079,0.24330152581793502,0
9503545199,180,9.588417602255161,25,9,1,1,0.614899327285937,0.3824769080472506,1
9165184214,147,0.7220869662567195,10,32,4,1,1.2084222796598478,0.6380456299641012,1
9781445315,242,5.610189651878518,24,63,0,1,1.2720615382594218,0.4523584421019218,1
9449683802,39,2.570983891690129,39,141,4,0,0.3124910919224887,0.21029712433041714,0
9879772433,170,5.79982500075408,24,171,1,1,0.9212322013672222,0.37878329748835093,1
9554636180,87,4.931247352709466,74,96,5,0,0.6134564407198939,0.3761398046538737,1
9404861147,287,5.969801524746702,73,66,5,1,0.8096083031062937,0.7332987114091282,2
9628364258,30,5.73414110347788,51,93,5,0,0.7566881630583294,0.318242886325265,0
9386067413,152,9.62101687210134,2,111,2,0,0.8053536378750848,0.05872356741312745,0
9199398503,45,5.745768034879993,38,42,2,0,0.8307272522840434,0.19523805385552528,0
9774440854,223,8.539204837186238,34,156,4,0,0.19695898562869368,0.15513128689587508,0
9957661631,41,3.538292724608042,39,196,3,0,0.34877208378531144,0.1320764706922742,0
9737315010,195,4.661956543514965,21,125,0,0,0.8926766014272083,0.08792771364908541,0
9790875943,183,4.968928022425694,61,175,2,1,1.4104488101858788,0.576176720953197,1
9742178289,63,3.1479164116861074,18,114,1,0,1.1451221695790967,0.14393966340925832,0
9360188297,170,4.108007484040575,13,148,4,0,0.43410042888975053,0.17937929499161648,0
9429830744,259,6.185874254934364,49,70,0,1,0.6064053128769978,0.42285481315269413,1
9927464883,260,6.011783751393057,61,70,5,0,0.5695321475379644,0.3877857860211724,1
9146433264,288,6.546135773448064,42,50,3,0,1.1773233453175649,0.341025172156731,0
9455339975,180,3.84227019649134,54,153,5,1,1.4610755675424063,0.7222218257471927,2
9428784374,192,3.5003992039540424,39,64,5,1,0.5975681036279655,0.6366533819879073,1
9116912586,11,6.310369886164549,11,142,2,1,0.12066497426846784,0.2634386916115749,0
9318960444,203,1.7621866100614871,64,150,4,1,1.4116354327884262,0.7273833459472068,2
9228798911,175,2.9037996635553296,33,94,2,0,1.1545194127361673,0.26561340023234287,0
9548628740,256,0.9002135010534544,22,173,4,0,1.268097968582276,0.34863586088389836,0
9524073081,253,1.1898030996627613,70,168,3,0,0.39215305891676777,0.3057473965407256,0
9430099948,119,2.8121411529757845,6,117,1,1,1.003920173577398,0.39745806032691167,1
9424961972,80,0.6855281628207308,64,89,1,1,0.42579217685033455,0.48770205660152477,1
9579066660,173,2.8314006248308843,17,70,0,1,0.1162642230557355,0.30935823260205103,0
9609851703,294,6.722275069089247,7,50,2,1,0.319893011037108,0.39486986049538203,1
9495858362,122,1.080517245454864,41,122,2,0,1.3919298649028768,0.3058487101762202,0
9465409125,237,4.648998439049089,0,155,2,1,0.40144767716945307,0.3460857399917453,0
9388768584,25,9.17453347573572,78,171,1,1,0.9191990095033521,0.4208761460982403,1
9725767994,40,8.017205874791308,14,99,0,0,1.4552185142931375,0.07108641788434746,0
9507366383,171,3.4016562718011434,27,8,1,1,0.20596085363529,0.4102454271746211,1
9243881729,202,9.285652052320646,35,173,5,1,1.2311120014518189,0.5824222822130373,1
9957727335,219,3.631641719103386,45,7,4,0,0.9365796888725236,0.40095986203546224,1
9239343547,241,1.1888972152068438,76,185,2,1,0.5527597392711454,0.562831068796722,1
9602270770,193,9.943531589297079,20,124,4,1,0.6099563747205445,0.4443390525615672,1
9781687069,24,8.765214008297132,48,78,5,0,0.1380558483756174,0.20678413370550852,0
9587331594,218,4.926361441360378,38,110,3,1,0.4581693318738186,0.49649731586186713,1
9238692571,181,6.830576979827837,37,100,4,1,0.6927607632730011,0.5386810345014927,1
9543519819,275,6.876666739638367,8,40,4,0,1.103678997334574,0.2972548121378219,0
9628748454,29,2.347581191939373,19,181,4,0,0.4846898182324063,0.16597513721794954,0
9840984409,79,2.4004620149595066,7,31,1,1,0.9124341252962979,0.42600321752270837,1
9269618124,17,4.961016681842345,13,57,4,0,1.124362945618207,0.25667468662541004,0
9391947386,43,9.159944831308131,61,53,5,0,1.0779432409819787,0.36165051760880645,1
9299104446,233,0.5949408611564224,34,106,2,1,0.9264081196574029,0.5576630173583446,1
9363091135,188,7.933803541518913,54,5,0,1,0.9122678997038791,0.463399838799572,1
9908809916,255,1.0465044452892143,44,178,3,1,1.1096952677441962,0.610605378785833,1
9395237045,269,5.04311009138962,20,66,2,1,0.5697164668783883,0.45958198826206453,1
9845382619,117,6.559791914198026,52,103,0,0,0.7303008634580579,0.1056186006445906,0
9287134557,251,7.024213037283416,53,70,2,0,1.4526336038328498,0.3292088093458743,0
9141535944,33,1.055553004351158,42,154,4,1,1.0360425949592253,0.5939584753428933,1
9236487526,225,4.476734365147698,5,171,3,0,0.8278490756512739,0.1633710766963805,0
9237657017,64,6.046453974772084,54,48,2,1,0.9096369158707939,0.5191656488738969,1
9878393556,35,1.127432604407066,43,6,3,1,0.2462003005601017,0.5310981781476608,1
9518840046,290,1.7833982876554428,67,63,1,0,0.9287842581046583,0.330636664854027,0
9719803297,195,6.804665400288366,3,160,1,1,1.2710985559590522,0.373625841911626,1
9316249590,21,5.455562867611191,62,199,4,1,0.8330619647239637,0.5361006813555413,1
9596933406,138,2.03737228204876,57,18,4,0,0.34765685691210746,0.3493203554448678,0
9326625075,217,5.584773700689968,53,20,1,1,0.7274938774119685,0.5113986475478233,1
9217037912,142,9.17057754772195,37,55,2,1,0.489233277419697,0.410277729384367,1
9924682059,205,0.6480820553659573,59,104,0,0,0.6036371708885081,0.20007614250889622,0
9201303168,271,6.605020848115618,51,32,0,1,0.41501259898449105,0.4215579283674182,1
9993048246,291,1.1996791287507484,28,57,1,1,0.5674758281225336,0.489800949829695,1
9589498734,112,0.561269708164658,39,56,0,1,1.2503776469548336,0.5129267478032707,1
9419703424,129,1.931217642276021,70,120,2,1,1.1607886303652217,0.6160200239365143,1
9112275520,192,4.517613002612233,7,157,0,1,0.786754761616101,0.3086492153625853,0
9692212728,18,8.122267990328552,34,189,5,1,1.1955025696085553,0.532793092469084,1
9433425854,54,3.176962217743307,15,13,0,0,1.4657912575687633,0.17942140429533188,0
9910728937,253,6.443895517693207,17,15,5,1,0.6686023092040053,0.6011221975588289,1
9569047989,279,4.405988060575414,58,111,1,1,1.4719820673851256,0.5971659913593101,1
9734553769,121,2.7261520236770753,33,49,3,1,0.4442686093825817,0.5146150755084515,1
9415904404,64,5.385347585687157,3,89,3,0,1.4363529454146482,0.2190548490881786,0
9403637712,24,8.07591265853992,68,6,2,0,1.310207303829826,0.3047139245571001,0
9428306709,46,8.40867751553337,77,186,3,1,0.37878334324986807,0.44906653767025045,1
9726567778,187,8.541935552833749,64,166,4,1,0.5897809042156898,0.5351371485385445,1
9533014764,136,3.7162992192723046,60,174,1,1,1.091089519565333,0.4946018183832391,1
9288675279,126,8.037832614799655,45,73,5,0,0.36826951648579687,0.2660883506006998,0
9583440647,81,2.515695323534625,20,143,5,0,0.9269891468580208,0.29615035374054705,0
9779910077,120,7.515038461807391,76,33,3,0,0.8487299806064594,0.33016713613108645,0
9339292078,158,9.509652049589858,37,115,0,0,0.50862371475455,0.014802354508801047,0
9322418704,194,0.6305664295640934,72,96,3,1,0.5207468156139808,0.6326561540522418,1
9435778320,114,4.683457346198582,59,9,1,1,0.8228315788399069,0.5251883013064059,1
9346147061,156,6.653824389933043,35,24,0,1,0.5197891622881063,0.37087880679537627,1
9997903193,230,7.166869819631754,5,105,0,0,0.3523565737925629,0.0,0
9770168716,15,2.172833703557421,38,43,5,0,1.1827021757142149,0.4038502566430167,1
9463733648,269,9.735741114766633,28,164,1,0,0.9144662360403444,0.08964038828097505,0
9463315365,51,6.345020995724243,26,161,2,1,0.7126904567661192,0.36898260286324347,1
9565293807,268,2.0612357116685436,68,198,2,0,0.35374661869103385,0.2311814323695682,0
9799617708,280,0.6949638612688953,8,131,1,1,0.9321116688730833,0.45468050059621,1
9490449925,56,7.9410098885028715,23,5,5,0,0.9800492256286562,0.3064971217467376,0
9382128546,94,1.2571950247318613,62,123,1,0,0.7716578696217248,0.2245792707244913,0
9884571917,183,1.8399837501672471,18,133,1,1,0.6218351777674689,0.3993404163300893,1
9662603246,67,5.960885255129061,29,8,0,0,1.3141454249280768,0.16528349459648717,0
9699572551,208,6.233302282771388,57,147,0,1,1.0867337301327697,0.4458250868893424,1
9350850748,218,7.025427626627786,39,179,1,0,0.598640006242121,0.08791500256285444,0
9428446606,257,4.2383831203043965,67,162,5,0,0.930326628649334,0.41906193132760056,1
9416210997,220,7.852037355184818,31,138,0,1,0.4272235892529168,0.29645904911479887,0
9151039740,48,9.756406696350941,64,106,4,0,0.11605795232735479,0.1766500739230713,0
9678150170,261,3.0754019592588886,33,133,1,0,1.3163862260813022,0.24241152361864954,0
9235315724,140,7.178771857110486,30,66,0,1,1.2464446388891672,0.41526142771470753,1
9998180848,259,9.32045219775399,58,196,2,0,0.9951644742735956,0.19714097720645027,0
9210627230,61,7.019724244861906,77,137,1,1,1.2358390852983814,0.5090806659641296,1
9328861172,23,6.970540237120465,25,58,1,1,1.1931516524069872,0.41691504877672625,1
9977233143,165,2.6258394063094626,21,53,1,1,1.30435872229784,0.5137629738000273,1
9884067234,39,5.583736903037083,33,11,3,0,1.3486096353099526,0.3059783134007493,0
9171967803,99,5.843967014243511,12,104,1,1,1.2463245414692,0.4048313408053819,1
9609571077,176,7.151230843331552,54,7,2,0,1.29244819590876,0.32221234672240595,0
9869654468,78,9.969803774013736,7,80,0,1,0.8023741137795856,0.2531972483653854,0
9889197781,172,0.8196163141657398,61,127,1,1,1.091210410986628,0.5647265202150731,1
9428858169,251,1.1197102820411249,21,193,5,0,0.5665453041144409,0.29223224644257273,0
9889700400,61,1.2405256595937282,55,83,4,1,1.3055846244619924,0.6963005136869811,2
9833413782,151,7.55830177764509,20,173,5,1,1.3020268907185188,0.5643102722211479,1
9235601368,72,1.7953610535521964,48,153,5,1,0.1925994706163009,0.5522676038313299,1
9536721569,100,6.41329280765828,5,36,0,0,0.5858277862813276,0.013256487328526623,0
9240269593,161,3.584354339987855,34,16,2,1,0.3400227243536501,0.47722380817591714,1
9903626798,166,4.844539584001755,26,108,3,0,0.2901199100387507,0.15744658086329572,0
9365438169,159,2.5488000182654322,39,115,2,0,0.6808498833460098,0.21176638578233598,0
9777522963,280,8.72801233239315,13,11,5,0,0.9759259560392098,0.330791633402654,0
9792429509,78,6.068428079548751,73,183,3,0,0.5812161091376855,0.22247479614193721,0
9762112826,125,9.4733510040314,51,177,0,0,0.5329009569699877,0.009851236121355036,0
9771774143,201,5.958664372191131,78,99,3,1,0.23224062894758526,0.5479649030074166,1
9612127729,13,1.6771262906709934,39,69,0,1,0.6360877048695127,0.39292167576295634,1
9452658819,84,2.123269121465517,42,192,2,1,0.7593687895869394,0.45454502529284657,1
9367098896,250,9.89620277549455,57,49,5,0,0.6581883880776264,0.3506448399300472,1
9864941560,39,7.392869374643244,2,38,2,1,1.0521180514158925,0.4014397336741882,1
9507430605,152,0.9681481252763517,14,143,3,1,0.5034213825871356,0.46132612174047327,1
9393992460,192,7.185919547829315,44,165,4,1,1.1024597106834673,0.5697641307080643,1
9820124287,25,4.415643944691311,10,12,5,0,1.3358770277550036,0.3504841826609713,1
9599755894,120,3.41847967482031,38,49,5,1,0.92773641856444,0.6633066141298891,2
9152829582,210,1.9635775404400757,18,108,2,1,0.6441487201613141,0.4642349159340768,1
9584454418,116,8.479087568287373,78,82,3,0,0.3515700379862645,0.23787268707223655,0
9201241406,171,1.1064931003964567,19,166,1,1,1.4053932180394773,0.4847192689599798,1
9909524714,292,3.253436892606583,70,49,0,1,1.152597860610284,0.5901371672286219,1
9289151982,278,3.4106374913441915,55,127,1,0,0.44501756070217724,0.1908577907214643,0
9794830059,164,2.0286001976532533,77,197,1,0,0.31088869990131296,0.1754467749496519,0
9930368162,82,5.327756391225268,3,184,1,0,0.16903429805784126,0.0,0
9429866576,206,0.6111749547034799,8,142,3,0,0.36677416851290856,0.17061213409844062,0
9736668322,252,3.3592673963988866,24,47,2,1,1.12532530824205,0.5604278282322595,1
9549537938,95,9.369479718314109,46,85,5,0,0.981347028476488,0.3116612201307426,0
9317597539,296,3.450030908749054,48,15,1,1,1.454411311394953,0.6365623197957392,1
9878905250,268,3.9243641775141405,26,168,3,0,0.5507593405082085,0.19696541739748197,0
9758022303,295,4.99506795822368,27,150,2,0,1.201240269136596,0.23662468346437404,0
9916830585,158,5.83608706108901,61,195,0,0,0.2686425363279059,0.04408739295961389,0
9459248303,199,8.182732125797068,15,9,2,1,0.8876157768289678,0.45863777437657804,1
9300943659,226,2.3080516199821677,45,35,2,1,0.7535070809634042,0.5747408969424893,1
9377759847,95,8.781590583329294,74,20,1,1,1.273479229387474,0.5532717538598788,1
9399153303,225,7.696718892866949,45,198,3,1,1.08224452447527,0.511758716222629,1
9580310588,127,7.365178179284775,39,13,5,0,0.372041532309375,0.2913795123923743,0
9908212860,96,1.3246434502890347,33,6,4,0,1.4774382498781604,0.4342468685819109,1
9630247824,49,0.7055865547585545,9,41,0,0,1.2524006848281322,0.15463771018893988,0
9741068358,170,6.143120658626798,0,88,3,1,0.5964825442596239,0.4111937907409666,1
9122919530,200,8.699772643970032,65,191,5,1,1.2564423566981981,0.6504591444094767,2
9554726720,34,6.052193909336041,16,62,1,0,1.4396748994627453,0.1582013276901636,0
9933718626,161,2.525731221732543,46,87,3,0,1.3463947152762543,0.3661919245056933,1
9550532127,104,1.3599390305175256,23,110,5,1,0.8786939898576885,0.6136073437500456,1
9100122019,55,7.146166301768482,49,140,4,1,0.908006959084298,0.5341235061355608,1
9800820620,147,7.3568176345191905,28,56,0,0,0.2492382911280052,0.015826783321130335,0
9235983045,297,2.1390511565275325,77,79,2,0,0.3305891379084227,0.3149520826706803,0
9855153721,173,0.7678079972170946,71,81,5,0,1.4756520940031645,0.5532478886471079,1
9262276479,25,4.378693375620371,12,73,0,1,1.1777062396024782,0.36594709491151967,1
9779291277,27,6.035827670263711,63,129,4,1,0.1357098037865279,0.4843052444112188,1
9220686500,145,7.207022890888316,27,184,0,0,0.8665599175940998,0.02491958208729883,0
9401112175,256,8.194477586952576,4,38,5,0,0.58341560883125,0.2499428086829858,0
9723884014,257,6.300105559413957,73,180,0,0,0.536118128416772,0.13151624203037848,0
9263231741,207,1.5533657816856077,8,101,1,1,0.8792453116933142,0.43356904802297047,1
9880734275,10,6.984525885352941,13,156,2,1,0.5482111387217224,0.3038876926890381,0
9341926951,199,9.84967810750138,9,17,4,0,0.452176363008015,0.1768816929376119,0
9773505466,54,9.103053553675338,32,54,1,0,1.4129422695556428,0.16371642970257314,0
9225220559,41,8.78085463806037,74,95,0,0,0.15580008708492715,0.043259088126800155,0
9432010203,127,3.370616456904238,39,197,0,1,0.7106394044164813,0.34794599771379353,0
9775379087,193,7.632487676313006,5,8,3,1,0.8156605482814254,0.4770060803446816,1
9280024509,200,8.585482736668883,16,68,1,1,0.7159325035829077,0.36221944092325575,1
9771233411,244,6.944098943997,35,78,4,1,1.020151733290612,0.5999056873335762,1
9826634924,247,2.8803366873958147,69,171,4,0,0.13594642648510952,0.2933661975961301,0
9822429211,225,9.561422732812105,60,195,4,0,1.3389978183486069,0.3194426654080875,0
9178495583,83,4.782784408857421,73,190,5,1,0.8002971320938718,0.6300255762783089,1
9655469036,120,1.7331528073258542,48,20,5,1,0.8751442324947678,0.714219474211462,2
9344987166,112,1.542890003045224,68,88,5,1,0.7478795191495415,0.710097528928069,2
9511153154,83,6.651430379340935,70,194,4,0,0.7223119300278031,0.2654936003845785,0
9390746503,261,4.658241640959022,23,142,0,1,0.361379167629866,0.3178166004240757,0
9110425111,123,1.3975968142001545,50,113,5,0,0.8061537098775785,0.38876728341490757,1
9153012638,247,7.533463435482899,41,66,0,0,0.6898861277016959,0.11750144076507538,0
9993860040,182,8.093589088956886,18,165,1,0,0.7553672289370023,0.04405433173829097,0
9370798310,88,7.391448492471287,61,174,2,1,0.11936323299389173,0.36734287271627813,1
9471508161,102,2.4214783379981224,74,48,4,1,0.2832508750516701,0.6306323649502229,1
9684896263,59,7.052866831962659,66,178,0,1,1.168439824768336,0.41081171032198177,1
9315669318,294,0.6018666274966584,29,90,1,1,0.6867455758734735,0.4978370695748569,1
9891580151,232,3.3985653269448877,37,85,4,0,1.140069813471184,0.37464226035987014,1
9814770802,90,4.288804548371665,5,126,2,0,0.33955576553014016,0.04953103728315683,0
9656699750,275,8.434846014412265,21,108,4,1,1.0774944273837916,0.5506645124464411,1
9681600233,164,4.208746544159341,10,163,5,0,0.5047563073091312,0.21479913168051695,0
9385987964,242,0.6070597387992838,71,137,3,0,1.0871702796644587,0.4109590500274769,1
9657575480,245,3.8472909123660894,28,124,4,1,0.22149724987107983,0.5027455123694697,1
9253328591,168,5.239778934413228,7,150,3,1,0.5670980580228173,0.40272441974977935,1
9758034658,260,9.515545473391347,79,138,2,0,0.26709898020043266,0.18394866527668913,0
9492448797,291,9.439825886000676,34,110,3,1,0.9815018909141022,0.5156023162776842,1
9110298825,111,2.21830336310341,71,182,2,0,0.6496372965030109,0.23768683522312034,0
9378424805,60,2.25889214652479,71,131,1,1,0.20398769724825366,0.43162181791149296,1
9234406801,61,2.0521238364132297,44,32,3,0,0.8369123372256653,0.30707066109678777,0
9284908657,218,7.994758357933981,32,111,5,1,0.13485579974299533,0.49487892900728514,1
9862090692,140,0.5572093834998605,4,28,4,0,1.2458687312286416,0.35115106847877203,1
9232988788,279,1.7081833828228348,61,32,4,1,1.4136848221817486,0.800793978067936,2
9866470876,214,5.61061650061894,36,190,1,1,1.2340991053710284,0.4478311613037629,1
9736633510,228,2.8518396354242723,16,199,0,1,1.4321081692245659,0.41493090468185656,1
9932810593,266,1.3773863532729897,21,150,5,0,1.3559563842863083,0.4093694632084144,1
9419852714,194,3.918841117171426,77,8,5,1,1.3529025617606951,0.8363055473385596,2
9716734077,154,3.1049722480723254,31,108,2,1,0.4436161805284047,0.44079094135320734,1
9728938924,187,5.355490911885703,13,181,5,0,0.4236363620314815,0.19518713916781594,0
9778840982,23,9.802719141386861,19,132,0,1,1.2331923521088046,0.2932337858897475,0
9456180420,255,1.680894049741725,21,132,0,0,0.7879385415759081,0.12363189639220826,0
9134613597,196,4.040903695923896,29,110,1,0,1.4192375734643656,0.2283343311313038,0
9273072261,268,9.353857669788509,53,164,1,0,1.3561622029618075,0.20320983898462142,0
9929679543,49,8.830293913191314,32,100,3,0,1.3504495486733872,0.2231570855491774,0
9506587001,98,4.245574830450666,4,131,5,0,0.5565676248653166,0.20547455035176337,0
9878684909,134,7.140056012937497,17,97,3,0,0.2860631201078011,0.10613023559101951,0
9562199403,18,1.334641629022783,62,70,3,1,1.0491214415828032,0.6311788734416629,1
9654224643,93,7.269140027664344,45,62,3,0,0.7168075270682908,0.2258372229162228,0
9177859932,30,9.742148430105043,6,15,3,1,1.4075194589504267,0.4779965539127908,1
9808930454,290,5.606137451924821,28,115,4,0,1.2954066700404787,0.3470084843150929,0
9102050053,181,5.235657156826935,56,108,1,1,1.400360651643067,0.5494820589819115,1
9105021983,34,2.279526887168148,46,69,2,0,0.8950127665182086,0.24611387600283394,0
9889288553,112,6.520987889619273,8,132,2,0,0.8367188471532029,0.09202107364961976,0
9504638865,199,6.109154167399692,58,21,2,1,1.2859169892345823,0.6220668553660204,1
9303888505,245,6.69336406501963,70,118,2,1,0.8166460465427485,0.5495104901382277,1
9160539487,46,0.7477912235048573,70,84,2,0,1.3600403797248855,0.36999801755159467,1
9204731080,281,5.712873139316199,42,70,4,0,0.14819971131370485,0.2596628210191836,0
9351119332,161,6.151881013225044,58,122,1,1,0.6023052885564187,0.4348873958014031,1
9751044041,291,2.471536286421621,5,117,5,1,1.2687670943401257,0.6529436158837556,2
9413713875,29,2.479162146141092,52,136,3,0,0.3939308717618849,0.20625509219106636,0
9423029615,146,3.1240726008540234,63,164,3,0,0.6585537533092589,0.27222091252019603,0
9677050999,38,7.261355121408757,3,75,3,1,0.1140596407001109,0.31793422876044164,0
9268660858,40,6.2595276035575305,0,161,1,0,0.5224053575198527,0.0,0
9355144382,28,8.534745138119144,69,65,1,0,0.5460931731077832,0.13733090578217097,0
9194483266,157,3.3087564325094325,30,192,5,1,1.1255641229590272,0.6087292842316367,1
9437103977,292,9.164646568939023,64,62,4,1,1.0482655487236094,0.6626827736862315,2
9127397770,172,7.565208538841905,68,57,4,0,0.7229404047785241,0.34233701277398665,0
9944799071,122,4.252610865130121,18,9,5,0,1.1199044192091898,0.3718905332568747,1
9419312830,159,1.404989623441831,68,118,3,1,0.6996689420128324,0.615500397560238,1
9723437251,264,2.941344793631084,68,65,5,1,0.7084550885968833,0.7406184731080531,2
9511484036,96,9.589298063541078,48,25,1,1,1.0037761482313097,0.4504815610252642,1
9560384671,107,3.448452070898754,30,190,3,1,1.1120363350659594,0.5050962686904635,1
9834839509,141,3.6340591214161124,59,18,4,1,1.2856660461722247,0.7280212160836737,2
9402480887,106,2.3010948454283118,70,100,5,0,1.1519635484298016,0.4663891543331031,1
9338070213,107,8.165080710818271,78,83,3,1,1.0384412000631622,0.6011653088110936,1
9918507042,299,3.118620187301635,54,186,4,1,0.8860684872784964,0.6331381095591333,1
9945061653,236,3.6374533595041285,76,82,0,1,0.5313520639210844,0.49304614068981395,1
9668673472,154,4.436307030100453,75,45,2,0,0.4655173751269732,0.27794306732069796,0
9745156819,165,4.620418657858792,76,20,0,0,1.280551401849836,0.3032211443276748,0
9668019093,279,4.407737508942706,37,55,5,1,1.1042819521063776,0.7097709841454529,2
9243013743,171,5.285565106059922,32,5,3,0,1.0315766255969088,0.30746241379891,0
9612576246,121,8.237872356355831,5,44,3,1,0.4623723636259437,0.39014688202550996,1
9168412170,194,8.283207887049208,12,22,1,1,1.4577166333147664,0.4672608346865148,1
9977904844,214,8.083974770751794,76,38,2,1,0.2138382305880024,0.5057195570882055,1
9229661929,106,1.4606859716066314,76,193,4,0,1.273554410025626,0.41406496421046224,1
9210679554,64,8.096948631110735,19,104,3,0,0.3950922944603503,0.09006435842857989,0
9544652859,126,1.6423918481224795,36,153,4,0,0.6491681459725941,0.2722914753392416,0
9920906059,102,1.684875815496451,44,133,4,1,0.6990312199618964,0.5793652366094701,1
9785072982,213,9.504696330532127,72,159,4,0,1.027781751084078,0.32457745416370387,0
9907649504,291,8.284279524702644,58,183,0,1,0.8653273074233384,0.40102792259436887,1
9877319953,198,5.747899435246082,51,143,4,0,0.3605175771758017,0.24633731603814324,0
9617060720,93,8.81221694253969,17,124,1,1,0.14202308128282473,0.23634616644346268,0
9334043642,189,9.898964104242697,24,106,0,1,1.1040987278867183,0.34510427809549377,0
9909729256,283,6.301099633001887,78,119,0,0,0.8068921551420386,0.2126805296876887,0
9950813768,190,6.322535151324422,0,18,3,1,0.6065001825567836,0.45057626675758766,1
9878176278,190,7.667056777019316,40,96,2,0,0.4983550095087813,0.14846458648348865,0
9382145481,292,2.7053200474706616,17,187,2,1,1.252262043519576,0.5084242713193678,1
9627221842,296,2.087686184428594,0,159,5,1,1.2137437742662556,0.6200303520321407,1
9688923004,115,7.716017125143189,38,154,3,0,1.2564704515601874,0.2293509153521709,0
9829494596,138,3.776595552443972,73,25,2,1,0.40674692722658046,0.5600404846378619,1
9345742638,271,1.783168384906373,30,124,4,1,1.2927438825743827,0.6674979119567162,2
9299537919,20,3.4913383962186226,70,156,1,1,1.4797559824230264,0.544507990469473,1
9817010646,171,3.9070502448084663,37,23,4,1,0.9388137639875864,0.6391230487408088,1
9818090269,190,9.66966276530406,7,28,2,0,0.16603946064777927,0.044305448760751445,0
9212916760,222,7.13061725533527,33,30,2,0,1.0831715165541855,0.250863174922479,0
9788163739,283,5.543135015297472,72,157,1,0,0.8533496315437507,0.2388510022683471,0
9660498657,30,9.704294817484747,26,49,0,1,1.096866230972604,0.3371724099068955,0
9834166252,284,9.079827534504716,40,112,0,0,0.3635295596021687,0.04439895007153699,0
9380976631,269,5.364008137834517,6,161,1,0,0.9481183603705878,0.09813943892378968,0
9822176367,125,9.103956536081316,31,143,0,1,0.8548720812082559,0.30492050464534826,0
9925717230,34,4.340894251595238,72,28,2,1,0.9434870638872283,0.5861943833139912,1
9131280152,263,2.688996320887934,15,28,0,0,1.1188464807918728,0.19187695517770284,0
9302769993,220,2.710442679809809,1,16,2,0,0.8619034827231459,0.21181977243572647,0
9735503309,266,6.791997482200204,42,139,3,1,0.5505346237745259,0.4924935183998741,1
9461325560,177,5.260168046719132,30,172,4,1,0.5326053344689513,0.4854906235756447,1
9917786349,30,6.760033046551744,79,85,0,1,1.0730748445428948,0.47089858478652646,1
9714626617,95,7.017721660490614,46,103,3,1,1.0293927415567203,0.5286478023942525,1
9488887133,24,0.7120672925283174,32,74,5,0,0.6908037869722491,0.3357516469263301,0
9530551414,59,1.0133761273050723,16,83,0,0,0.5949546396995202,0.06946737656961488,0
9336067454,205,5.5604384026168745,53,27,3,1,0.9681789676421169,0.6218728819523182,1
9171264168,297,2.3148370387207304,53,127,1,1,0.5370249963396198,0.49561495509610576,1
9325018904,254,6.509070803642177,50,42,3,0,1.448570412853051,0.3869529332319933,1
9794576461,210,5.745764522121156,51,163,2,0,0.9350657386820345,0.2205087143763902,0
9785583714,202,6.064723404523467,6,33,1,0,0.9287196778194159,0.133536347150715,0
9540017011,155,3.3733261083946013,53,176,1,0,0.29086671352361293,0.11100742565543166,0
9467749167,136,6.578513309640019,10,160,2,1,0.9535071041231216,0.38224535944576105,1
9800161761,184,8.38018004660772,61,80,0,0,0.5128951766822047,0.10730192730923857,0
9429885449,143,9.981676909126254,29,72,1,1,0.7325611773914201,0.3595105517107888,1
9201824010,75,8.465221668636037,56,25,0,1,0.8534791461907772,0.4143348375192609,1
9444245844,288,5.796238216959501,45,13,4,0,0.7691322505905789,0.37029101146735544,1
9464845460,255,2.3375811209595874,79,53,3,1,1.2331505517056889,0.7511770927531676,2
9951483861,246,6.973735823138298,69,102,3,1,0.2392486605149376,0.5268750093841329,1
9334515334,180,9.407710962800794,65,41,2,1,0.3342604260944758,0.4689687195777277,1
9681794294,60,2.512732127456873,54,25,2,1,0.3197860360986675,0.5012215388023578,1
9162344912,162,2.9319583950024826,57,192,5,0,1.243566720638238,0.4094945057365589,1
9228387965,89,1.915581162410686,9,27,3,0,0.26551399602142145,0.17135803890697565,0
9608565055,154,7.498855614450816,3,142,4,0,1.460019404091409,0.2380327277842259,0
9219052545,283,4.362334282524763,73,74,2,1,1.4568314066291097,0.6931884240718627,2
9857906251,164,1.0956085694206488,72,153,4,1,1.4885431826293514,0.7507112124158077,2
9254318968,152,8.812024919157661,61,105,5,0,1.4715648242960016,0.4161268132189616,1
9828544041,43,5.797883094674384,42,33,2,1,0.30862761985918963,0.42492738391367685,1
9859849937,248,3.6453957740033798,41,63,1,0,1.020384294470957,0.24958469938180758,0
9317421877,147,3.767838272580421,23,172,5,0,0.6595664838737193,0.25888391879388123,0
9269186634,263,3.2573865918136145,4,25,0,1,1.1245525832611833,0.442491004222912,1
9830161935,14,4.827061637730098,67,90,3,0,0.6682851161335616,0.2637528076165995,0
9417612272,185,3.701896040637377,76,103,0,1,0.6365340736939411,0.4807946696889578,1
9141604850,223,5.705489888670789,44,67,5,0,1.365531574540814,0.44036457694751485,1
9713729809,32,7.848413896577295,58,50,3,1,0.7923653984731726,0.5269362143911864,1
9563663586,22,6.907382192721548,64,137,5,1,1.1356614679700041,0.6347574565104086,1
9223061236,250,3.2973404811641127,62,19,2,0,1.0098840078149913,0.36628466183049624,1
9457566297,285,5.523039609627903,74,109,0,0,1.0207918577808168,0.2442185476181632,0
9945060751,101,8.481198519166384,66,115,5,1,0.5887646846804748,0.5868107132649938,1
9148544005,117,1.1479592300558918,48,87,5,1,0.4534276778668611,0.6363358105833528,1
9235787448,238,1.2438240363755952,76,84,4,1,1.3396041371386485,0.7942932746867973,2
9260511339,161,5.783615646472658,31,172,5,1,0.13442582014860416,0.47341104399349393,1
9373617386,117,6.571593719703131,49,115,2,0,0.34209582163912966,0.13414237396025802,0
9342377134,298,2.508423649871089,57,111,5,0,0.2859021356979814,0.3764238391519714,1
9272906799,185,7.5795912035694215,51,91,1,1,1.4291419721826035,0.5231252755524127,1
9949185065,295,6.639502081886911,22,8,0,1,0.10703692186683283,0.3373370723080437,0
9479469899,250,9.271248048244722,29,156,0,1,0.11123122000668065,0.23600943648853168,0
9590110651,154,2.1050649176560987,69,46,1,0,0.4174195332735817,0.2421462316476233,0
9734299724,23,7.638055520901101,70,123,3,0,0.4907224285618659,0.20136335850994402,0
9384391299,284,1.2946093605410367,29,30,2,1,0.883754512084411,0.5844985624569702,1
9126875637,80,5.870277890420026,36,110,1,1,1.445720986286339,0.47437651700265376,1
9289831809,204,5.743003825241885,47,198,5,1,0.7510594967686633,0.5823610937093371,1
9365797081,20,4.189657924144036,31,108,4,0,0.5042913104682271,0.2073223954997922,0
9208401466,115,8.523425902851388,69,12,2,0,1.2438004434767025,0.31489160904965435,0
9251904154,267,0.5415211254671162,34,77,1,1,0.6400949708172008,0.5035131429924588,1
9999533082,205,5.4417043180359475,75,198,1,1,0.2984455856467861,0.41892968512784956,1
9383775566,154,2.5629587234342806,67,82,0,1,1.2124108956529507,0.5455504694638094,1
9192307454,229,7.563236881606112,31,152,0,0,0.1033801440312747,0.0,0
9106240327,183,0.909140549907923,58,70,0,1,0.387160785541233,0.4598496076660529,1
9762469894,225,8.399769537724987,34,72,2,1,0.9891863880624807,0.4864051321147979,1
9666786750,102,8.46187615371604,15,103,5,0,0.24344735627312367,0.15712116890818245,0
9635676782,269,8.412227117833277,78,187,3,1,0.4581455556364272,0.5197640745957053,1
9156620918,72,1.9494010039603635,51,82,2,0,0.650626095652347,0.23563231943075721,0
9314183853,38,6.4888619263299265,65,89,0,1,0.6549861251980642,0.39261532524114195,1
9935146302,284,0.6364899122422012,5,83,0,0,1.461924164199148,0.21327635409032467,0
9317209831,294,8.555644617247399,13,43,2,0,1.0457639750579966,0.19697394159999085,0
9500274299,79,7.368264338331895,28,54,5,0,0.15182998613902815,0.2068670929433674,0
9856434955,288,5.5459604435429,25,24,5,1,0.4098903388943975,0.603685315344813,1
9789324172,240,7.440618614417863,17,74,1,1,0.9630034565524669,0.41552299141328175,1
9453748733,264,1.396078918191836,3,160,1,0,1.0987919598234124,0.15625208816050745,0
9801525546,181,5.522230405680135,56,121,0,1,0.6328347504297078,0.40344007185007,1
9339009808,189,3.2671266722562318,52,116,0,0,1.2992003867793447,0.22609852634644656,0
9390144720,273,9.739884900618243,24,175,3,0,1.4207991863197367,0.22491728355094942,0
9140322851,192,8.642620530927067,46,198,5,0,0.9596872364022329,0.28715102199714315,0
9389074132,214,7.46611911042278,51,32,1,1,0.8873455183476534,0.49670469954331176,1
9476201735,258,9.370602534872454,33,123,3,0,1.1511276343236623,0.23923808570037003,0
9874805316,222,3.7950113933720004,15,102,0,1,1.1948613034172997,0.4197932196896121,1
9486187353,168,9.058359040387721,35,77,5,1,0.4016089554201916,0.5245427661657706,1
9509572047,109,3.5897632050137482,27,155,0,0,0.7769977890257928,0.062479242889596776,0
9929999907,121,7.461568837065953,64,112,3,1,0.7264057247740038,0.5298965275947557,1
9959245339,175,7.495960661876266,71,167,3,1,1.4180535033924433,0.6151315591312446,1
9317150069,45,0.674323826313888,52,26,0,1,0.2564723169617956,0.4186847921196488,1
9475613276,121,3.9300671336428543,41,9,4,0,1.420858658975253,0.4193589001399827,1
9643128750,96,0.6846103878807299,78,64,0,1,0.9016323637615178,0.5490805589968133,1
9618352971,192,9.972374167297362,18,173,1,0,0.5032741203439798,0.0,0
9260317028,94,1.660869237377761,43,161,5,0,1.3170808507933829,0.3994359379133395,1
9458736797,278,5.6567035086570385,29,167,5,1,0.17059483899582586,0.5084742719089479,1
9227757974,174,8.010284268245055,73,118,0,0,0.5465162585757215,0.12110853981014591,0
9452179981,99,2.4120042214784783,43,102,2,1,1.1535512598224689,0.5496321005209545,1
9110601417,247,5.10800034690699,26,49,0,0,1.2587684342770067,0.18962287461702357,0
9799204678,31,6.270573228750933,72,117,4,1,0.33449704203883235,0.5326594329663153,1
9320305388,176,2.021945166757681,33,141,1,1,1.418477156804348,0.5206372501487629,1
9618118579,224,7.896276869159616,23,183,0,0,0.1752115222769967,0.0,0
9139028092,67,3.34369634329897,55,18,3,0,0.7069768145428689,0.30932952829222327,0
9925093412,39,2.504719225218983,6,73,1,0,0.23642640817795235,0.029714538278726506,0
9462500290,115,5.803743091155461,67,118,1,0,0.2367768496968064,0.12518497153641792,0
9720933347,176,4.3979794626079105,50,60,4,0,1.3794580729864205,0.4181925485404089,1
9932388526,163,9.242716474045968,7,115,5,1,1.3655510607659525,0.5546701962700293,1
9228593837,16,8.860595632882463,55,95,3,1,0.9613616949747041,0.5015529224690417,1
9326612659,206,5.09183130219439,76,15,2,0,1.4528042133113097,0.4196678633043578,1
9793067538,55,3.9130058598931767,57,162,0,0,0.7874745963931813,0.10945754791513027,0
9409219945,27,3.59242082549702,68,119,2,1,1.195997713183996,0.5691106756761154,1
9995880212,162,3.04185441927432,7,105,5,1,0.2361771255776825,0.49828900203803017,1
9338080063,273,5.6732046102685345,65,171,3,1,0.6538644871168023,0.5559352831307939,1
9299252132,83,8.147296744978163,23,102,1,0,0.8211286938783402,0.06765121565899619,0
9143640858,154,3.4521877779337986,41,119,4,1,1.1894094118432985,0.6311195427526569,1
9790642230,111,2.305893852036774,53,156,4,0,0.5682739559085342,0.28737214848458287,0
9760995059,130,5.017096158741224,15,84,1,0,1.4724708811077534,0.1869080184947024,0
9303645212,185,1.155826959577832,3,62,4,0,1.1287620886971381,0.3226648604620559,0
9741021587,72,7.162150558232215,58,34,2,1,0.8461550713606227,0.5162928018644881,1
9178058309,93,5.4244035298683695,45,156,5,0,0.5630709034266657,0.2705256660527794,0
9514716734,24,5.215560675742115,12,71,1,1,0.9988681192612041,0.3791774462024392,1
9577062307,143,3.3542311057252134,36,33,0,0,1.0422882518011003,0.18745715028076282,0
9777384065,130,9.094397656551498,53,46,0,1,1.0508548274871155,0.42788647408650243,1
9780561557,137,1.3596197725707506,48,123,3,1,0.9206789328150711,0.5891993680002928,1
9639300063,297,8.763328084426798,74,66,5,0,0.660677869103336,0.40682140727927874,1
9871793679,189,4.078699422951265,57,159,5,0,1.2433172154583867,0.41940367277959123,1
9835706257,91,8.865923401762712,18,33,1,0,0.4615834333333101,0.04126559784551133,0
9343440580,22,7.423233854157644,17,198,5,1,0.975541396575082,0.47310282800578485,1
9432243893,33,1.4896219032893638,59,189,2,1,0.7603405081382018,0.4884153981371119,1
9248918115,177,8.39959472183886,16,193,5,1,1.349972812497572,0.5479016008376424,1
9464379165,279,6.980679920145299,10,33,1,1,0.9267768481621486,0.4318450627377143,1
9709501228,79,0.8068681726958102,14,108,1,0,1.2979392856973986,0.1886369628780048,0
9475949074,98,1.7701754800418645,71,61,2,1,1.4346428895901813,0.6742983743236527,2
9946811606,198,6.538466530439104,16,59,4,0,0.27783378371968204,0.1901784556810926,0
9326994209,266,6.794704777362707,4,120,2,1,0.8772694265351908,0.4116692071892038,1
9930798476,226,7.593188611957153,60,176,1,1,1.3375661019705207,0.5006563355596434,1
9707757117,41,7.342331307362328,3,132,1,0,1.3209031780988099,0.06608373901684259,0
9142211548,150,6.765439569364572,55,160,1,0,0.3742730462755983,0.09147749072069694,0
9507238499,170,7.779269566591013,74,169,1,1,0.7739137923093966,0.45085175361136887,1
9684485397,41,5.963314205977542,47,155,3,1,0.412335128216031,0.42910377824752655,1
9474997683,161,2.9775181624823217,47,81,4,0,1.3555447391085227,0.41111848407656815,1
9725733555,269,9.167577830441823,34,73,1,1,0.10452108019056455,0.3382649289908992,0
9365909614,225,0.6730332938537904,32,62,3,1,0.40575996571366446,0.5536147963593943,1
9303096995,288,3.9823363387791573,20,164,5,0,0.6726475735820014,0.2927296727644903,0
9624464968,294,7.424267784423051,4,89,1,0,0.4095912227975189,0.04695973332262566,0
9577330418,107,4.557982390921906,63,73,4,0,1.4630138556824321,0.4306492073241623,1
9792795282,39,0.7359268710601359,68,105,4,1,0.44163723230070495,0.6110653454233629,1
9736106277,99,1.1268185796040253,20,40,2,0,0.6072409128989412,0.19874708659262463,0
9637377907,157,6.662055006813742,73,164,3,0,0.3437003064594779,0.2174160433600391,0
9840382958,153,9.666213694350347,31,191,5,0,1.397337172092466,0.28673589631889174,0
9274034254,76,5.74270454042774,17,132,4,1,0.6757871106765058,0.4606986654627146,1
9426695352,67,5.314199271225807,57,192,0,0,0.4665872578123601,0.04233674634944021,0
9706052499,290,3.524089524034539,78,91,1,1,0.4445664698800311,0.5423922354305227,1
9843425032,288,2.9385614017276,23,78,4,1,0.9198623977104389,0.6206707509045214,1
9295773727,245,0.6993573266847048,4,97,5,0,1.4687034977892888,0.4136854651478316,1
9419332739,137,3.093071242584476,52,159,5,1,1.4638409235685514,0.7125773892505457,2
9553512241,218,4.766549188219898,72,103,3,0,1.474353073533211,0.4203571118986799,1
9731326545,195,2.3805229389650266,54,28,3,1,0.6413004356056925,0.6198897770051028,1
9294539012,178,1.3298058905735775,4,91,3,0,1.3801868525089263,0.2926314182808549,0
9771376275,181,7.318414738918724,68,71,2,1,0.7221467449208956,0.5326032991901495,1
9771672150,269,8.998892556146638,40,168,5,1,0.8147938149506044,0.5675218804536463,1
9250978122,214,9.399334662027313,6,146,1,1,0.8278599882551949,0.30811784931296227,0
9574484388,144,6.370987920721399,0,72,0,0,0.18902868808953804,0.0,0
9452289045,55,1.001358534693177,51,176,3,0,0.3478949619328642,0.2031477596822922,0
9835602617,18,7.5381949846368475,25,180,1,1,1.3405314064777885,0.3654554289616925,1
9250062915,170,1.5459053999879206,62,110,3,0,1.3548990550328126,0.40587035513741576,1
9188665052,298,6.862607118034328,11,123,3,1,0.3827908503598868,0.41830028329344116,1
9448878625,115,7.90397543960482,69,36,5,0,0.5236926922076032,0.35591208445632116,1
9228940620,299,7.395714752851491,18,124,0,0,1.261732585129755,0.120892666514686,0
9935492488,97,9.542896154730741,79,149,1,1,0.3858353379679089,0.38490215336604694,1
9770880361,201,7.512389702440203,3,189,3,0,1.3331544733228786,0.167679860369463,0
9119838558,162,7.08549289082718,4,171,5,0,1.252467470451711,0.25197018176427916,0
9603714371,146,2.986560135739473,53,164,2,1,1.23057031398778,0.5560130493829933,1
9826114793,282,9.285302521141066,69,134,3,1,1.3484442027009842,0.6258396740704255,1
9288197341,158,2.2056667725445855,56,82,5,0,1.3416890064992024,0.4816680128427026,1
9537249182,197,9.096517808994701,77,174,1,1,1.3840910660381078,0.5197160475499699,1
9784716415,150,3.4702941617861485,51,42,4,0,1.3313591068400341,0.4278695628793703,1
9150147490,140,1.736554141837853,17,59,3,0,0.9496912415317136,0.27120763261508474,0
9434178744,13,8.353488759076122,63,187,2,0,0.3208152292714601,0.07797262907032838,0
9130418772,272,0.5237068092078769,9,38,2,0,0.9527968066994703,0.2698344684267753,0
9598652348,35,8.404839017967891,22,50,3,0,1.419096326018243,0.23526682423990788,0
9692284062,33,2.991962499436771,67,175,1,1,1.4547450050449304,0.5347158506121503,1
9269391442,275,8.904852091178402,51,134,3,1,1.1198489898869164,0.5606069870256225,1
9177332767,238,7.069052231295002,46,168,2,0,1.071369692822311,0.21470240302980398,0
9612776001,278,6.828741662080605,69,74,3,0,1.413809055456968,0.4120955200432023,1
9891826618,134,3.970535850066012,25,40,2,1,0.5077881542283811,0.45327148163994696,1
9792307827,181,1.0643282519623243,69,154,4,1,0.3113741331975832,0.6071096236268287,1
9943711625,243,8.385694432952985,42,73,3,1,0.5060010451711453,0.4948917922251016,1
9862298497,284,2.1235860541770157,68,170,0,0,1.4285279405476272,0.2896736535489244,0
9610122177,85,4.036457098000146,62,109,3,1,0.3972306023526361,0.5188968537729811,1
9444820027,223,6.203369512336277,77,58,2,1,0.4146330744203962,0.5470322014490788,1
9810238167,167,5.0814105163259065,65,154,1,0,0.37012873723009154,0.14122185560503342,0
9375873552,213,2.387276034127521,62,116,2,1,0.7787195432770684,0.571099032783718,1
9103053407,158,1.8358553903816972,12,111,4,1,1.2149438195010969,0.5933963269888847,1
9531964303,84,1.6708395863777608,50,163,1,1,0.6345929828400552,0.43350108290427347,1
9722174223,238,8.698574874242409,4,57,0,0,0.24016937561780352,0.0,0
9965557805,71,0.7998157160826694,46,121,0,0,1.13628297279636,0.18868950147590452,0
9201071270,67,9.781635466198995,35,110,4,0,0.9537610436527705,0.21468836631061122,0
9892133876,283,2.386022558661434,35,97,4,1,0.7708099962688251,0.6255815955149885,1
9871474334,117,1.5480618203512422,49,63,4,1,1.4497381745088778,0.7213418390968505,2
9912125290,196,5.981230720379553,55,101,5,1,0.7585941463116505,0.6447731955795101,1
9224288087,238,1.259866600436618,18,90,4,0,1.125540755980073,0.354913158179036,1
9414706048,57,6.223306000054152,19,181,3,0,0.3219003726490257,0.06339837271723327,0
9654800010,277,8.580953125729325,21,31,2,1,0.683150121447652,0.452623243731633,1
9341337206,224,0.955031203940536,30,76,5,1,0.3971739775799559,0.6254338361956415,1
9527549012,299,8.098751743021168,61,126,3,1,0.5873949515687695,0.5392857066053316,1
9226773251,263,4.247535689330127,43,189,1,0,0.7716036140562395,0.15800533874812053,0
9543206982,96,2.015161021396495,67,138,0,1,0.34429542638930455,0.40448351890995865,1
9169580185,190,2.172916562540861,66,178,0,1,1.2242634467377727,0.5110032815247091,1
9201363566,34,9.228263165095148,48,29,1,1,0.6264154705356243,0.3909973651497998,1
9393691697,231,1.5507546434363124,58,102,0,0,1.355222188057226,0.2851176068456314,0
9115393675,58,8.734436477598742,3,141,4,1,1.044519300369809,0.4282457449798589,1
9272395102,184,5.670323899344338,38,68,4,0,0.34724829842509186,0.25019257568554565,0
9700923360,283,0.8710336987561713,6,163,5,0,0.998759918933908,0.33686545255366157,0
9937557215,44,4.912523384314714,70,151,4,1,0.13254668831840352,0.5066886553197653,1
9289268288,226,8.265770387524856,48,117,1,0,1.2303276319498673,0.2022167378503525,0
9753234734,218,7.398926482571454,14,69,2,0,1.4639139721700805,0.2300158922028855,0
9232797620,169,5.14343296800482,6,102,1,1,1.048860472803737,0.3957087277870573,1
9165985129,16,8.670473857114063,46,149,2,0,1.397091448025685,0.18487195414438012,0
9278084550,278,1.6434652369121823,67,38,0,1,0.5127187326827638,0.5276879984123187,1
9112998017,135,9.144440007227503,44,168,5,1,0.6930242835581485,0.5244296339402479,1
9540104553,99,8.541191480591813,18,145,0,1,0.6944363535252147,0.255238064655924,0
9596336663,51,7.228629843743742,46,63,0,1,0.2568412577957703,0.3096773928105675,0
9149987331,168,8.269933550223119,52,93,2,0,1.215020345494969,0.24986323885671888,0
9541705579,211,5.666247315005327,26,80,0,0,0.7930930472125275,0.10194286455210602,0
9362023698,291,6.914043076427835,4,153,1,0,0.7865990121467238,0.0655233645404728,0
9640973465,297,5.825681671723899,59,105,2,1,1.0358562740244943,0.5818445728222527,1
9262484170,100,3.8765710398255186,76,114,4,1,0.33938217627931744,0.5908736753422785,1
9500597809,134,5.904177574931187,61,197,2,0,1.2342185471590401,0.23973942809324386,0
9846632362,135,2.9459206590532943,58,10,1,1,0.6122203679052531,0.5236153962399909,1
9516127468,61,4.68265212298746,60,113,5,1,0.21149731482130718,0.563954518969374,1
9680164802,112,3.1673663689723104,55,15,1,0,0.3664553121648678,0.19608290769878312,0
9419242251,196,1.6674339998831955,77,84,1,0,0.45399344122742846,0.26198667161535977,0
9751870402,214,3.5576876357041085,46,154,0,1,0.34912357799761484,0.3627692443979311,1
9857991913,23,8.59387857275532,47,143,5,1,0.43911628673002845,0.4899507448678728,1
9699477018,113,4.120267321101904,9,169,4,1,1.4941927014069156,0.5517432496489404,1
9504765552,126,7.606034665204256,31,30,5,0,0.8528175329587362,0.3194156879725973,0
9932915637,102,2.164379615262532,64,189,4,1,0.944096972592337,0.6200190813279302,1
9543026369,153,4.5319820120925955,23,158,3,0,0.3324374040663638,0.1310587043428525,0
9167985200,119,1.5911326586841774,28,110,5,0,0.16162892141275284,0.2600352119986536,0
9883970959,172,1.8169001019911521,6,153,5,0,0.5344909201758237,0.24520277586387168,0
9123213953,62,6.365645608955657,16,189,1,1,1.1777411370308246,0.3469745224695644,0
9423665211,12,6.271077265765605,24,158,5,0,0.8822945530886255,0.2288224191814478,0
9105782197,77,2.527033119871191,35,19,0,0,0.11509651181116876,0.07327051731221929,0
9869067037,255,5.007020345743587,60,107,2,0,1.2042770859110286,0.32192900616040043,0
9650188627,147,8.701408586290505,70,195,0,1,0.24559949426126806,0.30425503627586614,0
9211337125,296,2.1549143324265874,34,167,1,0,0.716533275359003,0.1760583543872946,0
9715878427,75,0.6825000641983909,77,143,0,1,1.499263083473859,0.5734715692464825,1
9179806232,164,6.693953836303937,49,110,5,1,0.26991377760242924,0.5510455406099775,1
9178967903,96,1.0082329768425073,55,72,1,1,1.241036923459846,0.5741756350930715,1
9926155451,42,9.809432266438236,64,93,5,0,1.2188912582588962,0.35725376379380874,1
9929194537,77,6.291392696089369,40,182,2,0,0.7230573750042182,0.11880350598076707,0
9417052640,196,4.968765352017737,24,33,2,1,1.483571265795259,0.576170034337885,1
9638288972,201,4.584929130230914,33,68,4,0,0.5311556611870154,0.27856952977967087,0
9792093943,222,5.944171255910848,7,173,5,1,0.5420951031151704,0.4821713573028903,1
9753845877,97,1.3609321488420418,55,100,3,1,0.3133524921090094,0.5328877799336433,1
9104639022,117,9.33518105878521,29,158,0,1,0.6176561536301335,0.2595465657301935,0
9357454500,249,6.443599651242839,67,32,3,1,0.514979539999194,0.5976243489849893,1
9746071541,225,2.2477957273036333,20,88,0,0,0.9462847097570256,0.14758061644319947,0
9662527951,186,5.844520010764297,9,180,4,0,0.15702581722008202,0.10455885793723825,0
9555253525,62,1.7659368054136104,32,198,4,0,0.5343620614457484,0.2084655390418598,0
9624017848,58,0.6667508168039651,74,27,2,0,0.10658924367708511,0.2612563661062693,0
9527119059,123,6.489911359532981,74,43,2,1,0.10883441701149806,0.48098119372698384,1
9964934641,104,6.660591747766214,3,73,5,1,1.248419464319787,0.5678665680785133,1
9293259882,34,6.045117536632447,22,25,2,0,1.1497422488940077,0.19949432609435822,0
9587224602,141,2.243090441420219,68,124,5,1,1.141797138904359,0.7386985713714804,2
9492210593,188,6.232583655700287,52,90,0,0,0.5950888028166932,0.11875298580293306,0
9887922079,154,1.036853938782938,4,181,5,1,1.0789409280577833,0.5765973307682054,1
9504336216,207,6.287764377933262,17,98,3,1,0.459149598963266,0.4360947793403929,1
9868195905,93,5.763161681522378,16,96,3,0,0.5331618240105674,0.13962147870299957,0
9793098507,166,6.724920892971445,57,168,2,1,0.8874781413831766,0.4823149929169906,1
9452064935,94,9.007018254647742,66,85,4,1,1.0794697954214352,0.6085188230614661,1
9642825544,262,8.578401999775597,71,89,3,0,0.4720176112154225,0.27081795601521014,0
9219588697,81,9.816214819844118,55,169,4,0,1.050998121969632,0.24517519679822647,0
9158765512,232,9.774289812897463,39,131,2,0,1.4474903756098967,0.22852403398508475,0
9627131145,285,7.83703708705065,1,92,0,1,0.7913707123371028,0.31317004043584457,0
9450463839,292,9.585986410688417,20,98,5,1,0.6699501208628292,0.5392288442419451,1
9343771896,273,8.739196915946565,51,132,1,1,0.42549905160408474,0.3917395232011314,1
9136900577,255,7.412033274002242,23,46,3,0,0.5986081808480144,0.21163858241373487,0
9495204271,70,1.2161504191156745,52,194,5,1,0.8403487085863116,0.624914706667636,1
9219624467,268,0.9659739385639338,37,103,5,0,1.4217504753798544,0.48223503644948207,1
9664252731,16,8.457195891304817,19,138,2,1,0.46505375400668714,0.30033676645181134,0
9217920321,197,5.1517306497811335,49,140,2,1,0.42404857866632806,0.44984839497591916,1
9857625152,13,8.238763501561749,38,73,5,1,1.4448202721872399,0.6269799373103945,1
9842372786,240,3.4727235712245843,59,44,3,0,0.9481814771116076,0.3788590943986979,1
9306782075,142,4.2776736540686215,38,142,1,1,1.1293780883296538,0.4605599534174017,1
9850103959,134,7.151773849613353,70,35,0,1,1.2615740217417906,0.5213009297469879,1
9297276570,24,9.195604000854885,32,34,3,0,0.2145064357421843,0.10879352427880352,0
9672999041,22,1.3337340075494164,28,183,5,1,0.7787386275975015,0.5548104938877739,1
9803620766,127,8.68404237402876,73,89,0,1,0.29614304892110477,0.3649453240488542,1
9338481976,249,8.033620886353969,9,168,2,1,0.9740393531573781,0.39113127174263773,1
9735157697,272,3.4976230719336194,75,65,5,0,1.4352248913419758,0.5590388434311669,1
9316538396,15,3.874557834249816,66,31,5,1,0.17875491694443812,0.6119558960223349,1
9340427534,240,0.9413840336081415,2,39,3,1,0.48374656272854677,0.507752979124128,1
9702946059,39,0.6495358056088208,76,64,0,0,1.499554148601235,0.3215520681648423,0
9495209316,31,5.031558200398426,30,36,4,0,0.10768249199572873,0.18630986730137303,0
9430202267,165,1.4076266322244502,26,94,4,1,0.29537828925646414,0.5300538751240823,1
9812539475,127,2.3430172369445237,69,136,4,0,0.21307980101128418,0.2945700359446865,0
9374532476,202,8.544288395503305,26,95,5,1,1.1696886247532077,0.6026978408910119,1
9206017638,204,5.9247697168792985,8,104,0,0,1.1513010830159252,0.0874588933593594,0
9101196311,177,6.5195081540280775,5,31,4,1,1.188618740385788,0.5633501509979577,1
9584273044,248,2.2810536429032404,5,51,2,0,1.1847988156492346,0.25468654749640257,0
9398045321,253,8.372287142316985,25,138,5,0,1.269308391992823,0.3265662279980016,0
9300559213,78,8.745807838177601,42,30,0,1,1.182030861994719,0.41719400938123513,1
9486018125,104,5.471612140273912,18,28,2,0,0.7769650139802342,0.16980978932767452,0
9485775460,86,9.169298832847268,15,123,1,0,1.1436781557708966,0.06639312603167372,0
9533413777,180,8.525871937068526,22,48,0,0,0.9366630898950646,0.08358910754258542,0
9647546839,10,7.447579678407162,74,146,4,0,0.6131316036598892,0.25637150296496747,0
9490664077,71,7.473721199089472,79,145,4,1,1.2712044970321825,0.6430432185881215,1
9315634593,216,1.5012380025332013,28,158,5,1,1.2032555567948775,0.6679758107849869,2
9818410879,163,3.0729423581088247,37,47,1,1,0.3428880401690374,0.43148792318964524,1
9585370169,283,1.1350485882679224,58,47,5,1,0.13419984412804703,0.6849500649028173,2
9772551243,57,0.5824714876499323,47,70,3,0,0.5423647785844264,0.276044115578332,0
9747197845,146,2.0039405481471464,19,114,1,0,0.6652744958170403,0.12446898625361244,0
9715389175,10,8.864628235145931,20,115,4,1,0.3441005825469208,0.38108319775054617,1
9536344261,244,2.7788035608424897,27,160,4,0,1.297176781827732,0.34413223775588464,0
9286201507,265,9.716462644621355,49,5,3,0,0.14701282111731356,0.21146065346528803,0
9209394125,116,6.1742644958314585,32,144,1,0,0.7770664862051699,0.09409013772797624,0
9249334654,182,2.7539556325295584,39,114,2,0,0.17766836532475183,0.15555606958194887,0
9949685327,139,5.2227426331000215,53,182,1,1,0.851292133699713,0.42879881111343204,1
9745379427,49,2.581400815651096,9,185,2,0,0.7491089367137911,0.08773292928450845,0
9553038519,25,9.847748802732552,33,64,4,1,1.1922130724713036,0.5298092497304325,1
9281209816,136,8.549017347097157,72,187,4,0,1.0655450132329778,0.30604386008945805,0
9348620127,212,0.7492684934321265,35,167,1,1,1.2815375082659664,0.5205766124040638,1
9857464992,143,9.503872298940976,74,193,4,1,0.8620851286937592,0.5535370811892927,1
9475942060,268,7.350118519377429,73,30,5,1,1.2514119636676437,0.7826846800742548,2
9871518627,23,1.2826218942021441,6,163,5,1,1.1067897382140608,0.555556639188595,1
9591712659,75,6.871058590101233,15,61,5,1,1.1913012215061045,0.5837534434995179,1
9941489937,204,6.645803630674012,50,144,3,0,0.9409479862618683,0.2600641147833361,0
9448731685,123,2.5784930851720427,60,137,0,0,1.1074066376575697,0.2012468794968439,0
9296812994,168,7.705243650071969,30,139,2,0,0.6624009517928455,0.11782519041427787,0
9115614614,170,1.3271146814731876,31,148,4,1,0.21897487846612756,0.5074349425715904,1
9104776415,263,5.149729221696854,44,56,2,0,0.6832195339992392,0.24932292675287973,0
9127205484,24,0.5942704680493353,75,85,1,1,0.34276056234595753,0.4906500218649228,1
9194294138,46,9.70300614450009,26,153,3,1,0.9811309839590401,0.4075663110077503,1
9450758287,164,7.639854501880639,21,31,2,1,0.4685392911490607,0.4080297942486529,1
9848557252,36,2.009094723516732,14,115,4,1,1.4413980965849948,0.5884586349079987,1
9795074243,21,3.7459033795371885,7,120,0,1,0.47967113186198207,0.2539596952689916,0
9425659284,76,2.025342589177675,67,83,5,1,0.2373857801802254,0.6336988492181617,1
9674286951,39,7.782865909228489,7,27,3,1,1.3328728194800643,0.49120034742686586,1
9648787954,105,1.059515091563294,15,131,1,0,0.6801758479181241,0.10915692065141538,0
9501413581,224,8.483863227855284,47,29,4,1,0.5981012730563776,0.5769491273658353,1
9926207974,203,9.450865218939434,33,143,3,1,1.3395437071923166,0.5162181955691382,1
9169765086,144,6.927965456659849,56,67,4,0,1.014836642717922,0.3455448116462325,0
9282406861,299,2.523171775013625,4,189,1,0,0.845040266861653,0.10936010405656821,0
9892963467,41,3.9208559102287324,43,89,1,0,0.5579803342362702,0.12709070251894095,0
9415810703,48,5.033778810684847,70,186,0,0,0.5094918079372506,0.07803367122425191,0
9755865168,215,6.24393533592141,36,123,3,1,0.9113157432435937,0.5232639984915077,1
9808910060,52,6.852299353211031,27,14,0,0,0.80195247770724,0.08162337175300309,0
9474791766,268,5.765039795529386,67,182,0,0,0.4864038813798742,0.12040465488589892,0
9343002509,258,3.8374822478076296,37,116,0,1,0.3576673789137459,0.3709202984959579,1
9647047740,83,8.963714165366579,45,133,5,0,1.2452133212947383,0.31874436190430294,0
9498276294,283,1.2732245511706033,72,74,2,0,1.0628456607626222,0.4007294513441341,1
9642330413,199,4.929432515313203,25,162,1,1,1.4906102334100308,0.47203670449211205,1
9678000671,147,7.867865965441067,74,59,0,1,0.8221201483884232,0.46044002622131797,1
9372449038,291,1.0782903202683085,52,102,2,0,1.4921430952403674,0.3977176875856244,1
9505526059,175,7.200684559707361,62,90,2,1,0.7451571504815979,0.5121773100079701,1
9848416400,287,8.287260416156588,62,138,2,1,0.848939492160889,0.5174589473987611,1
9450118568,35,6.777897336006997,37,109,0,1,0.3927498577883982,0.28387854823585723,0
9823261934,82,0.6229004766158819,14,28,2,0,0.3093127557920782,0.15700939164232547,0
9743334753,124,2.2113017577559595,8,89,0,0,1.416307292533607,0.14998792067762798,0
9393183236,60,3.750074249473532,74,107,3,1,1.473701964658884,0.6728433447653837,2
9544246124,180,2.720055338561436,21,137,1,1,0.8665835798242019,0.422099365516167,1
9719613978,277,9.64519533216056,69,139,4,1,0.4811555279820797,0.5576129860385896,1
9752951923,12,6.69014218408104,55,135,0,0,1.4319639465287897,0.15100396737448227,0
9722353238,219,3.321224094839918,36,145,1,0,1.2154470832625017,0.2168989608534212,0
9264289279,124,9.332126237321733,56,186,0,0,0.3517317129202049,0.0,0
9228079738,176,7.5356448950237755,59,195,5,0,0.5176769406867654,0.2738768274754598,0
9309520845,274,3.2037685123568984,11,80,3,0,0.10588916338645216,0.16407814412475816,0
9607745102,236,4.099374909318576,6,138,1,0,0.9148034471933558,0.1120172480847131,0
9706449706,160,2.394574153887589,65,102,1,1,0.8369547157488899,0.5336163427098823,1
9100131936,277,9.725202983525307,40,51,2,0,0.32944452550385145,0.1491975739248252,0
9158557684,125,5.4143167109556956,23,59,0,0,0.575057225599415,0.059618399873794775,0
9412358242,97,9.012538531230854,24,53,0,0,1.4149087941150833,0.11500525958570643,0
9557827088,251,3.791747824660053,61,189,4,1,1.0085910241860059,0.6412132823397334,1
9333460187,49,8.677995229426019,43,7,2,1,1.3081994344232997,0.5271646560443505,1
9119247186,191,1.0119250600580576,1,26,2,1,1.2736361968887588,0.5488765762392878,1
9736589165,218,9.829858016480737,41,39,4,1,1.3889232377117005,0.6355958256609686,1
9155394229,282,9.164326486816375,32,32,2,1,0.15815697215425864,0.40820691881671456,1
9495561149,128,3.950427975378222,16,174,2,1,0.46745921270046176,0.3598233031528501,1
9273084630,33,7.859860570488485,62,144,3,1,0.6818022608505457,0.47579794445620366,1
9380359711,267,7.646450301501347,21,133,5,1,0.9961367192207378,0.5797290026884724,1
9534439079,101,9.06192057247785,0,104,1,0,0.9513774278826354,0.02435557780951539,0
9720212108,170,3.4189223207237056,69,121,4,0,0.4445486318852949,0.32840210131088426,0
9991771130,158,4.92244005048442,53,27,3,0,0.3699255236352783,0.26520511556375365,0
9416137171,126,8.717496319757505,13,105,5,0,0.7123764842561354,0.21122522227364626,0
9382372386,62,7.896504814284552,52,32,3,1,0.45086710366498095,0.4888793280017163,1
9739039108,54,4.237933828032652,5,117,3,0,1.4511565915765907,0.22243358505279914,0
9162110920,274,8.53438971266516,63,121,2,0,1.4516428642014307,0.3141011338188565,0
9328114204,271,0.9460633727078142,32,168,5,0,0.2586938069718934,0.29995716303080006,0
9465314373,243,7.929439878148407,71,129,5,0,1.0871313167099452,0.4153524794674125,1
9367396606,44,2.464275664620156,43,58,4,0,0.4195191103633481,0.2762543186014932,0
9309907096,206,3.2181486243259783,33,179,2,1,1.104404992588805,0.5015941489520782,1
9675708766,34,5.185541014158139,33,60,2,0,1.1739493071797662,0.2199640913583409,0
9658255893,211,4.772477760164752,23,14,3,1,0.16743367555945632,0.47583897461182434,1
9814115009,282,5.445416015263869,1,137,0,1,1.0734876598528995,0.3524235269991815,1
9560142508,45,5.675368158884226,7,146,4,1,1.355515782942579,0.505307476046499,1
9695825147,232,3.649513064799221,24,156,4,0,0.4028233650835926,0.21841131369910716,0
9700864839,286,2.164661373661785,31,195,3,1,0.2617947319921028,0.4659560980217776,1
9507872758,27,7.800571678229407,55,32,3,0,0.8935543534308772,0.2605696622729524,0
9378822611,197,4.29977341632785,6,25,1,0,0.8244429516152794,0.14486920653123264,0
9692772011,266,5.305488193361061,47,80,3,0,1.3400778708173087,0.36582681951107765,1
9515086422,151,6.624618824335622,53,24,2,1,0.7315202565355508,0.5238036715589054,1
9448058207,145,9.14156026191323,62,194,3,0,0.678969325569526,0.18494426259205102,0
9859766602,88,7.22175189583209,72,119,4,0,1.0995580856235374,0.3472526141915061,0
9442407078,71,0.9318626431086529,79,100,0,1,0.20839917486686527,0.4405088826000534,1
9933668439,138,8.466323452281168,1,55,0,1,0.17986067500536404,0.21153739957326964,0
9764539082,266,9.898872643711432,34,106,2,0,0.8068849187934798,0.16047305186401378,0
9236888220,221,4.98860774102813,21,44,0,1,0.2246442049973451,0.33127734504067724,0
9476453173,63,9.711108196318706,63,89,3,1,1.4147840020027782,0.5792907818845089,1
9630937561,184,5.69962305225992,58,85,0,1,1.0159377465947617,0.47058371963091905,1
9382659343,109,4.866351960783523,48,197,3,0,1.1551079323955638,0.250783395024732,0
9706957075,48,3.648345264910823,51,119,5,1,0.4204218694219587,0.5747204811517053,1
9455255853,272,6.746771320416719,20,112,1,0,0.7916368638813702,0.1195685011540971,0
9368323008,159,2.6832939949879235,11,160,4,0,0.287384674743814,0.1654366330294026,0
9400765054,130,1.496875075886841,10,186,5,0,0.3843451375153303,0.2123255822578642,0
9430459193,187,0.7587524745500338,53,6,2,0,0.8954923689542896,0.35247072124658096,1
9339418478,129,3.2776110707950057,69,18,1,0,0.49187754806933937,0.24434397291878068,0
9393363840,81,4.259822905586863,13,18,0,1,1.383979447079044,0.436809658782443,1
9755857488,228,5.744728614671854,32,48,2,0,1.493340151794758,0.3070640748393087,0
9840913052,132,3.281123339276561,76,44,3,0,0.10549736056985355,0.28948620319706364,0
9570541139,253,9.848565937661407,25,38,1,0,1.1627383470934014,0.1700624770659379,0
9882507333,84,3.271579098291092,13,69,4,1,0.2614701567309018,0.4652674696282152,1
9496431367,15,4.6892661902408825,47,22,4,0,0.9044721225149895,0.32701546041890817,0
9380201244,30,1.4811235725530532,64,116,1,1,0.4198769671860658,0.4506117531916913,1
9936031599,199,2.9759518767022186,45,38,1,1,1.4508235011425628,0.5977040642833477,1
9672132274,234,0.9591553279954154,54,91,1,1,1.3261297843918776,0.6100257101910803,1
9592506784,112,5.815332017654616,73,181,0,0,0.9335570861455526,0.14585953279227754,0
9668637570,108,7.635114489758101,73,84,5,0,0.34642323941986874,0.32099941485328704,0
9651155362,92,2.359243236192645,67,128,5,0,1.1957537838984544,0.4464628685668361,1
9815614916,190,3.9951539092526724,77,187,5,1,0.8284172276582289,0.681884887074622,2
9437122778,161,0.6578541539080254,11,66,4,0,0.9561884140724151,0.31753169317512686,0
9613514859,65,8.475459529361014,53,132,4,0,1.105120510231985,0.2774922802088393,0
9930741707,199,7.909653486850861,63,74,0,1,0.6828648030465146,0.42484460119003814,1
9411998675,31,1.1009132933057777,46,156,2,0,0.11083457772798946,0.12185585647435607,0
9961619820,77,3.9662422885439073,36,52,4,1,0.6098402973408644,0.5571192615517101,1
9128963091,194,9.575222831570207,73,84,2,0,0.6790766414032665,0.22856985632288282,0
9114912584,19,4.224257032750282,40,43,2,0,0.6136956079140756,0.18451905522335238,0
9332339110,75,5.498982428878152,26,180,2,1,1.2634768692173743,0.4421294351595471,1
9627677187,273,3.874807179598374,41,74,4,1,0.5652931034566059,0.6053874862596123,1
9855646706,234,6.163248187218487,75,84,3,0,0.6828722536959327,0.3291356921968901,0
9497286362,132,9.792490318549811,67,13,2,0,0.18624467501863928,0.172289477179639,0
9611842988,47,9.976273783071372,28,33,5,0,1.10360097723138,0.2917501652042425,0
9230343082,132,7.859792291106316,35,192,3,1,0.4015862688315389,0.38382284476650885,1
9901612428,165,4.340955431194173,56,158,0,0,0.42901616550945654,0.0903904746868047,0
9846043276,76,5.197105907875389,77,122,5,0,0.9215958303943578,0.40074289541948493,1
9210336187,142,3.888947617066902,11,170,3,1,1.4769748457959109,0.5201862767573733,1
9175156920,149,9.86295898409129,44,66,3,0,0.6742025508549274,0.20028213162682915,0
9248354133,91,7.223722905341336,19,158,1,0,0.5580205440400797,0.012294457087380181,0
9347088603,67,4.764848731618357,44,146,2,0,0.1506887777379316,0.0927711352157982,0
9929073459,158,0.6150950660412222,22,181,4,1,1.2023234179688733,0.5940310026971035,1
9602966196,140,5.444592436710209,61,47,1,0,0.4658024503430178,0.185644518133973,0
9299752556,78,9.84731791616537,33,92,5,1,1.1763759696368556,0.5720473013624383,1
9529322069,259,5.469078635243993,20,12,3,0,0.49517163567933864,0.23385831932525936,0
9942868946,186,2.2330535121465798,50,172,0,1,0.14184454465439741,0.3463247032127687,0
9639232243,81,0.7098905974953611,8,29,4,1,0.7974962536314149,0.5682808632658255,1
9319262151,26,3.869685702179986,73,195,0,1,1.3684812536878668,0.4714648553497175,1
9201204825,169,9.223166529117766,9,136,3,1,0.39482743924875274,0.34601796102710386,0
9564047855,79,9.967264027670868,51,19,0,1,0.31548818590071226,0.32456808064270176,0
9238566258,122,9.480995760714025,44,20,1,1,0.35869849630954265,0.3748052037619102,1
9306483350,241,7.42948993591544,51,58,0,0,1.0663871720126985,0.18882924807720516,0
9467493418,30,5.802355920186225,29,131,1,1,0.6143558604837248,0.33584443221581234,0
9219594060,144,6.111518390631394,63,15,2,0,0.45848516100823367,0.24232999863341131,0
9277701787,272,5.620424086373628,1,32,4,0,0.5727765605169426,0.23607143155888288,0
9192393608,120,7.216968396768389,48,11,0,1,0.5327342445078569,0.3918244885797222,1
9469505299,255,4.479295653605848,44,118,1,0,0.8612879171982937,0.20160300222052507,0
9752409271,292,6.857438047079772,16,132,3,0,0.28666695498044437,0.13197744469936268,0
9344928722,17,1.6553150920934099,27,42,5,0,0.8122099383976213,0.3418847448359269,0
9453979119,293,3.024105412334096,44,156,3,1,0.536447603643697,0.5392177808225678,1
9553047846,216,8.44202886868198,16,72,1,0,1.4056840792332033,0.1689777430838006,0
9467596299,203,9.085614842062215,58,41,4,0,0.6905430563321259,0.31397112198844185,0
9290459870,56,5.6205782568228475,13,124,2,0,0.24001327846713366,0.03153798766751521,0
9386448054,251,0.8005383635228578,9,39,2,1,1.4070524531169326,0.594923167345091,1
9306554890,19,9.306248922521798,77,138,4,1,1.4125001905850894,0.6231417024666159,1
9691735449,298,7.169610451259222,17,114,5,0,0.3456920447399006,0.23616438662034406,0
9296129833,140,4.433265275675927,34,165,0,0,1.2429942693179397,0.1272934623433749,0
9400937626,279,6.184599960395215,47,120,1,1,1.3067171688225911,0.5267408607339685,1
9884023050,70,4.582860927192978,57,114,2,0,0.5978350090517537,0.19466253662656136,0
9278580261,173,4.920722653954484,17,106,4,0,0.3233007236661717,0.1871307483258201,0
9199699297,22,8.924693723764316,51,103,2,1,1.2178280605545857,0.4761597092480452,1
9193572370,281,2.0303003457125595,29,186,2,0,0.1396285248872218,0.1275751521712492,0
9913082047,217,1.4848567870812492,36,146,0,0,0.9671704707157472,0.16410884170758133,0
9740666501,255,0.5259230728736496,39,151,2,0,0.5787651333610075,0.23139073912883712,0
9109929645,142,3.4830035683152034,5,143,1,1,0.9344374431979212,0.3719531170306348,1
9523462771,253,1.9004307816020602,78,75,4,1,1.2043865149599604,0.7831878790826373,2
9348124133,47,2.5898622038120562,34,177,5,1,1.2602335008681809,0.6206830069917703,1
9756913776,65,0.6067703353210808,25,192,5,1,1.4978542319378723,0.650044597142025,2
9588071081,57,2.6583564395331805,29,92,5,0,0.9963154872565864,0.34210758119639223,0
9761079259,114,3.6607600283575525,74,190,0,1,0.4128496994440255,0.38751284359299243,1
9735377216,68,0.7998912158938726,23,92,5,1,0.48654326001290293,0.5726698299441552,1
9357373415,86,6.275089180822903,54,82,0,1,0.7106031118084023,0.3934046365804668,1
9292295239,227,5.903603314395701,77,156,5,0,1.2878588738371872,0.4594831584210473,1
9457041594,64,1.4218398958442882,8,15,4,0,0.613597036763146,0.2601362323281127,0
9682776883,64,6.152592886424809,61,131,1,1,1.0635779339272957,0.4666149041008445,1
9716908718,138,9.987212226784338,17,176,5,0,0.1631228572144198,0.10677819614431826,0
9593158775,94,9.472455051709636,50,83,2,1,0.7020811650683428,0.43464694585435226,1
9420569606,223,0.5253744369928013,18,198,2,0,0.3338365755723349,0.12272256249143326,0
9705442314,124,8.056093957638417,68,177,5,1,1.4138201333256295,0.6705519551740812,2
9777468518,58,3.859250124246617,32,78,1,0,1.20800967322621,0.19111682596285243,0
9915769496,76,1.1046880181789605,37,164,3,1,0.294237045528575,0.4555688559119481,1
9960848011,284,3.3118405303039764,12,21,4,0,0.6625918766005111,0.3080022721617469,0
9966459289,138,3.556496904973142,48,186,1,0,0.21282840709938677,0.07866144599224868,0
9187820133,38,5.47082027343604,72,142,2,1,1.1451821541450673,0.540905348549509,1
9342513773,42,6.78029578905412,52,10,4,1,0.367911741391569,0.5419858594983389,1
9474962827,128,7.616028315979876,0,152,5,0,1.2260675708105842,0.23386910203884487,0
9566526122,189,2.8360789043510333,11,5,4,0,0.20363171284885517,0.23905285868965023,0
9922816306,160,3.556820417360721,23,68,2,1,0.9021404340376662,0.493991673742858,1
9792946548,142,3.4296262151674846,0,5,1,1,0.9514816917399714,0.43238895509345343,1
9227620516,194,3.9460002471483264,67,105,3,0,0.5680686311612277,0.3027995661069008,0
9189911341,143,9.996734935085218,6,193,4,0,0.3298915120046695,0.05075949555287107,0
9382493527,186,7.890461376860546,68,5,5,1,0.5533608731707764,0.6718177682581666,2
9847786959,31,9.762409420052622,38,178,4,1,0.7937164580951644,0.438863728597455,1
9344303736,250,7.084555065697043,31,113,4,0,1.4567507023281354,0.34571209015767845,0
9170984280,86,4.3595716656492005,48,64,5,0,0.7257185682191367,0.3537047015318393,1
9457359996,213,4.202569744456262,30,47,5,0,0.3651345717355573,0.3141853116747917,0
9968044917,13,5.141520877262929,78,176,5,1,0.1362407202929581,0.5456173025746665,1
9327708469,174,4.460262941962155,2,42,1,0,0.11152120494353675,0.033759389289678546,0
9449405112,137,8.369099337881085,46,111,4,1,0.6834331795848968,0.522116122828948,1
9854466421,54,4.917519123753582,14,6,5,0,0.5148330262604573,0.26566973366621194,0
9650269187,227,3.3083364220030367,50,86,2,0,0.2611147023666712,0.20966706055329745,0
9726795594,244,7.861172552618192,73,144,2,1,0.34104556615107096,0.47190806397337687,1
9875853535,145,8.616993889123249,20,155,5,1,0.5898683808093236,0.47354694569430655,1
9126859824,177,4.494075083334288,40,115,0,1,1.0612822170422096,0.4331249650450537,1
9856365318,246,6.844181433102554,2,13,4,0,0.9534231323214076,0.2718805986813383,0
9976962157,102,1.0586430719388953,0,140,3,0,0.21193746299432226,0.10192877869605195,0
9345839481,14,5.529916093728933,20,182,0,1,0.300237175132557,0.20740280122449295,0
9796986122,165,0.9273208085823265,74,84,4,0,1.371764181405464,0.4979838520656678,1
9615501403,254,0.7773129846974467,79,66,4,1,0.19951375366730892,0.6830972279570411,2
9893408949,90,6.322786079966021,20,27,5,0,0.3784218974521393,0.24503719473466445,0
9316774632,256,3.3816861327523777,74,97,1,0,0.5451190510492231,0.2551007191995449,0
9103775702,146,7.554103043326921,48,63,1,1,0.42216669487002034,0.39944410019781285,1
9271862444,72,9.012784326009626,64,14,2,1,0.5071736717783702,0.47690742870128894,1
9617317398,125,1.8242161504383316,40,144,0,1,1.1188365936538813,0.44370313076653917,1
9391982833,122,7.382966966499777,66,194,0,0,0.23301839696198365,0.023399937370774032,0
9463109915,40,5.387939983739261,41,129,5,0,0.593126761654218,0.26493659826030164,0
9442442730,16,1.5651328765456392,68,120,0,0,0.9564210066740969,0.19325559294901062,0
9510706232,12,6.690129761566885,56,162,5,0,0.16837733378319691,0.20812372291518094,0
9649065241,252,6.2899346295114915,42,78,2,1,0.16201254836946286,0.43466229025019776,1
9382477464,65,5.398597740307435,11,179,3,1,0.7979944827620953,0.39555949838109555,1
9366445877,82,9.301476443316751,77,45,3,0,1.359754367857328,0.356169473489745,1
9483563218,19,5.450257112988156,63,107,5,1,0.7226758287245425,0.614634680757754,1
9429522016,70,9.90989359677702,50,11,3,0,0.6693025241866497,0.21906424640774036,0
9125476259,59,5.337673731557055,72,98,5,1,0.11422091086001394,0.5783877578578505,1
9813190157,131,1.600594363862992,59,120,0,1,1.1257959355161344,0.5035717132289137,1
9795454029,184,4.969476885212789,70,109,4,0,0.32971920344776695,0.30799924845784526,0
9362442530,10,2.232123244273177,79,56,0,0,1.0778911098792514,0.2549781209208986,0
9779043869,47,6.172768109565559,27,49,5,1,0.5879087641919618,0.5452591677215821,1
9556715202,199,7.084755664339211,70,42,4,0,0.1629839313249889,0.30010767045359477,0
9966464463,88,4.95013514771739,13,168,1,1,0.5590609951230571,0.30040236430882494,0
9590227437,199,1.4281781929899082,31,85,5,0,1.0233844714918994,0.40598466492981566,1
9549805725,193,4.952093286543753,7,89,5,1,1.1756741163567466,0.6043724411909512,1
9920546035,76,1.2738150399768038,26,62,2,0,0.989761741974609,0.23925229522389815,0
9747269468,26,6.980196577312073,49,50,3,1,1.0954850952337098,0.5518791858336337,1
9626799532,218,8.008498136218332,58,127,0,0,0.4302797724052002,0.08066492838733738,0
9594549070,50,9.642613108656871,56,199,0,1,1.4513474507974502,0.37828367012514497,1
9967955309,124,1.9136200177203362,2,197,1,1,0.417674696055205,0.29022418998064725,0
9672405751,109,5.55799318756639,26,150,4,0,0.3381387122055919,0.16244739388054102,0
9807920818,148,5.891604991586477,33,134,3,1,0.4497364406960016,0.4419857796511491,1
9100801125,26,9.263527070919308,25,108,2,0,1.4608772485532184,0.16132627830868784,0
9689589097,83,6.459128085666885,39,116,4,0,0.19093506932459553,0.17328600462428223,0
9589538042,272,1.8823416336305505,31,136,4,1,1.1828234130718753,0.6496340432983918,1
9785864494,25,4.645337577650298,40,100,5,0,0.2474011044888793,0.24061074827352863,0
9600055220,23,6.72024402080938,1,87,3,0,1.1826080225590305,0.15815336779070444,0
9924777279,290,7.152702104658325,71,174,2,0,0.4878336688213847,0.21079094833599954,0
9990961141,13,8.699202986610448,6,53,3,0,1.1172724079565486,0.1521489197821271,0
9736657907,136,2.2148176385217733,18,181,3,0,0.16860083836459627,0.11192095560815694,0
9731136761,15,9.539650394177235,32,121,0,1,0.5684335791662457,0.2492362247698227,0
9363909797,138,1.0618244141481263,1,139,2,0,0.7504742762626594,0.13486502018174162,0
9982113855,241,9.84574027840457,66,13,4,0,0.12894509482495575,0.2795911947048066,0
9373689686,204,8.64878738223088,77,31,3,1,0.35318768472336437,0.5627470735800333,1
9808499672,74,6.772591436240627,14,153,1,0,0.33631738131793326,0.0,0
9918208233,112,7.482457252512005,20,39,2,0,0.7739623971400637,0.14645266729333023,0
9738942485,286,1.190574056228566,77,92,1,1,0.2864422161341923,0.5476028439280269,1
9681347152,167,0.8940586974972976,58,168,4,1,1.468037974899166,0.7124691859512657,2
9978603985,233,1.4667750672379725,38,97,2,1,1.3417017305021577,0.6105362401867367,1
9948854000,298,1.329918239309309,19,71,0,0,0.4140707917029506,0.12044614279930901,0
9750396840,287,5.700121717959633,0,47,2,0,0.42789400111607,0.12397915285174613,0
9875319881,191,2.546717877561997,72,12,4,1,1.426398487769222,0.8035405373348962,2
9153560760,13,8.671953553463903,8,125,0,1,0.5193619267739938,0.19722665523797916,0
9537256582,224,4.734611919146686,50,82,4,1,0.6926044726464753,0.6135305270211501,1
9208484079,226,7.1073495263536115,37,40,5,0,1.082071120655397,0.388077006829071,1
9451056252,218,6.702294383216518,14,131,2,1,0.5816512582603107,0.3815039517259724,1
9577637937,83,3.5386038698322455,40,52,4,0,1.3634394974985717,0.383282826595175,1
9750523365,236,2.810091948494426,46,178,2,1,0.9246507217340306,0.5226703165594839,1
9607533274,102,3.7533347103180343,25,164,0,0,0.8941301774480759,0.0637056047699527,0
9478319667,74,8.068254551573457,53,139,2,1,0.8760136150810509,0.445785912524178,1
9303416224,19,6.069630059986375,69,78,4,1,0.25686610698430623,0.535305038784947,1
9644705024,287,2.9086172939321657,38,144,4,1,1.2066186128464047,0.6559241593477161,2
9798095339,95,8.269541209074088,16,59,5,1,0.9009590942914194,0.5407139301394146,1
9708779188,35,1.020214168047914,69,27,5,0,0.17492684564731545,0.3798319847944362,1
9854287803,227,7.1422420624078065,8,184,4,1,1.2905046404350455,0.5116869854366451,1
9798622881,104,4.671457654618453,45,17,1,1,1.1212414246159836,0.5229748124318301,1
9263579395,253,7.447258667625938,5,57,1,1,0.5044448519678613,0.34538294489129884,0
9615261059,116,9.310882162312554,67,67,1,0,0.5004549791000614,0.14050734487759,0
9996922026,257,7.625323930495587,15,78,3,1,0.8066024399276494,0.4805717389587042,1
9951255797,23,4.698670875458133,28,55,5,1,0.11012452293891395,0.49846422558050546,1
9351536089,170,1.934268974381867,40,190,2,1,1.2334689309317464,0.5331383773525605,1
9324910848,80,8.160334270151619,67,159,1,0,1.418863672522874,0.20892296279425876,0
9280234310,161,4.8767025057530295,61,11,4,0,0.7252432528057011,0.3791920936009811,1
9509008605,84,1.215467072842733,39,123,4,0,0.8512037738927087,0.31220884799301224,0
9588103089,224,7.331026278880227,61,54,1,0,1.2336986648201336,0.27405485776518657,0
9623612616,60,3.272593676207602,23,156,5,0,0.4886385506286747,0.2291155019609497,0
9523459004,152,0.9644381802992597,5,91,1,0,0.7884226728677224,0.13332079591386892,0
9430633506,45,9.076134642253738,39,157,4,1,0.25539167472165136,0.39898338525955335,1
9600268551,176,5.089460374892146,69,48,1,0,1.082670839330891,0.2910303095543345,0
9510087164,245,3.169130005143705,57,40,5,1,1.2099969722007664,0.7807534099357009,2
9118301847,269,7.30567229990666,13,189,3,1,0.19366789328314288,0.35405541292843057,1
9327684306,201,8.916072587984356,77,101,3,1,1.3353872994015854,0.6416036048723781,1
9295283235,211,0.5029172128206771,44,169,5,0,0.6243272574541017,0.3596509310073107,1
9272996529,271,7.03459575790046,5,107,3,0,1.3910892576246128,0.24453222848681477,0
9228721651,194,7.786611093175003,22,184,0,1,1.3602415338962741,0.3590229842827862,1
9440506234,167,2.494310559155183,61,129,3,1,1.2072595688678567,0.6442227548876139,1
9866187306,255,5.151426398396657,16,195,4,1,1.2622094393032377,0.5521480159356287,1
9382826010,119,1.3482160397203902,69,11,5,0,0.5051227623887565,0.4459194723433394,1
9498448159,108,7.594123883895802,27,98,0,1,0.614201396871462,0.3031246810178258,0
9778684493,250,8.550832176351848,12,192,4,1,0.43608595936772676,0.4033869956745717,1
9737202808,211,1.5277732445842758,28,125,4,1,0.596306610981295,0.5659901810494108,1
9728407953,131,8.25637240761193,44,113,5,0,0.8866672209132195,0.3047569309515765,0
9839103899,126,7.829916619603069,19,41,5,0,1.3096426317531833,0.33904811637514515,0
9298967803,105,3.7956765435235242,57,25,1,0,0.8660567654137862,0.24612869332737208,0
9653059740,243,7.057750534369041,53,102,5,0,1.0753606092514805,0.39740026669774914,1
9716196623,76,0.5004571769959616,63,50,2,0,0.2901069216765394,0.25382401114389985,0
9350621282,227,9.352077717426987,51,25,3,1,1.4153952296970402,0.6324058282878544,1
9750453550,24,5.728640735429542,42,102,5,1,0.9164479528661301,0.5911300655187811,1
9615129082,282,6.393219208588995,17,76,2,1,1.1861334635955592,0.5090673851283991,1
9884997562,228,6.814264428621437,53,100,2,0,1.497992286985341,0.31603790129478376,0
9622038302,283,5.833005663574484,59,56,1,1,1.3036158366719852,0.5906544991044111,1
9510941699,156,8.6392569316249,70,33,2,0,0.8061162857504643,0.2636628711105569,0
9591344292,161,6.292167405439668,0,73,3,0,1.3152569641063707,0.22075816016082175,0
9446240528,24,9.12371991678449,36,171,0,1,1.0224957604795066,0.295114852256127,0
9201633574,93,6.032150411223085,48,31,4,1,1.1220253933067694,0.6355572422621354,1
9914190895,201,2.1256630088153825,34,115,3,1,0.9922127202253134,0.578157570321253,1
9396883117,50,9.178844280473378,66,142,1,0,0.5026872851488358,0.0850096761855131,0
9122048729,270,6.975461234417879,34,40,0,1,0.5682681484842341,0.39298664300509356,1
9472046886,145,7.142770447137783,8,99,1,1,0.8816745245762092,0.35125436425015844,1
9110698216,287,9.862076630430217,36,20,3,1,1.3237065778971306,0.6000332031158265,1
9436891523,115,1.214367264991002,59,168,4,0,0.7335601031552594,0.32887147186540583,0
9962304797,16,4.5716297674041275,55,94,2,0,0.8567944414576624,0.21697244243273656,0
9444399517,39,2.7714062333728444,11,112,5,1,0.616735195478959,0.5199013486570009,1
9379217429,135,6.489051414779743,70,88,5,0,0.12538965268108562,0.3066781413443734,0
9277853505,88,8.164710995606683,70,166,2,1,1.0009552139096691,0.48810476038854683,1
9658745707,76,9.679951734477921,3,169,1,0,0.8923099674636509,0.0,0
9812055051,32,4.8186630160698405,60,72,0,1,1.4695589186713383,0.5060564473810558,1
9437811677,198,7.96907319110474,44,63,5,0,0.8111534967374772,0.3420095413152404,0
9571562019,83,9.211990124383606,49,161,4,0,0.8489268850734006,0.21921067804953814,0
9243750673,14,6.991591609090905,49,35,1,1,0.4951667528310377,0.39600424436396703,1
9344694105,91,2.8059592482728264,73,70,4,0,0.23943872384084286,0.32457780254829394,0
9216261556,34,6.274614435524018,47,93,5,1,1.0906018468731826,0.6238935150651604,1
9938365438,273,9.714544454263272,22,7,1,1,1.2317818914940672,0.4740392935281288,1
9919824070,11,9.88176137418487,7,111,0,1,1.3175779181276077,0.2827115470184278,0
9866613756,287,6.602418325309392,28,73,3,0,0.6659804586451883,0.23572196846704327,0
9634061312,233,8.926383699783898,42,26,2,0,1.0849909678146539,0.254715645073685,0
9413960830,81,2.4033189565617263,52,84,4,1,0.46776894079241305,0.5798924454163489,1
9637444793,77,2.8377467470460593,5,57,4,1,0.45390763578028614,0.47969928866241507,1
9425063769,103,9.552432322406167,23,180,0,0,1.4940153618383303,0.05386932221839226,0
9860868588,28,1.7847360672006751,73,80,4,1,1.2892150694588267,0.7210056421953177,2
9719059589,137,2.31551116188805,13,179,3,1,0.45869844338822363,0.4155410125972636,1
9543817003,91,4.495211691640492,51,46,3,1,0.7067590201829822,0.5588852087889387,1
9273024967,263,6.1010507336568285,69,8,0,1,0.8909557645561781,0.5350854162761929,1
9321982359,230,6.236263580198581,3,117,1,0,0.11816047648699696,0.0,0
9767535957,106,3.2737720823228615,57,46,1,1,1.4429830607944394,0.5913893689741251,1
9169936228,61,9.245832030528309,78,175,4,0,0.25228005775971996,0.19959028923149336,0
9841552017,184,9.193449122274696,36,101,4,0,1.2441352708969622,0.29454150970700577,0
9446368606,191,4.224646503997539,47,174,0,0,1.4663023090439893,0.19494385237064155,0
9898594404,124,4.625771809587823,38,130,3,0,1.0859207616102269,0.26036789634484,0
9145069853,10,7.173722609827162,65,7,0,1,1.4533664693333352,0.5137359716687411,1
9839811064,72,6.798461015789558,12,191,1,1,0.12756593745088646,0.20842638030463176,0
9723050665,257,4.131821642129142,65,85,3,1,0.5963678208968606,0.6062656121354069,1
9740554953,240,4.435320389449533,59,143,4,1,0.7670328067923439,0.620070092141687,1
9356302308,235,3.80636996250462,40,85,1,0,1.196115915803551,0.25202413701303733,0
9254297867,28,2.736157566056425,31,167,2,0,1.0163446552643516,0.1708441345057118,0
9961281909,40,4.852314447779327,51,109,1,0,1.1304127452444037,0.19233842272264318,0
9606512221,130,7.0211242530741345,4,182,3,1,0.3025265350038322,0.31671635983023694,0
9194773402,33,7.548683700485784,66,195,3,0,1.2826716381660428,0.25513639217409567,0
9494481062,220,7.899299658431644,65,128,0,0,1.251116196590862,0.19625901435639032,0
9632038901,170,4.059954127804653,77,103,3,1,1.1764774678016539,0.671541179935876,2
9469934740,264,7.76404194570725,51,10,2,0,1.2451298823635968,0.3243970825351446,0
9155436107,68,0.5619049990728151,48,36,2,0,0.3990327954286007,0.23727440879589165,0
9376539126,123,5.031974408310381,28,15,3,1,0.2963737044602961,0.4754811516355109,1
9230286752,169,8.042091801260563,37,47,4,0,1.3530861794352862,0.3466819065837743,0
9387302378,229,6.485424846092856,69,43,3,0,1.4398144565405264,0.42176930329841555,1
9667707325,178,5.003599679467823,7,145,4,0,0.6939730213764397,0.18995023307822556,0
9536120692,21,6.624099062760317,58,17,3,0,0.7257997442156565,0.267206780552755,0
9915423758,251,9.115987029912308,54,43,1,0,1.13736789407214,0.23802563626304238,0
9574067713,148,5.88062710579697,1,178,3,1,0.7929986978314487,0.38930898513687684,1
9718288819,106,8.09796881887101,25,166,1,0,0.5389776484845632,0.013018358658362109,0
9203552486,156,9.817055889639377,62,199,4,0,0.36613449162803924,0.1837314683196922,0
9662433908,191,7.202897919717883,16,164,3,1,0.13171172061626035,0.3463039647706701,0
9600187307,66,5.946594756946103,58,72,4,1,0.9227781212141611,0.6074742374623461,1
9334356661,51,0.8561164976907325,15,108,2,0,0.2990155087637454,0.10695846307936065,0
9645874193,208,4.057540033418581,57,69,5,1,1.3016913480730397,0.7567291480344085,2
9527182338,40,5.871705968393624,63,117,0,0,1.4760161142714903,0.200578128758522,0
9912967046,189,8.073462431207307,49,11,4,0,0.7408362162600508,0.32316879677671845,0
9754567082,11,4.661995501651974,25,7,1,1,0.2617980052705906,0.3551551479459805,1
9999071697,297,9.620553619765348,16,90,0,0,0.9162244024509472,0.06470028485692947,0
9672155627,147,3.0820406499249113,45,53,5,1,0.903430044811356,0.6853771175782639,2
9109142693,114,7.5733883544980065,67,62,3,0,0.28669524135493674,0.22567276870861633,0
9768034233,227,4.480798462299211,49,32,1,1,1.0057023693725544,0.5456980361104494,1
9927113376,231,5.116890698376106,42,119,0,1,0.542487983522001,0.38029586964212686,1
9466672235,114,8.123769321721682,47,159,0,0,1.283688665899925,0.11320740804733076,0
9307716282,136,3.3140449856912024,67,26,4,1,0.9230851094255424,0.7010183399694373,2
9945626974,274,1.4197145376538598,18,98,3,0,0.7061313187372072,0.26426585046328527,0
9402741881,209,5.442428053827558,24,105,3,0,1.4486450972279967,0.2977616083547623,0
9920985354,261,5.523548812135613,71,75,3,0,0.7877139031158762,0.35209308262827776,1
9427881283,24,8.073093836141052,17,118,4,0,1.3422121096099267,0.22583832711949864,0
9956466298,235,9.699032459204966,50,17,4,1,0.47003417412672355,0.562682378051414,1
9477959121,114,1.0253565201193098,17,154,3,0,0.7184853384404972,0.19756396237142793,0
9162155971,242,6.121050000559534,57,9,0,1,0.21744348313277345,0.4209239513025518,1
9542823536,228,6.9721460379905995,63,26,5,1,0.6918607752872041,0.6889075405785773,2
9115234145,286,9.865112832110956,70,131,3,0,1.3522899499585344,0.3441601066763593,0
9313817948,270,9.45460703563066,56,57,4,0,1.2612470979934622,0.38339436733164767,1
9392526039,199,7.268282264763787,16,43,3,0,1.4659885177337277,0.28826590161754856,0
9334878997,207,5.456999406822426,58,41,4,0,1.1496274401392583,0.4136712999348418,1
9426126763,286,2.034477261842982,66,35,3,1,0.48008356570714983,0.652462967409409,2
9896193150,48,4.149677274441965,14,66,5,1,0.32516388094030524,0.5005235384195331,1
9664611205,171,6.058662088042966,25,107,0,1,0.3513231105227258,0.29780482820621157,0
9247770392,130,7.389403767659661,47,85,0,0,1.025935752625548,0.13235611176981646,0
9939178742,271,6.536295796051567,13,131,4,0,0.6351459532981213,0.20979863150982248,0
9523324856,225,7.2841666173635415,8,10,4,0,0.6796519482196031,0.24314823437798988,0
9162565460,58,4.576948793243028,6,109,1,1,1.3048036428993655,0.4001197182956742,1
9804980534,101,7.412459260424586,54,85,2,0,1.1173311742239218,0.23906356311510887,0
9993120655,138,1.8655419321873326,11,166,1,1,0.39298333006792174,0.3273214964219026,0
9599472222,37,2.0445699617495787,16,91,4,0,0.33954180113523125,0.19257684326189953,0
9276582541,157,2.0469053853798966,72,56,5,1,1.2507057510551742,0.8013884921687289,2
9807073702,74,8.963217091839873,7,162,4,0,1.4350521618219159,0.19513098764988474,0
9551356059,227,1.2223236014320276,41,17,3,0,0.3591994107592922,0.30471937940726407,0
9809206239,60,8.11432954096802,75,190,1,1,1.4324659772237014,0.48827396277522794,1
9161550770,83,2.718923531444003,36,57,2,1,0.7016321332508834,0.49420210694611144,1
9639666038,208,4.950084434704881,19,152,1,1,1.3679227044379707,0.4509663779827647,1
9407552520,201,9.201587656923941,0,138,0,1,1.1512000107338884,0.2923249494049793,0
9190284985,198,6.066403682031314,8,59,0,1,1.3671549688444928,0.41256175207696333,1
9893874860,21,2.496118019207407,23,163,1,1,1.0032064682392139,0.3902813599582169,1
9398970773,248,3.1988555730286676,33,63,5,1,0.31981373356529763,0.6088747144848251,1
9355924639,90,9.244242927009964,35,151,1,1,0.18451259323047697,0.2624605960635377,0
9421494468,279,4.557867288544794,3,102,5,1,0.9779572576011094,0.5928104634495956,1
9548219862,299,6.076362088564499,28,160,4,1,0.18169805019309024,0.4676207542937301,1
9262101444,57,4.869355867941193,15,145,5,1,0.43038120504091615,0.4696634741896156,1
9158807849,218,4.095161836460271,7,184,3,0,0.3887226173130528,0.11138810537337636,0
9243297588,44,2.621151705857818,38,78,0,1,0.6979452335954934,0.39053294089449875,1
9200508127,128,7.01881925460372,57,65,2,1,0.9363324534706297,0.5260173966945644,1
9474681018,74,7.323299249585144,11,173,3,1,1.3756302914926406,0.4471793773174285,1
9284675578,251,3.1114083702702953,43,49,5,1,1.410668804452155,0.7711266894243484,2
9815206438,45,7.995603009020889,3,139,1,1,1.4753232571554997,0.35434155475040935,1
9631751801,261,8.618084402865955,24,90,0,0,1.1693528046730655,0.11550532372637631,0
9444051470,252,9.246413414276489,69,18,1,0,1.3898158292567064,0.3132709385394869,0
9638288070,51,2.0315179322245145,66,40,0,1,1.2068759242572633,0.5425468957241774,1
9923919516,78,3.3872749943260305,38,12,2,1,1.3748416499357796,0.5926336980603812,1
9153004410,116,8.673356801285108,23,16,3,1,0.2458453050269481,0.4121044883211459,1
9801654894,48,2.3861319268649925,5,172,2,1,1.4462049078484032,0.4509610058194285,1
9714012290,78,0.532950362813206,71,110,2,0,0.42838833197386095,0.2585611954831048,0
9892245586,189,8.772859447390529,32,194,3,1,0.8958579513605474,0.4396286407945794,1
9968845915,21,3.601269696638009,47,146,5,0,0.8235584980096826,0.31396178340150577,0
9687152334,213,4.437726488820025,66,181,3,0,0.890246934139006,0.3003769142308404,0
9520945954,45,4.74017324434606,1,55,5,0,1.0828413699755877,0.27980888546491783,0
9319688453,135,8.55860870633867,37,194,2,0,0.855436574561019,0.1101990844712582,0
9680261259,72,3.7099753736378736,39,9,1,1,1.064247165348144,0.5096399553581229,1
9734767982,91,8.976658915636577,55,199,3,0,0.8481439415747553,0.17457403266799834,0
9550137381,43,6.360921811456456,20,5,2,1,0.11686040399739522,0.35965885340887666,1
9150283084,249,5.50922387832,34,108,2,0,0.9783131272566683,0.2281868887309602,0
9969367132,106,3.5933378177108932,74,109,2,1,0.8772817950697803,0.5704204282625096,1
9673656130,58,2.8152611146712654,74,105,1,1,0.9201818693341062,0.5301053576107042,1
9670303367,155,6.428555206384813,66,132,4,0,0.1021846363127929,0.23495282721425076,0
9188562183,134,4.7454945205374734,59,101,4,0,0.7562455115758857,0.32778686047599,0
9482881782,198,9.14990209435406,22,53,3,0,1.3249680897971305,0.2569973456434069,0
9933923193,66,5.170567803083473,64,149,4,0,0.5655775921781937,0.26892249742438157,0
9724173395,118,5.3620517086613155,62,99,0,1,0.7228348505512413,0.42386222822887987,1
9124467331,14,4.4588711707920075,22,39,5,0,0.2714218940930968,0.2327975065750008,0
9131499954,33,7.997998471417207,41,199,3,0,0.730328002344956,0.12521337862438817,0
9366465876,230,4.535972382038069,63,17,3,1,0.6540897581489418,0.6306424357267496,1
9210850498,19,3.0587489976226716,65,120,2,1,1.3362568313105574,0.5829624984524617,1
9405611308,174,8.689293305788343,40,169,5,1,0.14961664725020118,0.46558247800056407,1
9328881543,224,6.169868102969783,19,42,0,1,1.431702661952931,0.45924923553204766,1
9417251414,135,6.119347087805517,8,82,4,1,0.9069644589323347,0.504403570018214,1
9187829519,276,6.302810968057302,56,138,3,0,0.8414881270572033,0.28794484363017675,0
9383546956,289,7.328977607953834,74,67,5,0,1.3406830000899088,0.5030008953820099,1
9649899759,97,3.474145898469385,16,181,0,0,0.36741322451253533,0.0,0
9966904072,123,0.8215215229135271,77,13,1,1,0.3926188208219423,0.5608060002236709,1
9348565563,30,8.200635028331591,17,168,1,0,1.3241962454166678,0.06674592911002104,0
9134806093,157,1.7245980118755555,62,27,2,0,1.4012219707549618,0.4033181270147554,1
9587653364,254,7.357287503500169,71,83,0,0,1.2729358201272483,0.2504481817066011,0
9309142776,275,1.2819953337296233,71,122,3,1,0.15777096684467148,0.5876319053499384,1
9819591750,226,4.065424499270675,25,189,1,1,1.012896893380086,0.41877919988102896,1
9520939790,249,1.0987476633996134,71,182,5,0,0.7315923893605302,0.42975611476246817,1
9219448390,241,5.461029956463383,71,63,1,0,1.2309546490692997,0.31869886507742196,0
9289261413,241,6.704789841424963,77,118,5,0,0.3213874333874513,0.3566256805760612,1
9410694113,251,2.128614841192789,12,139,4,0,1.388465730808952,0.34150584293609415,0
9895757992,199,4.03046237516482,16,51,4,1,0.5695610640163047,0.5395484458466455,1
9756115477,238,9.337275164909009,25,93,0,1,0.552520979047652,0.3074718821734769,0
9277253783,75,4.702696612520839,5,91,4,1,0.349798301328559,0.4272934368091771,1
9206944624,288,8.124163905277289,3,79,0,1,0.10973046198224619,0.23972768857454205,0
9725227748,278,9.308255078071987,6,188,3,1,0.5378404724027642,0.35847512908480117,1
9964118187,218,9.756285337284222,16,140,3,0,0.30765374245155386,0.07597635838010915,0
9295786752,25,9.034059187068008,49,40,3,1,1.133395461165167,0.5365154117616707,1
9445278729,229,3.5153506270102066,5,174,4,1,1.1592928701802405,0.5382476035641732,1
9941688554,266,9.644442418531334,29,43,4,0,1.259105476255968,0.3260426814616735,0
9483173839,277,8.217754796587446,73,69,2,1,0.10761832928827819,0.4859178086222107,1
9495847277,238,8.453168044575133,55,48,1,0,0.5920768479477646,0.17682787188549684,0
9977369031,128,0.6441433496324303,38,81,5,1,0.10813083675211686,0.5843793135479982,1
9300199095,187,9.56526920152379,13,84,3,1,0.8108010174617246,0.43162955834378813,1
9965717616,29,7.891857126563036,53,178,4,1,1.3726108286886247,0.563994347257212,1
9431517912,45,7.79569121682505,21,145,1,0,0.6710463633940927,0.01772726900539054,0
9902849073,117,1.2744849438215695,56,41,3,0,1.3231287480275096,0.4121816304374423,1
9829659403,198,2.709401140196647,40,18,3,0,1.426610318412534,0.40448042452714433,1
9645222096,187,9.641485818810041,9,126,5,1,0.43301305085349795,0.44338040294336584,1
9299648955,105,5.256432210652025,1,145,1,0,0.11421706520366624,0.0,0
9629499801,29,4.279651173253933,66,144,1,0,1.1353968527980989,0.21312514159005796,0
9129025773,173,8.47943776289568,47,59,4,1,0.910614412775422,0.5859038097116358,1
9179721839,106,1.3297339340824712,41,160,1,1,0.5860085247587064,0.4188808824287218,1
9875491405,152,4.460949154575063,10,26,1,1,0.6146453169008993,0.39425938150654055,1
9813286051,71,4.069157357009795,73,88,4,1,0.21336815349964341,0.571957623469173,1
9564456568,251,3.823588176788731,11,151,3,0,1.3194943014027678,0.2606395913802007,0
9353857558,247,3.4230763147041947,13,162,5,0,0.438890384793731,0.24570659706546405,0
9919163269,140,2.4957120895057416,29,186,1,0,0.23594623550353566,0.051948336519688734,0
9891623662,102,2.142652628409961,59,94,5,1,1.191347758428065,0.7301998994704483,2
9954615466,100,6.583858110736903,76,19,2,1,0.7791043379172636,0.5706528898878955,1
9301747480,142,9.234250991482446,29,34,0,1,1.168055610173801,0.3954723279897335,1
9712275729,132,5.334090629873874,37,33,5,0,1.3626248051924235,0.42145588906460435,1
9864726461,127,3.3307582472931205,74,164,1,0,0.6349777793127573,0.1985949012166801,0
9667534732,207,2.0120218783611503,64,121,5,0,0.17625969900827565,0.35570690134065924,1
9491446058,291,8.386361967999644,46,162,1,0,0.4545352253119418,0.09800788342143729,0
9335071309,10,9.729174536495531,38,112,0,1,0.17149797826828347,0.21599632962091436,0
9254191643,220,3.8169763139445925,48,119,2,1,0.3088166699487712,0.46642095129318406,1
9429673361,272,3.2640290427452245,72,20,5,1,1.2885258707619813,0.8399880893118284,2
9840408634,221,6.214183053261943,57,168,3,0,1.4179882950648177,0.3307717321019681,0
9117984955,96,7.8656253190575445,16,86,2,0,1.0476782882400113,0.13793389076011078,0
9829597246,162,4.826326633721811,5,180,0,0,1.1245510604937008,0.041480207654582366,0
9832009912,196,6.485694923679017,14,32,5,0,1.1240799389448917,0.3448279202559055,0
9338009435,70,7.307216146221273,66,66,1,1,0.27269804162816885,0.40320383790739167,1
9709110194,294,9.625626734633702,27,188,3,1,0.16595753695383353,0.3615573836188556,1
9448521527,104,2.0678546399407924,72,60,2,0,1.0777590794381597,0.35225016718662294,1
9790582682,283,9.97513369134101,43,79,2,0,0.15238341066587952,0.11930107165048007,0
9168597407,50,4.225488224791674,17,21,3,0,1.2364567380595575,0.2707522832029801,0
9802994568,156,7.370401355902261,31,194,2,1,0.9275930812554642,0.40521635347982865,1
9810572263,255,5.937936590743473,68,25,0,0,0.2589144573986173,0.1683144957989124,0
9757013727,141,5.1233518615839815,43,169,3,0,1.023010182608891,0.24313099957405915,0
9203100883,132,7.131716002950071,69,119,0,0,0.9488298593869655,0.159228991091035,0
9441961435,152,4.259661577124153,62,166,3,0,0.6268333527042558,0.2531373967323542,0
9466668256,191,1.6980448226996607,75,33,0,1,1.2448081577592869,0.612183774392052,1
9195427651,201,5.144487139651778,57,72,1,1,0.5264516504437168,0.4712903523774247,1
9860562477,216,5.458200771482026,46,192,1,1,0.6290735849635419,0.39909042093784064,1
9522728673,240,2.4180704572994225,16,15,2,1,1.0752721940342318,0.5605158177965148,1
9277932271,31,9.388383885122243,38,86,3,1,1.1528436916013851,0.488447303037366,1
9987857474,89,2.661018643139767,58,132,5,0,0.4829855491733085,0.3342593755164532,0
9526746759,139,4.387662143798928,6,121,3,0,0.12350067918600914,0.08423480244340065,0
9314164997,285,1.9718320250248713,62,100,0,0,0.34682526895556165,0.1834570479743689,0
9380735151,64,5.590068138775969,56,192,5,0,0.4684751907071,0.25620287188620705,0
9592862950,75,3.422557276950852,74,78,2,0,1.3670101557385463,0.35847053136521534,1
9714812253,236,5.148088939772798,33,112,2,0,1.3510547654591771,0.26953283791116106,0
9828014532,35,2.6338607063529182,52,166,5,1,1.024976717435435,0.6347242109493505,1
9516464408,262,1.0108637155127997,65,165,3,0,1.0930475955891559,0.3846520135512118,1
9318935443,206,7.902653185281426,77,142,1,0,0.9697540320166572,0.22272197895195506,0
9868935029,139,6.590319697616755,47,64,3,1,1.1908591062116154,0.5866359230406595,1
9604783697,252,3.737023879254622,59,30,5,1,0.591680355718484,0.7111073561351627,2
9304071278,221,0.9511951344820612,42,110,3,1,0.865388490202009,0.6028656105437897,1
9992422993,199,8.72296309562265,72,29,4,0,1.0389225828279596,0.39656181945855,1
9862553409,299,2.113052546888954,3,6,0,0,0.7558006287428823,0.14882277821981177,0
9476655817,235,9.342051073673566,77,94,0,1,1.1817364409450184,0.4986204266959861,1
9301558006,255,5.046656096661605,74,88,4,1,1.4056225540793523,0.754614833329583,2
9582601772,65,3.7336737441305954,51,7,2,1,1.029320518192646,0.5752977105868838,1
9452129198,64,7.546715030464157,31,36,5,1,0.20453905598333055,0.5028007730190964,1
9840599614,285,8.829974357714265,50,5,0,0,0.9543311023380445,0.19456003998799415,0
9235860811,162,4.0217788546342526,9,28,2,1,1.0748416083571324,0.49816964674724484,1
9412394222,62,4.369765645616779,11,54,1,1,0.49655193127110875,0.345432377338465,0
9903380172,120,4.615003083798375,38,175,2,0,0.5504749219739615,0.12867695363129483,0
9231429489,213,9.262069084047356,79,48,0,0,0.9335374953497507,0.21142967043340186,0
9648662382,121,7.07935791938616,67,37,5,1,1.0899588121173232,0.7103594290881116,2
9529229816,267,2.8526381119337274,9,42,5,0,1.3200020669490382,0.41461859069067986,1
9733327030,25,2.2574971262688046,72,116,2,0,1.1675307817173428,0.31168039495752214,0
9239267786,175,2.6884928025357526,9,56,1,1,0.287559016980483,0.36516183507389566,1
9502674834,289,3.0038569472624155,22,39,4,1,0.5873280122173999,0.5974997447656059,1
9421790950,167,2.6867431676730145,76,21,0,0,0.3082718208437086,0.20978503382250213,0
9904428313,258,6.755811248327763,12,62,5,1,1.1597177743257494,0.6228963979391567,1
9633895917,190,1.6013683512463102,47,52,1,1,0.4730281997613749,0.4919636304230759,1
9446272117,200,4.179905652225627,43,47,3,0,0.2729105012722802,0.24117372565929948,0
9741378536,148,6.438008943218481,79,52,4,0,0.2347219973140268,0.3181271990257281,0
9661427136,87,3.263169752457843,63,48,4,0,0.2602941304112969,0.30902725861986147,0
9785789746,59,1.1201066546657512,39,37,0,0,0.4459660565202195,0.12505798025977066,0
9582220757,94,1.2773272670366986,5,91,1,0,1.1952968568763738,0.16292436228739113,0
9876924822,192,1.6966843748945202,71,87,5,1,0.4328189704453421,0.699028063954707,2
9171622071,192,8.440508736247475,42,134,5,0,0.49391041575000405,0.2566831450550308,0
9311131893,13,6.7497033032472125,31,142,3,1,1.3329712062015204,0.4931767717718825,1
9936545810,120,1.1129629054276253,48,87,5,1,0.7192410345568089,0.6694533692816858,2
9461604945,260,4.215154351938489,73,160,1,1,0.812358991779188,0.5244845601235741,1
9359709003,142,3.1465591420471233,18,179,5,1,0.10381123445457806,0.4635653050966505,1
9197283803,109,5.991381060473602,51,140,2,1,0.2149506135210931,0.39571416756351463,1
9830191707,181,5.466656521886978,51,111,5,0,1.136835023150617,0.3983369911820969,1
9436552634,296,5.070678222012292,33,155,0,1,0.5668483514633564,0.36285699684478856,1
9624502304,128,3.487867518539825,58,180,2,1,0.3093536029581346,0.4379013554658316,1
9454814866,184,1.809097834417912,4,113,5,0,0.7003286641676327,0.2838969323537677,0
9193992475,39,7.552575637290061,65,96,5,1,0.16313677007694494,0.5375955047617526,1
9332639354,64,8.858639304005218,40,67,5,0,1.093126765190173,0.3184382068414249,0
9391943091,205,9.469433637711765,33,81,2,1,0.21226931385792203,0.3682557806770762,1
9600033788,50,1.0568802208290142,53,41,5,0,0.17682453753106137,0.3406197151871125,0
9878357885,182,7.529132760094388,19,16,4,0,0.687581368354653,0.251443504414759,0
9356054448,228,7.401782864366144,53,78,5,1,0.9219041588868074,0.6628571046940231,2
9989904164,217,9.497541334383097,65,119,4,0,1.1694567246358047,0.3469809776103661,0
9924850841,167,2.9026886477287714,17,85,2,0,0.19934564144910902,0.11737254653448115,0
9701888354,237,7.550700863803986,43,197,5,1,0.568747648877004,0.5390913074995927,1
9701241185,94,1.0189497432816035,47,19,1,1,0.475992181133589,0.49020833148331805,1
9754016638,182,6.496834347235382,34,84,0,1,1.1412617527273565,0.42202273149379155,1
9812185314,254,3.8330543284957077,78,88,5,1,0.6171963779962047,0.7273002467509294,2
9308685647,182,7.804639675701014,38,123,0,1,0.9789954037951514,0.3763571056803393,1
9854888997,221,8.701390721136239,2,14,1,1,0.7851296172837464,0.3702321987537481,1
9756011084,93,3.9657999010664042,18,46,2,0,0.8975217487613302,0.19041301103856276,0
9609427325,182,5.4930678806433555,17,158,0,1,0.6118784785688881,0.29529193619387967,0
9184231510,192,1.615338592454199,4,53,5,1,0.43496344580548096,0.5665115503872074,1
9394429691,142,4.4606161696230275,54,155,4,1,0.18363607536771712,0.5063756016753164,1
9354163605,297,3.9276037359621077,12,196,3,1,0.34285692925629796,0.41421158667921054,1
9680753935,271,2.239672867952918,33,21,4,1,0.3416406477147653,0.6061374699770037,1
9670382875,291,8.99754693528437,17,166,1,1,1.4087778068853927,0.4179327736028347,1
9853577967,278,1.9068344613815222,67,109,3,1,1.4123330414578774,0.7289812847717004,2
9181260962,206,6.539523896536778,71,61,0,1,0.45812179596542546,0.44068366209074306,1
9727069371,34,8.956355113058933,42,90,5,1,0.24789851606957677,0.48083822723830877,1
9671272749,150,9.163701508700644,64,136,0,0,0.4944054736650517,0.06536423873539848,0
9147582023,232,8.0357771484854,40,73,3,0,1.2150263389341733,0.2967405015569427,0
9781769195,29,2.173340771804678,37,99,0,0,1.3190725867987099,0.1736919544875224,0
9955871478,256,8.265598387531762,37,87,3,1,0.8015423805342052,0.5170145716803902,1
9408332757,210,3.1273657179484333,12,54,2,1,0.8561666625812214,0.48921161089436527,1
9656634196,124,9.262781260608836,21,130,1,0,0.7421850449860429,0.03722549693768577,0
9890498073,198,7.2363234735265705,28,71,5,1,0.35592778136237024,0.5361754520811657,1
9774490087,35,7.960041829584422,8,92,4,0,0.16968327710457773,0.08217482463086959,0
9647909716,63,1.3078083082684036,67,132,3,1,0.969955727540086,0.6142509876055895,1
9783265512,179,6.036268577713672,16,191,3,1,1.2182218474633544,0.4739847320963717,1
9994707776,20,8.300850205537456,36,117,2,1,1.1490862004439246,0.43411347492015484,1
9548296581,36,8.685108351338743,63,109,5,1,1.3604136507641165,0.6558783378756291,2
9552858518,92,0.7720011949695944,66,119,5,0,1.2391071205294033,0.4729621734572266,1
9326902642,299,9.422012709273632,3,67,4,1,0.5026065717605604,0.456231969433317,1
9826790207,47,0.9117179663735574,39,199,2,0,0.26353917795176185,0.10946741909106208,0
9962109546,96,6.337927456911074,15,30,2,1,0.7030273653433605,0.42065815435827036,1
9823227542,165,7.087181512345465,10,132,1,0,0.5876310821154888,0.029969551705713082,0
9482338399,295,1.5197802660951432,25,5,0,1,1.1200157992176751,0.528581199379646,1
9563045789,195,0.9561127232873305,71,98,5,1,0.19516290675276518,0.6746961961308839,2
9910309196,191,7.956665467281927,64,119,5,1,1.4202141807104591,0.7103790494112053,2
9502784746,152,4.154370935575622,1,150,4,1,1.4400354314654855,0.5467351338822841,1
9528871313,215,1.5175688954936748,44,16,2,0,0.22368266511097906,0.2449644264007267,0
9424671318,151,7.745344255682599,42,170,0,0,0.7075491172949854,0.04172842967387373,0
9793456096,194,8.567049166364395,2,46,0,0,1.3588041833875362,0.0934852453434649,0
9769599636,250,6.080168812208671,33,168,0,0,0.3621938315486235,0.027417900705997436,0
9953899878,17,2.031749680129133,79,20,5,0,1.0690994586765048,0.4961942722129642,1
9329659542,81,0.6446134791691627,64,197,0,1,1.0956998174760422,0.4708486163470951,1
9379218010,297,7.157623572368467,63,71,1,0,0.4270359327798847,0.19480282906516455,0
9401880108,104,5.726326910840509,6,171,1,0,0.10863287475082979,0.0,0
9397012311,166,6.682572846340755,34,103,2,0,1.0302565013578326,0.20070657267351755,0
9432854574,50,8.22525436689616,21,63,0,1,0.9641591627371714,0.32607938045904006,0
9208229287,278,4.6251638814332345,47,42,2,0,1.00959269008837,0.3125324895667389,0
9119501490,164,1.6828969539193939,31,148,3,0,0.3190209554951582,0.18957108454571953,0
9550249385,284,9.429841211212851,25,143,5,0,0.945227957410638,0.28075259368805566,0
9229762353,163,5.679990208845144,5,32,1,0,0.8583444309779691,0.11755811587788122,0
9286037679,62,6.345294131341133,45,95,1,1,0.7335773061386321,0.40616908049387557,1
9374418003,188,9.367408580741635,54,115,5,1,1.187691849583843,0.644247452314495,1
9956156506,249,9.350044734947499,74,98,4,0,0.64361736995777,0.3249335475755625,0
9147942277,146,5.934898763917649,54,81,3,1,0.5945740459553462,0.5320634336809633,1
9446006874,264,3.327308534853548,56,84,1,1,0.8574077969394623,0.5413612332144929,1
9937317256,233,9.972579523121023,62,134,0,0,1.4218691833579755,0.18558668105883808,0
9389441900,189,6.967762354558592,0,152,5,1,0.5819603218511062,0.4606220903674297,1
9797515832,191,4.380148430474537,20,76,0,1,0.7234620282900613,0.3721869955624463,1
9298614814,268,5.818449627109103,19,42,5,1,0.47285207661814566,0.580137520335535,1
9940763924,252,4.450423477546282,72,188,0,1,1.0514574328515947,0.4879698102116361,1
9156586535,105,8.938898946818151,28,171,5,1,0.6097192631555893,0.47139952421685294,1
9572909935,206,5.083744061224588,42,35,2,1,1.0697754499901766,0.5673014585974594,1
9660512812,23,8.323519571821848,44,84,1,1,0.30399428744997803,0.3237304129654686,0
9918359472,129,8.481674829318537,64,155,2,1,0.4692700928142498,0.4234323131858876,1
9672012886,278,8.33115720848486,2,166,1,0,0.3888295322660199,0.0,0
9389074835,180,7.360791818518908,19,100,4,1,1.1883637310869244,0.551024145908204,1
9148674916,81,8.621338309672028,36,21,2,1,0.22539486904145772,0.3836913245689107,1
9795611125,188,4.178681006418207,37,111,1,1,0.45272435271967515,0.40606608358267593,1
9826276724,179,1.5893004583486232,73,28,4,0,0.8103463936682759,0.45215329507334295,1
9361686875,168,8.503314941538887,44,167,1,0,0.22295498533673594,0.02901481894194169,0
9526487184,163,5.23259994902978,41,122,3,1,0.11547732118040646,0.43778274581995813,1
9933298459,91,1.7100723090145846,45,155,5,0,1.0675993903032888,0.37560772579488627,1
9158874792,66,1.5954689607290753,59,140,2,0,0.9590107384587261,0.2642856610862982,0
9884910273,16,2.0128027430939808,12,186,0,1,0.11178085467402557,0.207526736310422,0
9264001304,121,7.634245966837505,30,91,4,0,0.16794984793860934,0.15880969681724974,0
9396546361,57,7.25313839792967,67,153,4,0,0.40711908326760016,0.22726662921695595,0
9127764209,89,2.436277461756391,61,23,0,0,1.3686504574105673,0.28448605868152466,0
9810877480,42,8.545772472043055,48,163,4,0,1.0138177278729845,0.23280885768024145,0
9778669642,124,3.1723005575183265,17,54,0,0,1.2270003607454665,0.15348910326590273,0
9253012472,12,8.033363041492002,74,75,0,0,1.163269412408424,0.17539197299110684,0
9492168325,13,5.143656123481948,52,116,1,0,1.4762350680059335,0.2218910013455953,0
9202848428,269,7.449712484116378,17,28,2,1,1.430219970939879,0.5462131800367223,1
9395019594,51,4.123182799198876,50,50,3,0,0.19422873875984048,0.20692925506079432,0
9464332685,18,3.7978356724003715,40,140,4,0,0.13176366366467607,0.1710376115709567,0
9549579841,154,8.492916190113657,66,81,1,0,0.7958960910366388,0.18665920330969948,0
9922375591,106,0.8353714178836618,64,7,3,1,0.48041554542426124,0.6283920751029741,1
9652317698,285,9.76000099894632,5,166,3,1,0.8063930670945477,0.3958971560639898,1
9849082102,151,6.657705803521048,73,81,4,1,0.22694261790319667,0.5673573111727976,1
9417185908,287,4.6085921878947,36,189,4,0,1.3724075484916924,0.34841913289760007,0
9361571808,36,6.466518045929039,11,122,1,1,1.1837397222053763,0.36180055011349677,1
9492654487,52,1.6660389913603368,1,62,4,0,0.8729631279971366,0.2458797741299991,0
9232847122,140,5.383498325288702,52,167,3,1,0.7510993762862243,0.5083632785842158,1
9639799697,225,9.858407471728079,24,25,4,0,0.7558917103681296,0.24990611558343861,0
9317031920,103,2.735059659543715,27,69,5,0,0.9630550442375106,0.3564625560606434,1
9579520627,17,7.3616419408453195,44,70,5,0,0.8634774658533063,0.3038109259455863,0
9775879804,95,4.6322280704011565,36,189,1,1,0.7751331569997694,0.37326257532849183,1
9638483031,147,6.698352410635559,16,46,1,1,1.0509594811029686,0.42193490880472956,1
9191813612,255,2.4464286725718667,68,47,1,1,1.1709733038809196,0.6326596523948479,1
9115516706,30,4.969417334867223,55,30,4,1,1.0001352471882834,0.6331332216441873,1
9729533373,274,9.810880781663114,57,199,2,1,0.6479422741950559,0.42983917019011586,1
9710256896,157,2.355227934652091,3,158,1,0,0.6800535636218381,0.06696035908546213,0
9943077603,193,6.546227764563192,54,140,2,0,0.23794447496393814,0.14096527048758095,0
9209678744,236,5.968178613284556,48,179,0,1,0.6803635718805662,0.37145881859958657,1
9196913836,45,5.867990069758831,37,169,1,0,1.2001092129645812,0.12834722471864374,0
9579597051,255,6.343671251690362,44,86,2,1,0.19305872359456058,0.439042991811063,1
9622677373,82,5.2712607500381665,29,150,2,0,0.3457271087219998,0.07834879071284861,0
9431215338,159,0.660842127447751,36,168,3,0,1.279663228834429,0.31702948193075847,0
9478359265,10,9.050919708899618,55,108,2,1,0.8951264776034923,0.4392208074722904,1
9704123480,78,8.356298861098292,26,134,3,0,1.0396785415708085,0.1687858386553175,0
9383801487,239,2.1545929687506526,31,88,5,1,0.5501826516106625,0.6296501359016049,1
9516376545,220,4.426095185099256,10,124,5,0,0.7843188624356122,0.280171787937749,0
9645325276,81,7.820215316588895,57,7,5,0,1.166206858580001,0.41245223923053337,1
9358389906,105,9.810591996179202,76,108,2,0,1.3264607372944923,0.27444818452118863,0
9350804118,93,9.53580194119697,34,112,2,0,1.463889124626505,0.19453707166081696,0
9871691218,237,9.043912396923655,16,38,0,1,1.291435758349868,0.40664534223890025,1
9579517720,245,2.0045520243418267,29,130,2,1,0.19447645603406769,0.4328658837653196,1
9296484277,231,9.187513507085546,17,117,4,0,0.5806995467892012,0.17678378352967763,0
9800257778,232,8.845226673035254,29,114,4,1,1.1484454537033701,0.557787401034648,1
9124669000,290,4.081024156080701,15,178,5,1,0.6851345251152132,0.5553271864741907,1
9409765760,230,4.24796464809449,74,194,4,1,0.7109192579050203,0.621168068504802,1
9432520489,225,4.869134758574027,53,74,0,0,1.212039116658059,0.2292650768960787,0
9876466322,240,6.733668494180961,3,189,2,1,1.2667864254569288,0.41546034912466,1
9807039712,178,2.9779383518386497,14,142,0,1,1.2079716511010716,0.3971880045767314,1
9180735137,51,0.7180100796794745,75,92,2,1,0.5964744427082053,0.5673108121688308,1
9878127183,267,1.8416804836738014,26,22,3,1,0.4192190480930523,0.5589061199670807,1
9953171947,205,4.68110112197935,3,165,0,0,0.6022397658078205,0.0,0
9274766951,105,3.1790244095489175,34,139,5,0,1.081936946266545,0.3466841406373984,0
9678672017,23,7.7629073298432525,62,49,4,1,0.6106004266505083,0.5572504965732754,1
9342302497,122,1.5135556702180781,65,116,4,1,0.17753525585835767,0.5799248959937193,1
9898843224,86,9.215919642770636,38,161,4,1,1.2210597204143823,0.5198694640698116,1
9336797820,286,9.005608209467155,27,87,2,0,0.18879809234837067,0.09610513923486527,0
9503939372,169,9.133189760866237,33,170,2,1,1.494587036330311,0.4720688338959092,1
9477921157,128,7.526294986731603,32,43,0,1,1.3061940258339275,0.43106107659262544,1
9485058836,170,1.5164997290941933,49,157,5,0,1.4388722890414474,0.4515500112691766,1
9858060665,155,4.662306928010884,59,149,1,0,1.2665587657400978,0.23962270208601444,0
9389381445,172,1.7483510321519056,71,65,2,1,0.24149715626103008,0.5491161130321675,1
9595728479,188,9.883142331230285,71,55,1,0,0.6862572176520888,0.19013649147682052,0
9450215016,98,3.6638650222873963,41,41,1,0,1.3711087801994253,0.26245000668981555,0
9450361647,232,6.060640147955589,27,71,2,0,0.22723115178558412,0.1296567231054697,0
9861611754,275,7.904234015320107,74,28,0,0,0.5273440145384211,0.1942638068941026,0
9477047590,248,9.245852800143632,26,126,5,0,0.7539381374769151,0.26115567622883956,0
9838001897,43,7.6777033954929195,0,53,1,0,0.729880234367636,0.024419854044867982,0
9197371145,176,6.907785898279257,7,153,0,0,1.4214618838510553,0.0738653286161089,0
9177642269,134,4.926826929362438,45,189,0,0,0.6531660234997813,0.061741333000957827,0
9439206417,233,6.251301270629979,23,173,5,1,0.4345457352703552,0.5045132063182162,1
9242955451,159,1.3945561841018832,39,149,2,1,0.7229083334724136,0.493664325807467,1
9162745175,198,8.897264148631994,50,113,5,0,0.654391243162527,0.3005597793959193,0
9745588723,52,5.665884433978912,23,106,1,1,0.9726238017189566,0.3853409096651946,1
9574059132,38,0.8812829791319556,21,153,0,1,1.4918060418455488,0.42932466260521573,1
9365712968,129,9.239070193769026,73,72,1,1,0.8719841446968629,0.4804192550383953,1
9550281950,40,5.148368751450253,67,196,0,0,0.7471175034696643,0.09129034206562336,0
9159537422,190,8.751596844829516,7,48,2,1,0.9313929562386541,0.41716465927735097,1
9690348803,171,8.640435564950891,57,128,0,1,1.4717187723258154,0.46277102589968716,1
9741577150,137,8.24964008084259,14,32,2,1,0.9747198742661852,0.4380040372751644,1
9587392423,264,1.0833286833058828,7,40,2,1,0.27210844362715453,0.453803069035588,1
9825319176,263,2.847133131529984,41,169,1,0,1.3777631348584614,0.25304931193798885,0
9352553836,139,8.817704788421592,38,131,1,1,0.9271504895777847,0.3865122679549418,1
9308974984,21,9.040415032494892,34,48,5,1,0.3213475491303455,0.4881767255057028,1
9286980505,44,4.851654192503657,40,54,1,1,0.42268868951551875,0.39123612576515165,1
9884917891,207,4.680393942714922,47,117,3,0,0.26874953840956906,0.2105352172965692,0
9168709584,257,2.1638360219184225,77,187,1,1,1.4450643615317522,0.6197250244541225,1
9186491407,119,9.699902492565936,70,92,1,0,0.19918986900280483,0.0947372877028787,0
9455541134,254,2.5248155159109102,43,142,5,0,1.170198632045351,0.4236093829878445,1
9760495970,259,2.313899451332273,34,42,0,0,0.5727218935952029,0.16552650048210374,0
9346552440,172,6.776925216417156,26,53,5,1,0.21355770611878055,0.5221704888039145,1
9684851251,57,2.807020878504253,64,76,3,0,0.7073861345781606,0.3044020856073282,0
9989123908,80,9.418330304636703,69,6,3,0,0.10037767150805102,0.20460869025865902,0
9995580406,143,0.6036164555190509,65,48,0,0,1.2441817050526833,0.3024417404734267,0
9798223876,248,0.5546559920713625,70,39,1,1,0.8586805968512141,0.6245191330506228,1
9377414675,77,5.296329613638195,71,120,5,1,0.732445172328457,0.6446207986490899,1
9347896142,287,5.136593369177984,62,153,4,0,1.2609185052822984,0.4052044335370733,1
9800196497,41,2.0519582080586494,79,61,2,1,0.8270484128255849,0.6008056443756998,1
9683746158,132,5.1979358482177025,28,95,3,1,0.9334175477965976,0.5123348755569793,1
9869085185,31,4.410780499114871,30,27,0,1,1.2407444139312778,0.4382266303490416,1
9383807324,164,8.958130490752502,63,36,4,0,1.1087989548900252,0.3690416420311063,1
9880569100,119,0.587912242061153,52,75,2,1,1.022654937765223,0.5948969789604263,1
9181369859,280,9.774563147813046,73,165,4,1,1.0857974371937,0.6254176013561541,1
9995069372,124,6.431731260810503,67,21,1,0,0.46815753520287307,0.1963147957612854,0
9259863902,229,1.9425127336301184,24,131,0,0,0.2641469863686007,0.057954152227337324,0
9670921576,239,0.9442201312060792,12,174,2,1,0.9717340610275278,0.47701077908216366,1
9657282311,261,5.612003756312703,39,21,2,1,0.41362314560571933,0.49714073239693396,1
9694804802,258,2.731456576732291,71,52,1,0,0.1666683346216009,0.23377272123380463,0
9311402223,18,3.361072601511963,6,180,1,1,0.45605089130385834,0.2666932357383195,0
9399544766,43,2.8287555659278794,31,61,1,0,1.1083774220028701,0.19377689051587652,0
9345316351,237,6.676636978938853,23,107,0,0,1.0917901856627352,0.11234517853226199,0
9733016840,82,5.758525140103269,0,193,3,1,1.364563498312894,0.43201198478297476,1
9691115229,221,1.2407570234572092,46,48,4,0,1.0453185476087499,0.4249824747648968,1
9126592372,81,5.502002065164167,50,155,0,1,0.715617452999538,0.3564500695779746,1
9103991818,67,8.016302772851349,35,126,0,1,0.46469910130023995,0.27318492554847923,0
9758090468,229,1.271348612793081,26,57,4,0,1.1617604652892706,0.3912217391478622,1
9693243644,284,8.95252027418899,69,37,2,1,0.6767592869468305,0.5542642044766851,1
9205733417,258,5.9939131697534265,41,60,4,1,1.241684022392003,0.6641251246499992,2
9568631436,25,9.530932458068008,75,32,1,0,1.2922754008388264,0.2441185252705097,0
9999605667,84,1.9073415683625687,67,155,2,1,0.5921946120877629,0.5118252546301808,1
9100250231,115,9.938867493856495,69,67,0,0,0.5813541615170719,0.1029127561224373,0
9814093196,145,6.6205922267119295,12,11,4,0,1.3790866792808087,0.32220996145982056,0
9851160587,83,5.891194895070097,24,115,0,1,0.656163477190515,0.30667861185535394,0
9557720356,263,5.395156429064811,21,134,5,1,1.089527419163235,0.6163847464841439,1
9794607355,27,0.7247165444339712,20,197,0,1,0.6289438694392749,0.3004766657995054,0
9134533367,52,9.426572319720991,14,136,4,1,1.1237935622387043,0.45510302629865934,1
9273039688,59,6.617947492114884,66,12,5,0,0.3430395875688047,0.33998271393621127,0
9142973491,12,1.3704516027432667,36,130,5,1,1.270239680190579,0.6551833423899502,2
9152461766,241,0.6990456177979865,44,53,5,1,1.4764233338920134,0.8055489193201324,2
9368856449,228,0.9824445727491377,25,33,0,1,1.1720815720796465,0.509410453776568,1
9875153397,68,6.289259752606286,54,86,3,0,0.6027744771733669,0.2254951535628619,0
9790126647,293,6.33314644149856,49,59,3,0,0.8772854194760039,0.3201598263724711,0
9880386875,73,5.24683927192369,34,169,0,0,1.0374403463472937,0.07299743696525761,0
9616990566,79,3.41427529620304,40,99,2,1,0.37002142979039443,0.4329979346870776,1
9330876991,151,5.551555950339093,71,10,2,0,0.49606303142270525,0.2759255590333221,0
9725358310,211,5.40486729832445,10,156,2,0,1.2224790864972384,0.17060574946644189,0
9459595860,216,0.6844478188273735,7,116,2,1,1.4233991988165546,0.5459445300320582,1
9892609942,230,3.1834576881112313,53,109,3,1,0.48119649296829503,0.557625420232194,1
9683855772,255,1.00526074393792,0,44,2,0,0.30661645657158687,0.15873084586133543,0
9329289165,90,9.051470138752727,19,16,4,0,1.4742705221175207,0.3030448209890698,0
9632348889,260,7.389620046458787,33,68,2,1,0.5479560220048543,0.4546626154164105,1
9236970418,60,9.963094116832666,56,50,4,1,1.1898649988485848,0.5962266704598383,1
9685353412,294,3.370627001400235,12,18,3,0,0.6306156463601706,0.26362635354641767,0
9168112374,213,8.845615553690648,53,159,4,0,1.4287093492186786,0.33784773526195355,0
9750134238,34,6.2290155453585765,52,120,5,0,0.9393508548017141,0.3240405826985694,0
9923154776,50,4.8046913655842465,51,41,4,0,0.6811598597475781,0.3076662201160317,0
9752346142,78,2.6144445572420336,5,114,0,0,0.3496663461790951,0.0,0
9437404691,13,7.514725570218356,35,66,4,1,0.45781341872830883,0.4699775700714435,1
9716565483,249,9.08933711459085,24,71,5,1,1.2997571382166269,0.6317988112109051,1
9333929910,40,2.735429781716022,57,84,0,0,0.17972492884893793,0.08565850074794693,0
9661426640,126,2.1662081822493193,54,80,5,1,0.3195800876186036,0.6274551123272406,1
9883651308,204,7.114108192546237,2,18,2,1,0.36968071912712575,0.3768923879847003,1
9837483905,99,9.781245045892431,27,102,4,1,0.1989515731568852,0.39864924822811704,1
9865294201,187,7.624573460488741,67,171,4,1,1.0598958581166893,0.6068092881148044,1
9422382694,154,3.2035170209526647,37,137,1,1,1.4737806274022005,0.5182281377034987,1
9667018203,211,4.489576529403964,33,80,2,0,0.2948796849294807,0.1600273105053568,0
9988276073,212,4.151017536854532,12,30,4,0,1.2185056509942434,0.3409418010103882,0
9119138117,33,8.594902671446931,4,85,4,1,0.3471075553198122,0.36981407458101445,1
9602345410,114,7.828022399286127,59,112,1,0,1.4632928238788983,0.23280887007403428,0
9367102905,284,6.095266630234441,16,57,0,1,0.809871627287112,0.3872747290449735,1
9732335458,69,3.1121115487705806,56,67,2,1,1.2865225362481596,0.5959373657645323,1
9862212945,24,9.410891013359533,30,15,1,0,0.3387783217172492,0.0381227064457555,0
9987258698,94,6.706494635306893,64,37,2,1,1.3393593153143764,0.5988118488807093,1
9723709045,206,9.719528141196934,65,45,2,0,0.2142948756276176,0.17576438071428427,0
9371727443,244,6.0111118138992925,32,44,0,1,0.1320491033747557,0.33877921730484584,0
9684409412,272,8.301331204454334,3,178,0,1,1.0925446941691266,0.3017727221801765,0
9736860117,15,8.224501104248004,54,8,3,1,0.24912954618660726,0.46470153229141686,1
9767117370,298,3.704623379919125,23,15,1,0,1.312122736969725,0.2807159145440042,0
9129268923,67,9.658196868093668,31,159,5,0,0.9697838827009081,0.22859237017365164,0
9182298322,154,0.7084439421768579,72,12,1,1,0.5633743003772929,0.5801702554058196,1
9200533117,51,7.802753633290435,46,153,2,0,0.4881847176626599,0.09354912252003394,0
9953116270,209,9.672792314758416,15,131,3,1,0.21469925027656783,0.3456737355894205,0
9836644413,183,3.719627931195367,20,131,3,0,1.0614036901080701,0.24303290763862395,0
9243397007,104,6.657050584014233,66,9,2,1,1.38383864414901,0.6259093636230438,1
9366621311,226,5.84112087352,30,194,0,1,1.159480734119963,0.37981090427882225,1
9783985111,120,7.734319441926975,13,36,3,1,0.9671522274144092,0.47849643398660546,1
9423030376,189,8.728690255627997,5,93,1,0,0.26619153262369516,0.0,0
9616393283,172,6.228923408345706,68,62,0,1,1.2586810449649126,0.5241613111623077,1
9293522702,128,8.25109357062384,28,76,4,0,1.4515374797807883,0.3103047080595418,0
9105492952,237,3.4667129709479245,54,159,3,0,0.46794424528635115,0.251752753782987,0
9416671467,154,2.6715770576957603,36,30,2,0,0.6885086256926933,0.24562877705744074,0
9731339958,151,4.591343050561981,58,172,1,0,0.11967153130880884,0.08803113381697998,0
9165256994,131,6.938497696017441,35,33,3,0,1.264666576130214,0.29768135011674973,0
9512850358,294,2.2788460149178746,75,86,2,1,0.12904384984728023,0.5602891098026592,1
9714873357,235,6.9633458254429685,58,11,1,1,0.7811116492252096,0.5218399146683763,1
9885177520,266,4.24388966143464,77,110,3,0,0.9070572564502276,0.37910352817014503,1
9777385682,294,8.057965101980002,63,25,1,0,0.17775868965608163,0.1762854615349697,0
9986016869,174,0.8499402624813814,42,199,4,1,0.34593505661205565,0.5287129236436701,1
9708032355,230,6.845835059379247,41,100,1,1,1.2071675648591966,0.49029342040388596,1
9644071174,78,6.673312198174693,73,14,2,0,0.4535471629885355,0.24039591318052791,0
9209821469,233,9.438887023190487,59,66,3,0,1.1146110308203812,0.3143700127534932,0
9483285714,133,7.276991758858669,61,140,2,0,1.1488621335853124,0.24125622159060012,0
9263080496,21,8.064868016021173,63,118,4,0,0.6702457233695889,0.24800107061209659,0
9368140504,61,9.0936146506051,57,8,5,1,0.18925152504780302,0.5541034738651418,1
9758195599,138,6.912993223773885,1,161,0,1,0.11512930208689838,0.16940959756514118,0
9174798069,144,3.2564595321197585,77,144,1,0,0.789519084688389,0.23931477577716953,0
9568209895,154,8.762851096043459,70,104,2,0,0.20003604608345835,0.15341677904416023,0
9367966130,136,7.601992135021764,7,183,5,0,1.1170614950183775,0.22334014044861078,0
9453930961,235,4.532157238008488,55,23,3,0,0.633153517267631,0.3285092018826805,0
9387516379,80,7.250027140174639,35,115,3,1,1.05660578787503,0.49437570219624116,1
9529358671,282,8.74304433322085,68,35,0,0,0.6714263819861223,0.18635463383968445,0
9352657139,196,9.76869524821708,12,112,3,1,0.9796704236363378,0.43560277452442236,1
9638969641,12,9.547339287611026,38,30,4,0,1.2662250173758476,0.2870789306337694,0
9297240080,294,3.5906143542593445,5,113,0,1,1.3382341685755499,0.4306507279779539,1
9325341118,31,4.506090280322727,18,138,4,0,0.12363597764530768,0.1165299006202309,0
9856795564,175,1.5405977472850272,24,33,1,0,1.003707997514414,0.23012445340097604,0
9566854860,255,2.8516707266714367,2,21,4,1,0.8897884740564979,0.5905545681667226,1
9621044998,243,8.883001480626028,52,152,1,1,0.991853481720799,0.44222640003898356,1
9560553370,167,3.92807429965391,27,174,4,1,0.18133291289903167,0.4489063912853703,1
9250683145,160,6.39525025665137,25,114,0,0,0.1978547359294158,0.0,0
9162925345,222,6.826673373916816,46,179,1,1,0.7957721416651241,0.41077257651281307,1
9201784099,227,7.927378113861464,7,78,5,0,0.17996087644386022,0.183750101140259,0
9730050712,255,2.236600287333494,56,100,4,0,1.1869750991549817,0.435597808450596,1
9795005701,285,3.395724778837137,54,6,4,1,1.1814674844766868,0.7515274007911567,2
9917430423,160,4.759195243852716,78,41,3,1,0.2642536710328125,0.5842667642643715,1
9518792337,205,3.9659900817635987,0,95,4,1,0.7370810524433185,0.5040245119787018,1
9937621974,30,9.837599712167053,39,151,3,0,0.932973321788053,0.1461556020685617,0
9543795589,266,8.431937630530268,22,45,4,0,1.3032240293262725,0.32913696528612285,0
9884005404,26,5.057024168894618,53,148,2,0,1.4838019484349567,0.25755527711879267,0
9435694973,60,8.853051947821445,41,119,3,1,0.12410990310717876,0.36940656499900426,1
9450541720,279,3.8027030020413193,79,192,0,1,0.7668747311567274,0.4825425317143115,1
9330950326,92,7.965369076957513,49,189,0,0,1.2245987004966792,0.09165074846944468,0
9102488144,133,2.6249181820113097,3,68,1,1,1.21421114777623,0.44642298621567855,1
9827382701,299,7.837059429650476,7,9,5,0,0.8585673137866074,0.3199666978319205,0
9725884311,271,4.8363073303594195,35,150,5,1,0.35516066383131994,0.5606002583621121,1
9145399577,58,1.5212435494263024,9,76,0,1,0.8827348606732106,0.3653899273543364,1
9615193970,15,3.095993318278032,29,145,1,1,0.6481759514444689,0.3613791943539999,1
9340720765,126,4.321608928223863,15,109,0,0,0.6727631741255912,0.041722273756384584,0
9366563041,127,7.618282660812152,29,78,3,1,0.5601357878578395,0.4479135692798617,1
9373523995,272,1.193335789944033,63,40,2,0,0.3022817280809239,0.3042371112237158,0
9325039234,138,6.765696453380076,73,151,1,0,1.1335346495302807,0.22438580050307277,0
9860755274,180,7.302129588862014,10,163,2,0,1.0918833105045314,0.12040044219419961,0
9578536869,36,6.712253014294639,33,97,4,0,0.859965028258812,0.23399876721952184,0
9122074556,208,7.726361562591778,79,113,4,1,0.596713917460898,0.6116059980108731,1
9689699149,106,2.1926018522169635,54,27,2,0,1.2517589504295068,0.3481665184916039,0
9939277490,26,6.077481873098855,3,164,3,1,0.3238606694145763,0.3096168311858963,0
9969244505,182,9.440876998436858,48,117,2,0,0.7083981159017266,0.15775058326029823,0
9461874095,110,6.3024505631431085,43,15,2,1,1.014916335925849,0.5327438868867179,1
9438540564,195,6.307695296053054,30,198,2,0,1.2500974252816732,0.18281934748116416,0
9884486965,193,7.496176600076055,47,137,1,1,1.0094544217097317,0.4438970780709218,1
9797132215,224,3.6654402051956607,25,99,1,0,0.26478593223748015,0.09827236273948302,0
9107838941,260,7.154521062554635,69,17,2,0,0.2418099390410799,0.24724627326760734,0
9931394618,225,9.204221416475542,11,90,5,1,0.17060527837946127,0.449771976407829,1
9366057031,38,0.6035069937407584,44,196,3,1,0.8839674372144957,0.5219673418741837,1
9620771762,111,8.766073890534221,7,39,4,1,0.44011519754912753,0.4294709370194847,1
9940738579,132,2.5768741469591614,8,87,4,1,0.32334239498345896,0.47357859763450516,1
9269397359,63,4.831271100153565,0,33,4,0,0.21896175485121405,0.14460015738030296,0
9370237407,292,8.59730410905006,4,155,0,1,0.9985022630456813,0.30601928892354774,0
9242659285,111,8.327165210837975,70,87,3,0,1.154779575581399,0.3142475665397122,0
9566031674,126,8.973311042197532,53,84,1,1,1.3008712658422807,0.48327481939470324,1
9328685126,113,9.433959530008998,23,99,4,1,0.9335779657934243,0.4872051748684363,1
9665590920,54,4.747991089331706,25,148,1,0,0.5959305037865594,0.055185767382406645,0
9980643968,123,6.735456202609566,9,158,1,1,0.7585797866262783,0.3082540999638387,0
9520219548,40,4.209545184998014,60,7,1,1,0.9906107798806484,0.5345254180323684,1
9452040135,173,3.8318088161755752,39,126,5,1,1.098203503658249,0.6566860479782164,2
9863315511,198,4.60015640067786,43,128,1,1,1.002777693663434,0.47468144643147775,1
9730661109,204,7.559223280435422,11,27,2,1,1.4466658227733769,0.5165392193675803,1
9109941699,270,5.263687097844752,21,189,1,1,1.1502923776780705,0.42362084014723145,1
9636783906,216,8.233566907259249,26,141,0,1,1.150869517855283,0.36490153925552304,1
9628466298,61,7.579575533363481,66,183,1,1,1.2477277642023499,0.4560390919705869,1
9694211202,58,0.6945453806817936,68,37,4,1,0.7445297477356604,0.6869756918267644,2
9825241589,15,6.487262492508536,13,96,1,1,0.46952514414524227,0.2877458673873267,0
9345438700,233,4.647425671431615,24,28,4,0,1.2427345554458333,0.37149237192965395,1
9330359655,32,4.837975396935845,51,111,1,1,0.7498520346584869,0.4237098727291216,1
9571070214,154,8.274544011764,58,54,3,1,0.9500463598194928,0.5712777017038377,1
9999676160,119,5.702275867804429,37,56,2,1,0.7014279823157171,0.4707273807975664,1
9525622757,221,8.913407322859998,19,42,4,1,0.6544817749716367,0.5082602584556096,1
9478610630,50,7.271653127721058,77,48,0,0,1.0397646823543054,0.20009525768319722,0
9672936363,181,5.751980083258502,19,93,1,1,1.0314812964839224,0.4232706612456354,1
9935521622,195,7.668110773435486,55,130,4,1,0.5326338264272032,0.5386487298900386,1
9822751016,223,0.8643159837913694,29,60,5,0,0.36457886938769746,0.34809433918769395,0
9403019130,61,0.7572947208679734,40,198,2,1,0.28385410182303467,0.40024162223501514,1
9471266378,79,1.2918186057480945,70,49,5,1,0.2592900786009572,0.6696796528298045,2
9858682921,205,4.656870588897855,62,184,1,0,1.2447797259414908,0.23965778671287125,0
9310065268,160,2.7367763834559593,68,133,2,0,0.5006094867671882,0.24439848847725776,0
9684318880,118,9.850482296949954,28,91,0,1,1.0499586821979243,0.3367559209670182,0
9912589745,127,5.651756320607985,78,120,4,1,0.5023942804776006,0.597832904476683,1
9751946558,104,6.792949587771005,76,68,0,1,1.0334591021214958,0.4872330305346608,1
9434268580,265,3.148791294343618,43,140,2,1,1.477797241048814,0.604966840060401,1
9147732712,53,3.5570706315822833,78,175,3,1,0.19233957738192053,0.49452923504017643,1
9348567482,76,3.686888184340981,56,140,3,0,1.0152583826817123,0.2858550143763804,0
9548020862,165,7.137989198927856,23,33,5,1,0.4956157150168248,0.5530680154148847,1
9284954287,215,5.000208973048431,18,17,4,0,0.2160506960816549,0.23125690918655079,0
9438052484,283,5.417994699035707,16,133,1,0,0.21056639193353116,0.04921869731026193,0
9441719263,164,6.124028330513781,68,33,5,1,0.6203297226754176,0.6811845600882181,2
9883783938,188,7.803710734263062,60,182,0,1,0.8568557494880529,0.383311494460743,1
9999318131,69,1.3585126108685424,3,41,3,1,1.0062116313383478,0.5210932444301792,1
9889698222,83,7.880302166078805,21,5,3,0,0.894538681998591,0.21166434918021865,0
9552695485,58,5.8507331543142085,73,112,1,0,1.357137392478596,0.26036435591232776,0
9753795938,280,6.856406726124943,5,73,0,0,0.31494773100607265,0.004933513673896085,0
9481624435,82,3.611741765987239,29,121,2,1,1.2606091922871587,0.5025488685492789,1
9834495166,205,4.389174949756267,74,180,5,1,0.8395181855656917,0.6792387495374745,2
9983197295,188,2.6960752867122424,10,187,3,0,1.3047891705777266,0.23535513036211358,0
9946212348,57,9.80334997546535,47,198,4,1,0.6973286737877409,0.4439892411489448,1
9839558716,81,5.221528238848008,45,115,4,0,0.7745202794460124,0.2716340946673454,0
9585257630,122,9.962730700067679,26,67,2,1,0.6912443009237681,0.38892988104337334,1
9709860702,254,5.15296679158203,18,26,1,1,0.2350522320957405,0.3856039996858378,1
9655251472,168,2.58763701164864,58,98,1,1,0.30300823223102197,0.455609343727939,1
9332967035,283,5.320797769000139,67,15,5,0,0.8245415071389265,0.47381207429533617,1
9698060659,277,0.8761579320912392,53,33,3,0,0.8464925553928769,0.3996818781287169,1
9583572374,39,9.095313113508537,16,110,5,1,0.7549174337908475,0.4728463346927992,1
9581072977,106,8.276227386347191,49,7,3,0,0.11798304356800655,0.18185990325866114,0
9777651505,260,7.395294946595705,39,177,3,0,0.8078083676768888,0.2087767980954115,0
9341810933,16,6.293353796703371,10,7,2,0,0.2872145916516704,0.07021217210442669,0
9685749197,101,6.00842521986845,13,78,2,1,0.8929228123401046,0.42023296817572453,1
9426880753,122,9.968918033754898,12,18,3,1,0.5035828336285599,0.4033362569637018,1
9302708302,268,3.1409756231894104,79,85,1,1,1.4880975682241464,0.6715966673752914,2
9404581710,116,7.9070014709729906,27,69,0,0,0.6029479422523291,0.03465306875193696,0
9528620826,72,6.0233453170297455,43,189,3,0,1.2491296729483463,0.23106541694944457,0
9869497358,280,9.77086516570941,62,147,1,0,0.44383246736229187,0.1206761807616288,0
9583168817,208,8.364130241333399,60,192,1,0,0.365278801386977,0.08193055993710316,0
9664255523,155,9.98598857340113,16,186,4,0,0.40952303731814566,0.0896442349306973,0
9188301319,70,6.08908744739324,49,121,5,0,0.5663638494249937,0.283311279228947,0
9938323790,129,2.443167596676883,25,134,0,1,1.28841371479151,0.42894163461485857,1
9656749501,70,5.285026839099971,6,86,3,1,1.1695442442519286,0.47809165390769853,1
9924883758,35,7.2555557734804585,78,196,0,1,0.7095990087642298,0.36491854510327537,1
9587412684,124,7.856423668725087,15,32,3,1,0.3633248958692633,0.4121385701462772,1
9307328616,49,0.504844895651464,16,98,5,0,0.16818986232103306,0.2341913113973731,0
9668172385,125,5.297757340771794,34,71,0,0,0.9659584331672157,0.12667525722413767,0
9209544407,145,2.7347285097211422,22,7,0,0,1.0894531252314883,0.1825842995777916,0
9714703455,286,8.81166241592049,68,185,1,0,0.948594323205224,0.18885803646024768,0
9454887356,30,1.9526017184771711,8,158,0,1,0.8017559421481222,0.2997794924360487,0
9698091679,40,6.831334370960917,17,8,0,1,1.4620077044749968,0.4183815787521353,1
9146021853,256,3.027590808086786,74,148,5,1,0.1345290082343474,0.6405790579577471,1
9793700467,36,3.8871503605355864,47,96,3,1,1.4837715474137945,0.6107567813632283,1
9290083824,82,9.435312977190026,71,76,1,1,0.4868403863093361,0.4128137572975067,1
9341213985,106,2.784257191376755,65,186,0,0,0.6364026861608427,0.12447390270944671,0
9611686077,170,1.4025262373178413,22,108,1,0,1.1535475228203935,0.20642872122396644,0
9124219726,296,1.1582065637201455,9,20,1,1,0.417960855068894,0.44944015717695895,1
9560387563,221,5.29384354594489,37,35,2,1,1.0937894652595148,0.5604119466131365,1
9218384973,85,6.596259081700736,58,91,3,0,0.5655713037552011,0.22838011413688195,0
9504120440,152,3.6092896139234285,67,134,2,1,1.4167814329038644,0.6189856299147161,1
9837000796,43,7.057467547034268,42,77,1,0,0.3403902233309903,0.06762388290197432,0
9188235105,13,1.079820326445759,11,95,5,0,1.4044975141529568,0.35629852444767235,1
9819234129,107,8.644679126767329,52,177,5,0,1.2075027340228501,0.3181975118948673,0
9918899445,226,8.25738849252276,13,58,0,1,0.3383308674170788,0.282027708846443,0
9657979100,37,9.862214578224814,51,191,3,1,0.6426820795282863,0.3998919412713633,1
9242884854,210,9.39679731856753,71,191,4,0,0.24601490575752158,0.2130102208680922,0
9123711646,282,3.883873057229817,60,154,3,0,0.9396087923220187,0.3313465783918844,0
9623505343,136,4.293116148147983,40,166,2,0,1.444738941477557,0.2531179458661977,0
9133319676,211,7.586666051043466,20,77,3,0,0.2109232703151569,0.12903746649196388,0
9812369048,18,1.7737863335723403,47,132,0,0,0.4613588489528463,0.07862762587147346,0
9694301477,296,3.483139747325931,55,188,3,0,1.1574994925972433,0.3377855954770914,0
9371140877,97,1.6261389012686585,34,166,4,0,0.7416418523904783,0.26485002213830017,0
9730308186,28,4.821421266191898,43,103,5,1,0.5745379216230366,0.5638041620671284,1
9415096272,90,5.744040658910517,38,158,2,0,0.9416668137459101,0.16257152974258296,0
9964433508,116,2.506024464646148,14,177,2,0,0.5115594724600555,0.09324817645278623,0
9800707789,239,0.7530010256839975,11,80,1,1,0.5604002428228362,0.43069535016386573,1
9611852120,121,7.333880401629969,7,153,2,1,1.228556145278443,0.39893683928052026,1
9509595447,229,0.6900490620486008,66,175,4,0,0.6482174352036593,0.36757217014652255,1
9229117277,132,9.747324784819384,0,90,4,1,1.0807802724289597,0.4589257352736426,1
9809295196,253,2.605268939052757,79,43,5,0,0.31106784118747993,0.44978158034053123,1
9839560020,187,6.807050875104765,41,145,2,0,0.6583495203135433,0.15493399860303464,0
9790240956,74,4.630141399279897,30,174,5,1,0.8726889508549492,0.5493943106445686,1
9250598388,12,1.0669016732025183,73,49,3,0,0.4742160124538727,0.3190531014160345,0
9390440213,216,4.985744263027441,29,91,4,1,0.6902420580492179,0.5563501158095768,1
9940579362,30,5.4092260258195966,42,183,2,1,1.1637532708134182,0.453739680187775,1
9723013348,24,8.61949047688225,25,123,2,1,0.32610660265681257,0.30484890659623054,0
9401735695,215,7.45731616165503,11,21,3,1,0.8010516879801651,0.49022174195109275,1
9543423025,211,1.2533735101571706,58,88,5,0,0.46649465179529104,0.40370554276021564,1
9738863993,129,2.4870454926065184,68,195,2,0,0.6743335625191852,0.22897548159102396,0
9845376895,146,3.4629330000420033,72,139,0,0,0.6255426326383265,0.1649432532494285,0
9825719664,34,1.605873021415785,10,187,1,0,1.0174765614812378,0.0848933777874258,0
9689964202,243,4.840541173687661,46,136,4,1,1.1740350764981455,0.6390977150955257,1
9993476112,130,9.850937313194088,22,35,3,1,0.7996327651000789,0.45641135072034705,1
9215405647,99,5.388821516758735,42,98,3,1,0.3332196199873749,0.4592204961973802,1
9128549561,209,7.547880599070108,76,99,1,1,1.3160745841054018,0.5685877162371402,1
9297839350,189,6.9879090781437885,38,188,0,0,0.36068281586735496,0.001327028966357141,0
9109080961,85,8.57415863337531,72,136,1,1,0.9098308419322806,0.4469564640980365,1
9876633475,146,2.54937315942329,54,86,2,1,0.8382229205092823,0.5554276058813677,1
9155296596,147,7.661349486083768,17,88,5,1,0.5013248269968853,0.501672785406621,1
9790624422,19,8.87287478290462,41,44,3,1,1.434125390968279,0.5529372161880047,1
9404317921,210,2.1293433183123063,25,108,5,1,1.0473303603112247,0.6583775234175993,2
9512532101,228,3.7946210879860356,17,116,5,0,0.7579735283571014,0.3064713703470197,0
9364448592,69,9.715966761149835,40,51,5,0,0.7208809241752829,0.27281410976723586,0
9510828760,156,7.917484536808028,41,54,5,0,0.22943686889939174,0.25937260982623067,0
9895695428,116,3.1846129091065576,32,155,2,1,1.1929532366992432,0.4983723668279638,1
9141245764,47,5.857446811622626,42,55,3,1,0.2171009554836801,0.44729608625190337,1
9833114003,143,4.341098167070048,13,42,5,1,0.3810090934378475,0.5400112465410344,1
9107059903,230,5.154669175107734,54,141,3,1,0.33029288872695617,0.5021124498792754,1
9508094223,142,3.8740788182117307,57,193,5,0,0.19541814910177854,0.2665778987403393,0
9642948146,62,3.1536446760382355,9,153,2,0,1.2614186118787316,0.16180983064632232,0
9335075176,71,6.910248893218478,27,13,1,1,1.3688125749691258,0.47851785561100674,1
9403918244,32,7.896147243318117,13,120,5,1,0.9757245923667297,0.5001165174975235,1
9977213159,53,8.802592666099775,25,29,4,0,1.3288571839776404,0.2857150834174529,0
9824540100,55,1.9756346895227863,73,117,4,0,1.0450885114298227,0.39811967176397195,1
9581363369,156,8.317127474629785,16,40,1,0,1.0590079177778253,0.1288754204377816,0
9552712257,225,2.9206078325321037,33,115,0,1,1.3452597276640688,0.483133873329303,1
9100975112,56,4.559695704145481,13,175,1,1,0.22870009923651965,0.25341099679197,0
9331169898,33,9.063715015567842,25,82,1,1,0.1766242377253747,0.2604803283402309,0
9808676195,154,4.817784209334719,33,85,1,0,0.1750282059192442,0.08000664086495932,0
9155745877,98,2.372103573421004,23,32,4,1,0.6850668095006127,0.5716261075923549,1
9503209023,183,2.0187522247526193,69,196,3,1,1.4249516094276125,0.6648191664342821,2
9234831829,73,4.993345783195271,19,49,0,0,1.3179054238930754,0.13594516813549243,0
9410217377,128,7.745388027777264,38,109,0,0,1.1947489069993515,0.11555854583992835,0
9820758198,232,9.973448867755861,44,188,0,0,0.6654813038023903,0.027043036709883173,0
9112234908,165,7.980381970093568,33,52,2,1,1.2538554478826915,0.5149480701048003,1
9616957605,187,8.83161360995711,21,140,5,1,0.4058861864816288,0.4698436457249768,1
9390360173,65,7.604407428881436,70,146,1,0,0.919492529943829,0.16491954778001555,0
9641992544,68,9.006633457183007,32,19,3,1,1.1442919599430348,0.5218687670403015,1
9867974336,229,1.224788661482176,5,132,3,1,0.2294174964780649,0.43114930230624837,1
9875395424,194,9.334350190325631,15,171,2,1,1.323790002149448,0.41482593130735956,1
9982885120,56,4.2658584603937335,71,157,4,0,1.1182465697285044,0.35518262017602903,1
9611705303,111,9.255335121164224,22,67,2,0,0.8465903377234345,0.12412681907284143,0
9347831683,53,1.219461955865018,17,63,2,0,0.1873716778889691,0.11673439120962942,0
9153226755,24,7.294808092650791,13,161,1,0,1.0723262675999117,0.0402914550001799,0
9524479825,245,7.489043112366943,49,7,4,1,0.7261508680919206,0.6253529201559607,1
9413548058,60,9.970653448328841,60,43,5,1,1.1313480961832394,0.6456139301620427,1
9636118954,43,7.804125071553231,35,26,5,0,0.15091853706811922,0.2216773902562022,0
9621111071,133,4.134450205248264,14,105,2,0,0.9046632847821047,0.16141285837754005,0
9575038824,86,5.793861240376181,4,131,5,1,0.7258283607762349,0.4840064017419673,1
9252858851,132,3.982233912582607,52,173,3,1,0.7017414684514868,0.5141221692631872,1
9820871099,214,2.3621771303961525,47,24,1,0,0.8246009109468203,0.2654226504155312,0
9563980861,237,2.8607721112715985,78,151,5,1,0.27313637692092874,0.6616470998952523,2
9331200342,79,2.6091000756060487,10,145,4,0,1.4096323278935818,0.2849133451066239,0
9101120113,239,5.713745636550523,1,95,3,1,1.086582953450209,0.49230834010875213,1
9915508329,30,9.108526028052987,23,23,0,0,0.21878899941714042,0.0,0
9205255383,117,9.170902947839778,67,70,1,1,0.21124345972560926,0.3862483797929958,1
9267322679,250,1.0202558864953424,78,197,3,0,0.3949266162930837,0.31081478998389256,0
9635427696,260,1.2590443090429884,11,135,2,0,0.435611502236255,0.1517481818931681,0
9709073164,144,2.828631043137263,58,156,2,1,0.7890104104331231,0.5196376767343276,1
9448597687,99,2.923064798460012,66,42,1,0,0.8510375765991267,0.264947731610375,0
9325063953,88,1.4014471647728857,31,134,4,1,0.30413091607735226,0.5018950106186744,1
9968453045,186,4.190401741147685,35,188,2,0,1.4629447442362233,0.24761854841457456,0
9491891916,111,6.083391230567228,20,41,3,0,1.254676515462567,0.2636604870887013,0
9934011364,121,5.992540905694905,69,136,0,0,0.9868828274592554,0.16603211509343843,0
9901071274,190,5.662581971956631,65,82,4,0,0.4890677029870715,0.32265380736163574,0
9854139430,113,3.7173832864312235,8,176,1,0,1.3744759486852207,0.12446184773838513,0
9379482556,25,7.211329010507516,75,49,2,0,0.5413413965609736,0.2173416861278933,0
9138199721,105,8.351597439320178,43,85,4,1,0.546932095605271,0.5036626822007905,1
9647402704,155,3.78960553153538,58,88,0,0,0.5940964328321221,0.1536496388947634,0
9578655566,11,1.312585913344889,23,128,4,1,0.167109121318522,0.4509853969314174,1
9199572369,128,3.315137385372637,62,179,4,1,0.1865956250412853,0.5227431597138159,1
9598369430,103,1.8050022184615764,77,97,1,1,0.7661245581890709,0.5464915870278163,1
9836963765,200,4.939907908658218,40,158,0,1,1.3344547709211012,0.44518901093996693,1
9142566130,12,1.9813839375027436,75,110,0,1,1.4193246699895459,0.5434923531487125,1
9236247069,120,4.897025197750784,73,106,4,1,1.186005438239453,0.6828063502157249,2
9220457977,186,2.5995274770841537,1,96,2,0,0.6661905096115476,0.14059853142837586,0
9250180705,266,7.517945501892828,27,141,4,1,0.5346881677897811,0.4911305674453931,1
9261910467,31,0.7618982879405336,15,100,3,0,0.4019863940286431,0.16311225449481742,0
9349399366,229,5.770089886403293,58,84,2,0,0.8538300643347243,0.2707851957499941,0
9403759505,182,2.1101386117405383,0,52,1,0,0.7754447224469535,0.1342650366860813,0
9368132102,233,0.5094227124614572,0,35,0,0,0.7536554389913853,0.1289589134627621,0
9119625255,74,8.757400836615668,30,187,5,0,0.5427121426713065,0.17376998041450203,0
9226466629,286,6.879513984233642,21,5,2,1,0.9146976385381148,0.5162262154804368,1
9239587065,258,1.4399568094799724,75,130,1,0,0.9511045270717859,0.31340306153485464,0
9264905152,269,6.808687492996628,58,191,4,0,1.325272431963583,0.36006177525300376,1
9686273859,140,6.310649661007186,27,143,1,1,1.1659645412258683,0.41477128234835137,1
9738414640,122,4.996888526910432,75,134,3,1,0.5618448476120892,0.5537420527238588,1
9561840435,295,4.482951935043333,26,50,5,0,0.6313516548440772,0.35413344202743585,1
9584998001,296,8.927162747699482,0,5,1,1,0.4352998660019024,0.3455433642811679,0
9518187626,220,2.828906189025787,1,74,5,1,0.33919310275105397,0.5306729647284837,1
9173336604,29,4.2839455416271415,65,70,5,0,0.252448187325177,0.31786976931282884,0
9986360980,224,3.626596422500859,48,6,2,0,0.1477686352020825,0.22694641248757297,0
9248867545,260,7.826409775848019,18,73,0,0,0.6847543775578631,0.061586941330100696,0
9510511181,280,9.206420409209125,27,17,2,0,1.4427705849243992,0.27757209194708504,0
9567126792,189,8.572926138032189,69,151,2,1,0.853216332115338,0.4976608461974543,1
9129988602,203,8.078187337847801,38,87,0,1,1.1390196347203636,0.41587744144560346,1
9425907886,88,9.874504482915787,18,51,3,0,0.656811211830765,0.13078995829136905,0
9759195723,189,7.1228732288986585,63,133,2,0,0.6381675011759841,0.20475562139433423,0
9976354857,172,7.635011016528571,57,150,0,0,0.27528342696294983,0.04053054570387778,0
9623468471,211,9.83662412719768,16,117,0,0,0.5197918957673298,0.0,0
9395791282,23,0.5664124612921537,69,36,2,0,1.400140740167892,0.3926032726179745,1
9178490821,255,6.523459576145468,78,100,5,0,0.7862821329724622,0.42957234104294983,1
9475082111,23,7.520229553556251,40,15,0,1,0.3860797563250091,0.3247201494496594,0
9762006291,108,9.219357010693352,4,152,5,0,1.0292552442267635,0.19467834517889143,0
9432961751,42,8.896520889751256,22,12,4,1,0.6676270820572372,0.48405699916985345,1
9394843802,266,8.498626471721046,68,106,2,0,1.258267565924335,0.307941923583601,0
9102568101,43,9.485017083446186,9,170,5,1,0.2299585593999393,0.36049148879330506,1
9348331328,28,5.605102285180221,67,10,3,0,0.8305305689474786,0.31761910751820144,0
9964992949,161,0.5657409080558542,11,6,4,1,1.2216969833258327,0.6604980804357631,2
9688500336,269,0.6050167876215905,9,77,3,1,1.295296291176575,0.6136586868230632,1
9261424767,173,5.674071028369652,59,187,5,0,0.6548841357354888,0.31588057728115615,0
9392859310,86,4.635086269207442,29,7,2,0,1.1374574319853687,0.2535571899410883,0
9894226630,146,4.786828006971761,23,70,1,0,1.4519937644344567,0.21648064898180705,0
9903692626,217,4.3038450034953515,68,30,0,0,0.970699002988845,0.2607044069833838,0
9865170645,251,9.218395186366738,12,180,4,0,1.2362260053584895,0.21765971173995124,0
9338583614,76,3.912118336113004,8,98,2,1,0.9032493662972731,0.41871117058898344,1
9363818936,125,8.63415594674929,17,106,0,0,1.2062976591552337,0.059729181070969875,0
9277644470,211,9.077215541020589,34,140,5,1,1.4169779386718744,0.6238774328150446,1
9818955106,259,5.245266814990071,3,199,1,1,1.0960466934739328,0.3688990681036578,1
9586502973,287,4.745911354968339,40,79,3,0,0.3162001206565149,0.24002641155249507,0
9644889117,121,7.729695740046745,25,93,2,0,0.21468813774725298,0.06302289431577607,0
9910234844,243,7.225729322578882,43,120,2,0,1.2369211625616703,0.2512717876364539,0
9640757525,185,3.6210836076639565,41,34,5,0,0.4617129072283298,0.35653587890876537,1
9767004115,152,1.4742071962841425,9,159,1,1,1.3253711861457131,0.4466373893154092,1
9348531069,41,3.0160978017335633,72,47,3,1,0.3746181303792342,0.5701943353580388,1
9444267176,190,1.7447708052168402,0,137,2,1,1.3754653823261347,0.49428526288320074,1
9259091241,76,3.299956619878568,53,24,5,1,1.2273016350777937,0.7351933834374591,2
9558705505,13,2.987304873017591,15,56,0,0,1.3337680776329943,0.13342117750641488,0
9486537408,295,6.558258526923779,45,25,5,1,0.4257903677695566,0.6398124084759282,1
9973608734,278,9.567712270320406,12,135,1,0,1.3299471075687115,0.1224144389977338,0
9483638685,245,7.014565457139594,63,45,2,1,0.9225837402415256,0.5791185966766413,1
9358672751,286,9.303169376613411,77,128,5,1,0.21761152882738488,0.5999920176065918,1
9997214865,50,7.949256456780212,54,196,3,1,1.4034567576308705,0.5218570667676753,1
9304656374,130,7.414837409676146,62,112,4,1,0.3724984893486246,0.5298884364723878,1
9306442768,284,4.433588432026744,17,156,2,0,0.39889829920619146,0.11864806805375536,0
9377579045,240,3.585547777202002,60,56,3,0,1.0856433301659487,0.39025062629348983,1
9402371213,95,8.539635038492733,19,6,1,1,0.9162899745624392,0.39656250981891333,1
9847399638,72,9.10123571282555,64,48,3,0,1.364188010402267,0.32568773269436546,0
9805606616,201,4.792883689683855,63,45,3,1,0.5297358742656971,0.5909037006356773,1
9505079246,40,0.5860994327731219,75,74,1,1,0.1584100209728067,0.4783926759901261,1
9242427245,155,8.02904505961147,63,11,4,1,1.492999096748382,0.7163946842278016,2
9812138167,116,3.2081539844867706,12,42,5,0,0.5378414171522349,0.28297645557776024,0
9626124309,119,0.593934717660747,67,177,0,1,0.3266975042026169,0.4060598172257184,1
9679419703,285,8.14739131027316,69,13,4,0,1.4781335566195029,0.4803573310710623,1
9244344950,219,5.415434793760532,56,57,0,1,0.8880511663354457,0.4774809224351271,1
9631914642,148,7.009502090215457,44,32,0,0,0.30840134289125276,0.07536080273103153,0
9427629368,95,9.189553300872536,37,132,0,1,1.2701500931175667,0.36472670489697084,1
9402948267,53,5.641151386312001,53,23,2,1,1.4235865716595402,0.5930199052967342,1
9189155041,91,5.2803436895001745,35,136,4,0,1.333792032068421,0.3077075862408751,0
9784744482,73,3.2612901528085034,66,17,3,1,0.3780670702722335,0.5776992332656327,1
9146754929,64,3.39934142717955,78,15,2,1,0.173763149968634,0.5331261475367483,1
9916596860,83,8.067149627281635,10,6,1,1,0.6198195543484157,0.3432058843277636,0
9283565184,138,4.765777833066402,26,144,1,1,0.5967830287325204,0.3617246294511057,1
9406017075,265,2.053498981777144,16,130,0,1,0.6682867359655327,0.3772190872012049,1
9592428116,240,1.398023258004708,32,169,2,0,1.218572913980173,0.2689524705815643,0
9291688156,146,4.992741110186904,4,60,5,0,0.11350517074119809,0.19164106050003427,0
9609643461,121,4.917072724368439,61,92,5,0,1.0447388459831097,0.40988045549221847,1
9434391204,155,6.707853642951262,64,56,2,1,1.4792156438814958,0.6223449668836977,1
9838203968,42,4.975141038578837,70,129,1,0,0.6588144752542121,0.1675560445675594,0
9982393266,269,1.86301918927504,66,136,3,1,0.7790804116364336,0.6353667524584048,1
9570923188,96,5.3241274055858785,79,109,4,1,0.9791651723063652,0.6584602918097332,2
9697009935,274,9.11449933691724,79,136,4,0,0.4998175128664045,0.30942077616762836,0
9825033451,39,2.014693410392018,43,181,0,1,1.1059239011330788,0.4051845472112652,1
9916349050,241,7.0526690892886155,13,56,0,0,0.3841957650532444,0.026988129401592585,0
9546431292,85,6.141663017172502,56,38,0,0,0.19070881071413343,0.07885176774629266,0
9156817319,138,7.6115644037621255,47,26,1,1,1.2218603707929996,0.5088344716500144,1
9150596687,280,1.930702597562131,16,145,1,0,0.34712602673094956,0.10065335870363505,0
9596319451,98,9.445250700606948,43,67,5,0,1.124090980739435,0.33093124261478213,0
9183505216,179,6.399181063788006,3,19,4,1,1.3198307636821824,0.5825728522097392,1
9471175011,137,8.5471758080658,29,172,5,0,0.16408452824752168,0.15290736702624635,0
9893690697,183,2.8427642549622383,74,42,5,0,1.0893741475959213,0.5109117266519637,1
9110589887,35,7.524422449280635,54,109,0,1,1.0047298167339125,0.38660784195003517,1
9783767978,70,7.919791691172231,29,59,5,0,0.9734312502531368,0.29619091640297635,0
9161766928,76,4.275635087677219,17,176,2,1,0.5135015556291768,0.34882923229004126,0
9399036536,35,4.14755780239251,72,121,5,1,0.16388145929145642,0.580728414819598,1
9327552954,92,6.7490645177446185,43,124,3,0,0.23788052971093254,0.13884022268570984,0
9693527318,69,1.3873729767220517,61,70,1,1,0.4820805058494301,0.48585118498126706,1
9955642027,48,7.488429427066335,30,70,5,1,0.668663831882298,0.5356785067010797,1
9554949556,132,0.9074242184744038,15,175,0,0,1.3853353641095967,0.13680115307145874,0
9246820422,286,2.310607860647847,76,76,0,1,1.0577056386788446,0.5884640489803539,1
9115927403,291,6.809365693792988,22,170,1,1,0.1365655516439496,0.3007754778717581,0
9267368526,200,1.4340748373736565,13,161,4,0,1.3875997732650067,0.32738640807665026,0
9651541921,161,9.732499869029505,1,79,4,0,1.1084899823895051,0.19791213279171993,0
9645692461,242,8.749763989888056,11,188,4,1,0.7896028506243908,0.4410385075296036,1
9969802988,155,6.449872157863997,57,138,4,1,0.7482214590496319,0.5689714425249213,1
9715557571,280,8.281045828858822,55,13,2,0,1.4064564258205132,0.34931888781882237,0
9119485901,143,8.932010461600894,23,154,0,1,0.8700114274285359,0.29010057908554693,0
9291363661,180,2.9650186709322752,36,178,4,0,0.8038868685595124,0.27688620017595417,0
9939463951,37,8.569410085518536,28,93,4,1,1.1844742927359513,0.5216706607687585,1
9786678342,145,2.350540944557217,41,35,5,1,0.9303620140198814,0.6968536170143658,2
9496087903,250,4.426751509413746,17,25,3,1,0.44840509844539844,0.5051042603671495,1
9921398162,237,5.803466496861693,2,42,3,1,1.498430710590502,0.5688700873085201,1
9963010817,296,7.281964149203308,76,56,0,1,0.4930914298864457,0.47372073512926705,1
9819692809,43,0.7863425183640164,12,151,5,1,1.0563770797494743,0.5802958060162353,1
9934398641,11,3.2598394213927953,28,142,1,0,0.7856302857521695,0.09409089456688015,0
9359022972,204,6.280931432998708,65,178,4,1,0.2705674504181331,0.5247469168541915,1
9946971984,103,3.895002451916628,58,80,2,1,1.4425704342290886,0.6123350893511578,1
9114367204,144,7.862738028480187,47,87,3,1,0.5700220100943127,0.48669978486955534,1
9442829707,213,6.690695530931804,3,198,4,0,1.019823793768781,0.1826405088810721,0
9299460677,259,2.7268138103754898,50,83,1,1,1.1327898959199196,0.5672796884525511,1
9764540309,156,1.8863253061271643,4,42,2,0,0.6526021625019324,0.17327635582670592,0
9792366184,263,6.475946439076979,38,66,3,1,0.4650326672320306,0.5127258961322533,1
9725065299,185,4.779439613195199,40,76,5,0,0.18246413604774872,0.28587575430072076,0
9801636736,134,2.1050918904625266,4,178,1,1,1.432190203072797,0.4263350550165185,1
9769041077,260,3.600554950524585,7,167,1,1,0.9149135934286807,0.39216630513848,1
9607761390,140,3.3789441090265724,55,106,5,1,1.1029762657032363,0.6998931559094028,2
9302058228,59,1.5272537372240635,24,175,2,1,0.75639295342674,0.42267344289785336,1
9750677305,102,5.695635683019667,51,132,2,1,0.42649137634297185,0.42678133696492065,1
9475579845,229,7.754662022169264,51,162,3,1,1.4935777850684204,0.592990056608846,1
9285235666,29,5.966935444103377,6,77,2,0,1.4543543823301393,0.17365263388370952,0
9647020689,214,8.349767966904846,60,67,4,1,1.3039914355598918,0.6708484233309956,2
9802298156,100,1.7119011985465975,46,162,2,1,1.382580788749081,0.5625335469339972,1
9898698592,182,4.638312649311127,65,117,5,0,0.9050570685022966,0.4092304297618753,1
9270988822,198,6.289443484751942,58,87,1,0,0.6149035213640067,0.18211510074665752,0
9962509590,11,6.92201482894812,4,161,2,1,0.5804134358863633,0.2860187676923195,0
9203028121,177,7.1099699110225565,43,198,3,0,1.4072146753186578,0.2604961221059683,0
9983257734,33,7.42517155742987,41,26,4,0,1.4424118208404102,0.34803735981169076,0
9146894926,77,6.688583215862159,60,167,2,0,0.716678970484613,0.16577181120114098,0
9974595371,203,1.3951668449382426,62,174,4,0,0.9499260952858866,0.37988246262838077,1
9539491353,93,7.1054039372218165,49,156,2,0,1.227377554324473,0.2070704592722749,0
9285113550,216,7.385435239356682,37,30,4,0,1.0835112934546482,0.3432461323422776,0
9957260579,58,9.938059376169457,53,163,2,0,1.3175499226066052,0.18006594486542582,0
9869206892,41,7.086943148660697,43,91,2,1,0.9520853787444824,0.4593902609987429,1
9542065462,179,7.0248887596397145,23,134,0,1,0.9154742232810211,0.3380415750113794,0
9710820799,138,5.390726256728733,62,171,1,1,0.6260933697328457,0.42524248928719666,1
9597456346,111,8.745267631558582,38,101,3,0,0.2025892788968585,0.11596750188892004,0
9949457336,44,9.969930238631004,11,144,3,1,0.17775899437880574,0.27817524979521796,0
9984575300,208,7.900926266875604,62,77,0,1,0.3124512856411324,0.3791497057410953,1
9706445372,86,6.31875358964918,8,176,2,1,0.18088232246893984,0.2668141689538159,0
9115842433,23,1.2500708558498979,78,47,1,1,0.849201678128524,0.5690366844385575,1
9158050102,140,7.404021751431462,21,199,4,0,0.6650079650534915,0.1520360281225748,0
9439949433,247,7.231334901528529,35,92,0,0,0.13678569048074715,0.02825493070601396,0
9566787936,289,7.867897404189601,73,101,3,0,0.13065077988124302,0.24407999140214065,0
9134968399,74,1.6832761897951485,27,170,3,0,0.8322218314268607,0.2071506388270148,0
9616432677,147,6.710458751198363,55,198,5,0,0.8687585118378723,0.3076755164061643,0
9665288566,278,3.309377097040909,28,44,5,0,0.15219998836073795,0.31368480677213095,0
9208381517,237,7.7225768123269205,4,154,3,1,1.0379828274487846,0.4390870175459312,1
9497675673,210,2.783552563298929,3,195,2,1,0.27621530031731695,0.33299320527849086,0
9177180450,151,6.997797429793901,50,191,5,0,0.7923242489441102,0.28837200738243307,0
9648333646,109,3.3024329963478074,14,23,4,1,0.322338239791389,0.5041180594854598,1
9652188482,147,0.5854457817655958,59,24,4,1,0.15468625011048778,0.6274870006320715,1
9924702806,177,6.516900163744406,25,123,4,0,0.39731128290331075,0.18742455198346444,0
9672361116,108,1.5760562900097626,22,77,2,1,0.7498040816616095,0.47886381431927616,1
9727155489,75,6.763268991488034,28,175,3,0,1.1414729908345205,0.18331753100228604,0
9960206688,56,9.293289759390905,56,190,5,1,0.4717809616634524,0.4910275716202568,1
9907729320,240,9.707836375005357,61,86,5,0,1.059090363993168,0.38884680717911585,1
9233614248,155,2.7412693296123196,58,109,3,0,1.3077710673796743,0.37337062946354643,1
9820039574,216,8.18790566268122,47,58,2,0,0.47768892871260016,0.1814178034933374,0
9690424578,155,3.858756130288183,34,86,1,1,0.8311164483625197,0.4522622335733776,1
9426163769,161,9.054342191105832,45,44,2,1,0.6732092099981527,0.46231633223984175,1
9638732575,288,7.981150901979051,32,104,2,1,0.13845299575690742,0.38564054866708036,1
9944224798,149,1.2022563081347546,70,31,3,1,0.6486226051046027,0.6571409702482687,2
9350260049,160,4.367801441834135,9,145,4,0,0.6280805285678726,0.18937271279280177,0
9847637802,30,3.704519347091904,47,51,3,0,0.9706554692442597,0.2922744241442083,0
9396511366,263,7.9592196968711315,43,116,5,1,1.313003884357262,0.6709331630937512,2
9402039656,73,4.397714251205011,69,155,1,1,1.0406160179826114,0.49331801781011997,1
9464166144,227,7.0035897777042955,62,123,0,1,0.5975366380419646,0.4061946525659176,1
9365702972,81,6.223134928109184,48,63,5,0,0.7284187514392717,0.3308326310354024,0
9373602829,171,9.768567831427521,71,81,0,1,1.342022367157277,0.4886698700817429,1
9836183475,139,9.408957089615342,40,130,2,0,0.9946030516127593,0.1565115477848137,0
9682592223,78,4.563145390017827,38,11,0,1,0.6457777929674325,0.403535590475878,1
9857238277,234,7.373993010590919,22,54,5,1,0.9402303280516956,0.6092397232391125,1
9555085158,255,8.379870892821607,12,108,4,1,1.0020652849201712,0.5166893834765613,1
9611822857,77,9.03941466169038,52,70,3,1,0.7751855423758419,0.4990826224781499,1
9737831750,116,1.1472755058765949,69,135,1,0,1.3115331284308773,0.30630000267451946,0
9421293401,118,3.3697485930982194,56,110,1,0,1.2378118074802194,0.25456710044711434,0
9514322913,112,3.542185389200957,75,171,1,0,0.8341751654645496,0.21471146185200107,0
9910934941,150,4.627236536588847,66,11,5,0,1.4416953604264964,0.5204766048121136,1
9376526819,74,2.108015131796481,47,187,5,0,1.4345017034824248,0.39882735616966647,1
9323064980,143,5.213955859525077,19,12,3,1,1.452488460096045,0.5986144782305579,1
9667466109,208,6.800536109335333,61,36,4,1,0.4087094632327253,0.5981553689425697,1
9668089808,164,5.224957242058818,44,23,1,1,0.24472391880891833,0.42190071668569773,1
9855903584,88,6.82503440437735,62,122,0,0,0.9667341357689269,0.13607435010640972,0
9944769353,259,1.1311955022700528,7,144,4,0,1.1185957040998187,0.3094738051314043,0
9777597166,96,8.821879651220398,25,61,4,1,0.5297959527259757,0.46506295851247237,1
9314308521,250,9.42115732496015,37,142,5,0,0.8527498895280069,0.28819276551050566,0
9376576050,97,6.370120529127162,40,95,5,1,1.0070069329211895,0.6127660522676835,1
9713300159,181,8.873214487050522,1,25,4,1,0.7487091726999218,0.47738319354605113,1
9885792715,26,1.748737158158018,6,152,1,1,0.8578779053399097,0.3503938360762263,1
9533557559,232,8.075764740724946,24,125,4,0,0.20527199761284615,0.15709012949150888,0
9471565263,228,1.6319078379896428,50,136,5,0,1.4917410697544573,0.48472603431465905,1
9942156584,243,4.3760971992265985,49,151,1,0,0.6301461596732042,0.16665437277006534,0
9212023583,257,3.576276078303613,63,33,0,0,0.3873254981057501,0.19734708016637997,0
9583192334,61,6.063122339594315,11,75,5,1,0.7720213861068875,0.5234017649243615,1
9139989821,24,3.3643880847755687,52,68,0,1,0.5444485032169817,0.39436116336873106,1
9417817498,121,6.5544794818377605,74,143,0,1,0.6481333848700995,0.40638891906902547,1
9976549840,193,3.9901792469435993,9,37,5,0,0.8880144220237873,0.3318962463461979,0
9929615935,16,8.677508619789412,60,29,5,0,0.4898075570803303,0.2994134700788333,0
9318780145,60,6.5218964820863095,54,165,0,0,1.033072905846934,0.10070599091659634,0
9873775489,250,2.545333824553738,67,30,4,1,0.7044268778524723,0.7124038861143184,2
9650720126,254,3.693229509266827,41,40,4,0,0.2178038290539428,0.2978010387086045,0
9571858467,195,8.55049843245323,65,15,1,0,1.3416877138741312,0.29314654447545696,0
9174274929,296,4.1715576248808555,43,34,0,0,0.768341104700746,0.20082557439885262,0
9674168262,101,5.590091122873629,27,61,2,1,1.3921050193673699,0.5251548421829342,1
9800540940,115,6.664948391547161,77,101,0,1,0.6328990434465581,0.42938517118168773,1
9499129870,22,3.804191671066209,57,142,3,1,0.8597035356578714,0.5326307908928168,1
9956182360,155,3.292796992201649,1,29,2,1,1.3229865264940215,0.5163281526061961,1
9889716182,128,5.014921574776272,54,100,3,0,0.7471018797957553,0.2671065000115087,0
9797358779,212,2.5413692348814965,33,61,2,1,0.9863799591419883,0.556152497611794,1
9208871445,150,3.2000005757311025,19,127,5,0,0.4458819242849851,0.25435582400542495,0
9410427135,124,1.0897455983043427,46,38,1,1,0.43337388554029144,0.48049458575184945,1
9916245182,161,3.3877176217245517,25,90,4,1,0.8597079569851986,0.5726956767108626,1
9425497817,66,3.5466888869539086,0,58,1,1,0.9584631260861644,0.38505530848689284,1
9383902944,166,9.637415079767537,64,55,2,0,1.018086912533414,0.2552881152134659,0
9545192906,142,6.102423841925861,74,10,0,1,1.17609471391693,0.547268946233588,1
9339405129,172,7.980133041450153,14,191,1,1,1.39161087593218,0.37709837528112655,1
9571642212,284,0.9310839014130633,13,58,2,0,0.4362013332112826,0.2051544865017305,0
9574138799,192,1.5120985892795333,54,21,0,0,0.9672494485683106,0.2601247507568429,0
9473967988,86,8.238101128194627,0,158,4,1,0.7203781402656274,0.38752149662687313,1
9687582629,53,6.423720719467539,32,92,2,0,0.22491930921583125,0.0780390018056226,0
9968225064,215,2.3143292901319277,69,141,3,1,0.7349816364803108,0.6145091782293874,1
9446091948,47,4.345556355686513,55,6,3,1,1.2069681979263154,0.6379728408162529,1
9295379543,31,5.617388749825417,22,24,3,0,0.21076996318839425,0.13565039725136896,0
9732061351,82,8.514293376805696,53,95,0,1,0.9487053759495526,0.3852897912589447,1
9989303405,250,1.0739139210976947,2,10,0,0,0.6740999918010037,0.13417169862961476,0
9306060663,163,6.168861748989943,45,123,1,1,1.0156920657908355,0.4550733735736876,1
9288863072,246,7.311841255073498,5,83,0,1,1.2499175844892825,0.3775980150778319,1
9485514128,14,9.789972650149364,24,59,2,1,0.8583040119672029,0.38175014296760534,1
9790743524,230,8.168020743775752,16,52,3,1,0.5255360200114505,0.4483814068093984,1
9524874808,95,3.1241594788700975,27,62,4,0,0.2262109385708799,0.22073873221539778,0
9125971841,186,7.241002341843518,31,174,5,0,0.5041811645338168,0.22595971164193573,0
9732526175,268,7.751139906806283,22,153,3,1,0.6105134216636541,0.4367145983846299,1
9629343805,229,7.432487249224754,15,10,2,0,0.9977836265156356,0.2083608548578459,0
9367688919,47,8.291368645542764,25,34,5,0,0.6436927042113224,0.24953003409217883,0
9347729800,151,9.085434774029558,32,155,4,1,0.6637827102901149,0.46139537461312585,1
9498740291,244,1.4350837553987323,57,40,1,1,0.5066880527267104,0.5408982279290873,1
9856170064,212,1.495256647970629,47,114,0,1,0.6080361533629002,0.4403045919612338,1
9578835984,181,8.065799893321138,54,125,2,0,0.4724387057128361,0.15516971263235335,0
9794472820,134,2.8975385269539733,40,7,5,1,1.1277805187817698,0.7227965332636981,2
9402406449,74,1.0561435085257405,61,94,0,1,1.4761461570617105,0.5544471500784297,1
9450315613,290,4.311677219315754,16,166,1,1,1.1285047875776868,0.4380137812108667,1
9983880103,281,8.288830662347742,58,34,4,0,0.20308050511128503,0.28933702599851463,0
9300477332,253,1.7023677262328136,13,119,5,0,0.9857920017130994,0.35508329415744483,1
9932241553,24,6.882498732142441,20,174,2,0,1.0840516719961846,0.09989621585383286,0
9677581750,235,0.5343506868298931,62,153,4,1,1.189542465980598,0.7179995543423797,2
9239019164,140,1.5425057485182743,45,122,5,0,1.1677608328117688,0.41920456428852626,1
9331899287,204,3.833078284800625,54,92,5,0,0.8117436926608591,0.4013123037016956,1
9447693641,218,1.2942216697319333,61,8,2,1,0.46739165992345033,0.5999396724873642,1
9248430700,122,8.536065840652572,38,181,1,1,0.26882782723229803,0.2813598825133783,0
9643802256,253,8.708669779881953,41,180,1,0,0.11172163615962749,0.02261922564723852,0
9939485713,175,7.67792167944548,47,55,1,0,0.10212425093421873,0.08903651662542714,0
9813949679,200,2.8035564982583656,27,28,0,0,1.4106894738352929,0.23572339221446806,0
9321032147,266,5.470847214779808,5,50,3,0,0.951135637284211,0.23766944323008102,0
9815065444,227,2.249790992472028,58,120,4,1,0.903874603508919,0.6685007938447391,2
9526803756,284,3.1721452756945525,69,31,2,1,0.627320476298053,0.620696047180765,1
9434312529,61,5.402050275651016,38,99,4,0,1.2179370259458657,0.30959450647235837,0
9964421392,167,7.482631180377579,56,115,3,1,0.40825165646401407,0.48423195794448404,1
9624339272,64,1.399216613739572,53,183,0,1,1.133313093597432,0.4440236385334837,1
9702311693,23,3.3186186274668183,59,103,0,0,0.6079156832545555,0.12050979179427816,0
9142192304,278,9.302902811433261,16,120,3,0,1.0908610470518925,0.20140182524236133,0
9593519004,99,4.576671518927937,39,24,5,0,1.0889535692462695,0.397904370082417,1
9481493982,36,9.419261902138487,65,84,2,1,0.5414280115174028,0.4337902185564267,1
9116480387,98,9.918305144745288,53,99,3,0,1.4079596441907014,0.277818828899274,0
9967851601,50,5.503268348058452,70,150,0,0,0.8107267218498067,0.12708131977860865,0
9108625146,277,3.23641809295608,43,140,5,1,0.4608295780968692,0.617079198922818,1
9457031287,147,8.012379681439501,66,159,0,0,1.0433105146398856,0.13724870557951224,0
9518455415,15,2.013451987487642,56,18,5,1,1.1512103497675172,0.7349838181222504,2
9439153454,251,2.89444516688467,35,150,4,0,1.430958041878254,0.3836649563561078,1
9662190442,171,7.9563591402431815,56,69,2,1,0.20258335266064695,0.4339336926363595,1
9334126955,189,4.619636284954284,42,163,2,1,0.8559195623156362,0.47867471205842493,1
9313055752,15,2.4146104013828342,43,24,0,0,0.7865251816888437,0.1541576969860672,0
9375066060,280,6.685694577047082,61,74,3,0,0.5343458543764477,0.2908098342672754,0
9130334030,281,7.4612376831259875,60,49,0,0,1.174938148139082,0.23689105891251136,0
9626674166,165,1.6881767747804064,10,5,4,0,0.37197349705861593,0.26437869834966904,0
9474131545,94,3.131312469761874,76,151,3,0,0.558860339804045,0.28205415780600956,0
9826742963,209,2.6021291760362155,32,43,0,1,1.1726127861240223,0.49572131755578147,1
9846336984,19,4.108618973243296,65,123,5,0,0.7681778889059763,0.3526945856564642,1
9922125721,147,7.752726507972612,22,159,5,0,0.2905333248633038,0.17103128088792507,0
9495706521,251,7.28022697160608,48,60,2,0,1.3519693705582438,0.30780693414104965,0
9150470573,210,6.793977148645188,19,148,4,1,1.123130910865169,0.5339979835200781,1
9633609904,165,0.5597126857516164,14,11,0,0,0.8878389688045292,0.16982412402752411,0
9936884817,284,1.8503614771136996,65,24,0,1,0.9530558084732342,0.5821456926247571,1
9440956639,234,2.6213267164696346,29,163,5,1,0.9763808882974259,0.6318597859980556,1
9917491074,77,3.083580537369071,3,88,5,0,0.7990118477450592,0.26216178861431155,0
9536582849,193,1.8910521456645502,63,83,5,0,1.1426374595925328,0.486140536069796,1
9818206944,204,4.397997739001951,64,157,5,1,1.101454642389241,0.6992985842186855,2
9785255465,51,1.214215557633246,7,114,1,1,0.10390613922329824,0.2942481500151969,0
9330032146,160,7.625210808683917,51,5,3,1,0.254771145345663,0.5059866744039393,1
9396161552,93,7.983347479312997,13,149,1,1,0.1354355101049117,0.2240020914608335,0
9311449835,143,5.955533551208532,57,84,2,1,0.33646730120520196,0.46129300686345515,1
9152289440,39,1.3521963318986945,10,31,3,0,0.2011941207122272,0.1573169385026829,0
9876780363,18,8.9557901106942,58,123,4,1,0.3713101480023763,0.4668877364319547,1
9365457840,179,9.673540372727087,23,127,3,1,0.8539166930457041,0.4343708520260927,1
9367112119,299,2.422453823056999,31,28,5,1,1.0375755138366223,0.7309229491170439,2
9494488638,177,7.194078284686838,45,194,0,1,1.3860173490622263,0.41144314247122515,1
9888961130,154,8.498416991103614,27,56,0,1,1.1350131876949836,0.38803724529682126,1
9298859824,237,5.628513464155672,15,55,0,0,0.1440965061957187,0.01919941917361819,0
9522933046,85,3.5715694455041143,41,198,3,0,0.7561933260607441,0.19580103244790656,0
9456213401,232,5.04630779326335,15,61,0,1,1.0458911346188995,0.4100679093017744,1
9586428002,186,5.366553132452294,11,59,0,0,0.5411804048908697,0.04539301099747685,0
9288699955,198,4.306051919786265,75,57,5,1,0.616454500472658,0.7153519170192838,2
9277314659,55,9.333503689520208,61,93,1,0,1.2239226007561652,0.18428533448316395,0
9920305780,26,7.56688955395377,33,23,0,0,0.16584887979869462,0.0,0
9535441269,75,2.7923656014221576,37,113,1,0,0.8555328116257569,0.15990555017802494,0
9629184518,270,6.0627932795387505,46,145,2,0,1.2262900264315977,0.26540128381732675,0
9483198253,132,7.042546933846091,78,33,3,1,1.2163793116976918,0.6676549541975699,2
9291535971,240,1.8314860061702376,21,138,1,0,0.26880636501428035,0.09652893172767078,0
9336641167,134,3.9050445526114137,79,124,5,1,1.282810916042093,0.7585601086270475,2
9276386455,121,9.102708675237201,2,133,3,0,0.20818575702993738,0.018016453407412758,0
9508192188,281,5.888144451759414,0,156,3,0,1.393690741936899,0.22551848894464827,0
9722999357,90,2.56147858757301,52,78,4,0,0.4028186900531745,0.29560049975550484,0
9941622656,255,1.6664555821319325,63,103,1,1,0.2613322356377821,0.49361240129095074,1
9320174896,224,5.423155488011338,43,10,0,0,0.20353644804514032,0.11082984124261411,0
9185999128,244,5.703014368776869,46,180,5,0,0.5807704164718791,0.29982294421796973,0
9752303625,91,3.6769372878688174,37,152,5,0,0.5880028450673277,0.2779537606203202,0
9368465269,85,6.488952269981626,62,80,4,1,0.8366094962529921,0.6006923789772461,1
9846277327,24,1.152504519084193,40,71,1,0,1.126125346095316,0.22620498730242763,0
9690413967,229,1.8788270860283358,20,187,5,0,0.8136522183568106,0.30765900783714384,0
9960498361,239,5.689601299606963,44,22,1,1,1.470526051984776,0.5839212439762228,1
9458292679,274,1.0872490915223125,12,25,2,0,0.39445101600040045,0.20985379948844696,0
9559486043,273,8.868633267415456,65,196,0,0,0.39477973060345095,0.06199996846342867,0
9611978629,119,1.8503905193369095,65,169,2,1,1.0869099230289554,0.5697078378647653,1
9678721679,209,6.902238803803097,42,23,3,0,0.5398481659160373,0.2526882475976207,0
9900666959,235,4.21643269628704,61,60,0,1,0.34024346096194286,0.4401486896266553,1
9794512710,194,4.29798360165136,47,194,2,1,1.209423893353339,0.5220383973159176,1
9296262698,40,7.766450521805866,25,22,2,1,0.4167092857239909,0.3807243746918752,1
9584657817,111,5.244890274642683,60,162,0,0,1.148483410777558,0.15847932599759473,0
9976449881,268,7.39372690461673,61,188,1,1,0.38936702100656106,0.3967159863320533,1
9514180685,108,5.299316673151307,13,110,3,1,1.415182179512477,0.5212800614636816,1
9280007110,294,6.132600743350002,53,174,4,0,0.5131417190016451,0.2746357973599974,0
9215395704,275,7.726788964761809,40,57,5,0,1.149614276781135,0.4000655789699279,1
9660415443,149,6.269433057752115,59,90,4,0,1.2780151307904208,0.38161195233515843,1
9555805890,295,6.3483435391934915,8,54,4,1,0.2716925855801994,0.48208965446596874,1
9234676547,225,7.997586118562148,43,131,3,1,0.1952444654442217,0.43070830243056096,1
9726110361,41,9.516324750284046,55,8,0,1,0.9376910894458189,0.40901036706342314,1
9989637322,97,4.078803462385699,2,67,0,0,0.9681323357861379,0.06409690541237482,0
9585983745,72,5.982612993646537,58,199,0,1,0.9718569332922731,0.3750314760713144,1
9860660365,288,1.3195949984686832,72,117,4,1,0.7386407158607913,0.7091017459216709,2
9338809707,83,3.908636865404236,12,60,1,0,1.4085917123095786,0.18526069642563195,0
9313325360,133,4.414467645949166,29,181,2,1,1.0689422404120617,0.45351612376472406,1
9735462795,278,8.434754509828483,52,154,4,0,0.2039033418130044,0.2133846802329521,0
9207586091,294,5.37722782019393,79,144,3,0,1.1990108443852876,0.3955045674839073,1
9253048992,130,7.445130546335349,50,181,0,1,0.48568898819051276,0.305607778693504,0
9990256140,221,0.6805703002438779,41,17,2,1,1.1122465819531073,0.6359860795647798,1
9608055117,157,4.912680361468998,25,109,0,1,0.1828935601060113,0.2866117295417601,0
9109332439,87,9.062517819054051,58,37,0,1,1.1733688492296421,0.4472540480789085,1
9875981949,23,2.6309821384049585,68,179,0,0,0.8598729014684173,0.14124629584868387,0
9944933729,145,0.7994607604175727,78,68,5,0,1.1090521226913312,0.5236593922646154,1
9816106475,289,4.617382970278026,2,87,1,1,0.791956094670168,0.4016928023837506,1
9630213145,88,7.1921022961521555,40,109,2,0,1.2215597897223969,0.20724861387952848,0
9147118996,252,4.81740331499396,0,149,4,0,1.4258373202925578,0.2819916386551794,0
9984677531,202,4.869793978357025,64,38,1,1,1.1394806899710674,0.5811668217229103,1
9867786799,251,6.863147891764036,69,72,5,0,1.1418338659340346,0.46084562254424893,1
9104051939,60,2.9166936786889655,74,43,3,1,0.40337645066450756,0.5864048499354734,1
9330991783,241,7.642953020598786,49,133,5,1,0.5962548785232091,0.5878518158422663,1
9268642113,268,1.9545785436044676,79,137,3,0,0.2750589263795664,0.322268795308961,0
9194857961,227,4.259630750216884,58,44,5,1,0.8454008375824015,0.7193658648406189,2
9563689814,215,6.732077030473721,73,67,4,0,0.7251810736092607,0.37032013780076,1
9459320780,129,8.36950556868688,62,133,2,0,0.5125810715831728,0.15647566176573813,0
9801414166,89,8.019545176068025,24,167,4,0,0.19686619410832384,0.0976227345135159,0
9691396176,51,7.356013193423129,9,149,1,0,1.40395080632727,0.08355193843819485,0
9482680317,30,3.9114156435957153,76,98,2,1,0.9475764524144866,0.5647721865665898,1
9694286895,19,1.6618910047903765,0,103,3,1,0.5549931235336827,0.41222314943322413,1
9317585019,162,2.5599250680834107,13,64,2,0,0.5868105346909378,0.1681481633459116,0
9757750611,95,8.715921238476607,20,133,2,0,0.6535788865492296,0.06567174485752159,0
9559408659,122,8.644648016260264,57,136,2,1,1.2362832281640728,0.5054015445178988,1
9910523181,198,9.53982809912065,37,141,4,1,0.3946139839657108,0.4544257408864375,1
9530576514,121,1.2218921930076452,0,49,0,0,1.2990566794512017,0.14899076188471916,0
9962711591,184,5.599686310135833,4,164,1,1,0.535943232730974,0.2971836188727535,0
9184811073,13,6.6624889265902185,43,73,2,0,1.319484432596113,0.23010493145911756,0
9553338623,231,7.251245082135138,64,18,2,1,1.3542416978087728,0.640094062751431,1
9822804813,230,6.616700732599087,56,183,4,0,1.0753308324794777,0.32147262443968166,0
9415951887,180,7.815108204071679,44,155,1,1,1.3526216649359393,0.46203330134345266,1
9355176018,222,3.914979974748745,59,178,1,1,1.1459445269405872,0.5174835835358856,1
9493595553,262,2.2046113352870806,65,159,3,1,0.30235568638208565,0.558444013009072,1
9901975851,133,2.443542035429166,46,93,1,0,1.4386331825881078,0.27978014415208957,0
9737650428,137,0.6137975499665612,25,40,1,0,0.36614939948517156,0.1533556906719552,0
9167330285,222,3.828057785009112,8,36,2,0,0.79248010427075,0.1963609190923807,0
9393950597,121,1.371568483359784,50,77,0,1,0.6368588616745056,0.44623090826728995,1
9733066687,94,3.5541425815068135,7,198,2,0,0.5874040599609166,0.0576554428838949,0
9866291299,13,6.467995733079354,4,174,5,1,1.1970652751616164,0.4914985508891084,1
9612737557,74,8.99754152807479,38,54,4,0,0.5073418319692858,0.20714385483275013,0
9564522257,129,8.476251784409907,67,61,1,0,0.8527483472715391,0.1992647802596658,0
9434332427,252,2.9004050135969806,39,121,0,0,0.5712620618409374,0.12819658725774874,0
9495595955,146,1.773789850881446,35,196,2,1,1.3508662579198742,0.528501806073141,1
9382374266,256,2.3341866010689474,20,178,5,0,0.31716567983727906,0.2543163090343128,0
9590198261,54,9.724373193084265,25,115,3,1,0.3456897744790746,0.34994029462047777,0
9517953501,155,5.7200075570121625,74,93,4,1,0.255714672655997,0.5793790033679072,1
9425664116,185,2.233771118505461,55,108,5,1,1.160918114494861,0.7315882536506512,2
9716909874,51,8.487088469524743,56,58,4,1,0.3260895627126482,0.503885685891221,1
9923500775,98,4.254316820969272,58,57,5,0,0.8463468390733652,0.39864315217050594,1
9338359007,227,9.04261044375991,6,161,4,1,1.1734928630299672,0.4818411515718104,1
9549027631,237,2.976432704927622,41,169,2,1,0.2617321982344635,0.4346406713290042,1
9460430610,76,4.235606708640244,12,73,0,0,1.402661589500765,0.12825877690307552,0
9486565893,260,5.297003746505803,78,18,0,1,0.4976453739613431,0.5119867332506248,1
9989030739,50,8.9798456738458,33,159,1,1,1.209227783946429,0.36943251932075516,1
9613891482,108,8.75319560024803,52,9,0,0,1.2109842956085464,0.18157976827004915,0
9535534388,88,5.95637316788684,45,122,3,1,0.5876814792086956,0.47476196615706806,1
9478534506,208,2.6068673429184614,56,176,5,0,0.8708126227252908,0.38668177327868003,1
9461912676,156,4.331891231509814,60,147,4,1,0.9831722033681728,0.625097969626063,1
9215098415,115,9.768514120972302,55,71,2,1,0.6817739933359537,0.45150737641531347,1
9555666310,202,6.273845626835319,28,5,4,0,0.601035024606747,0.28720472209745246,0
9518963898,131,7.920428673679869,13,156,4,1,1.2929843445620781,0.5022963105966243,1
9874745156,86,4.773714605933487,67,113,3,0,0.38270183320778983,0.23782297804706626,0
9880900874,121,5.55406911693466,70,66,5,1,1.2129081903721661,0.7356668201081106,2
9203596174,179,4.575064066209169,12,82,4,0,0.3852155380196106,0.2010584291011766,0
9874582463,15,7.1777494815886955,16,61,4,1,1.0801662597444106,0.508986957390265,1
9433612418,206,8.588974631925336,28,24,3,0,0.5026851338416367,0.19518785381122572,0
9810816121,107,5.319953660633354,72,190,3,1,1.3983289526931388,0.6114933637289098,1
9987357974,239,5.068240857044144,1,18,0,1,0.9475314963640896,0.38986822261249426,1
9267601844,177,3.732721437434771,61,185,5,0,0.8469241267031014,0.3687882379551549,1
9251817508,274,2.1824185957937963,19,39,4,1,0.5132731153199036,0.5877204173555297,1
9611558664,17,9.422853367313534,55,194,5,1,0.8121305070945708,0.5156647537769194,1
9681209358,181,3.5027573274552974,51,193,1,1,0.1922133072666372,0.37154917560919953,1
9703645314,204,8.106568903955711,24,151,1,0,0.3006857878502781,0.01570346769456485,0
9943905116,278,7.295796702231005,61,88,1,1,0.5130483627560747,0.4653995764372902,1
9256653509,28,8.013717202642226,16,46,5,1,1.4289632122743599,0.595777645707883,1
9177640857,58,9.399297267034973,38,176,3,1,0.7550257064689196,0.4027781842385173,1
9278229652,167,6.422022222098524,9,102,4,0,0.6605883125548964,0.19198966417473862,0
9409527700,75,9.030528262129424,58,5,0,0,1.1815799474647863,0.18142325455022124,0
9471647352,68,2.0931245676667896,24,72,4,0,1.0711659031497103,0.3155557468992971,0
9356601354,168,6.453769471589482,27,108,1,1,1.0295346479742484,0.42164892409783594,1
9977613477,280,7.83661832268882,75,82,5,1,0.9479737353324413,0.7221340950342937,2
9563576903,130,3.0805907420696537,60,178,2,1,0.28195165867951455,0.44553377680337264,1
9867067753,263,7.537161112273667,57,55,5,0,0.6468066338410586,0.3780541960469763,1
9816947927,270,7.89552987660425,43,36,1,0,1.3616463421049874,0.2634012025333474,0
9896271138,144,8.396285582156224,22,104,5,1,1.4435378723721617,0.6083691176987848,1
9341668726,283,3.472387669661362,77,151,5,0,0.7057508332950474,0.43623811462613593,1
9972394253,65,6.975262606598937,16,43,5,1,0.10147712960984234,0.4603074376073271,1
9164773622,105,3.39040619239274,78,146,3,0,0.7990542901309488,0.317701640507001,0
9942640137,123,7.5208836812353255,37,161,4,0,0.418047418176558,0.17146508600636307,0
9873803659,37,4.898249818884266,29,46,3,1,0.3632972724037582,0.44893334152850656,1
9928372773,11,6.176671558008589,18,18,5,1,0.49730928234478955,0.519990388518605,1
9218489451,221,4.450479823590404,31,120,0,1,0.27167923745981226,0.327879083945426,0
9498207094,77,2.0388378058333307,19,143,4,0,0.1642089772128215,0.16302235692887196,0
9138243565,137,2.191280531250955,63,79,4,0,0.7225810351014524,0.37519769117049606,1
9238396193,33,1.2369046189902777,35,51,4,0,0.4675715838731894,0.2793157346368994,0
9326888872,262,6.371690457355787,64,108,2,0,0.4586718196557308,0.22644699953708486,0
9407698185,239,8.562064780554064,42,28,4,0,0.41017784626966614,0.2667098975190445,0
9535423120,185,0.6979498494897689,25,154,2,0,0.7952977475708798,0.20364366484796165,0
9620992400,230,1.1292752698393582,6,181,4,1,1.1265168316245076,0.561964049890202,1
9279921858,45,4.845936426877648,33,187,5,0,1.0196694774337063,0.276959100169513,0
9326667453,11,7.508346993597799,35,59,1,0,1.4663104641216376,0.18204042510475626,0
9364449758,283,1.9982226247635375,5,74,0,0,1.379603116687257,0.19129036917197506,0
9239461490,186,3.0806875357173418,36,82,4,0,0.6842745915969183,0.3107447005630221,0
9376667147,273,2.704058912177168,61,77,3,0,1.2381720315344873,0.41968193683801247,1
9346145894,195,4.290986577375964,72,167,1,1,0.35825973439136605,0.4459993291984524,1
9532001539,24,2.637487431666926,59,48,3,0,0.39723158858500396,0.2631679414501974,0
9849857705,288,3.8496874461751536,63,168,3,1,1.0812928079906767,0.6301088876047793,1
9814061196,203,7.421154687288469,49,93,2,1,0.4033920331339933,0.445236521061951,1
9990889057,207,6.304587860314797,51,19,0,0,0.7316677717666377,0.17259507828821896,0
9657217897,73,1.2712262012210824,16,49,3,0,0.5508638983321117,0.21381562005186713,0
9603345365,299,6.558583829334318,59,126,1,1,0.42569349740615225,0.44586354707005976,1
9737181048,27,5.0322331298125285,76,66,0,0,0.31622911265930054,0.12276069596136571,0
9455134289,73,9.378372959717819,53,96,1,0,0.956588787132229,0.13696684560592032,0
9633037074,260,3.248391012488506,9,182,3,0,0.17866452754667234,0.11304238448907193,0
9841327489,26,7.39858098714202,24,17,0,0,1.0835732017886552,0.09367914570226774,0
9621473035,150,7.443177818923414,17,109,4,0,1.3526187922053863,0.27274612123756536,0
9152450384,254,2.60425741958728,63,163,3,1,0.5808605313492919,0.5784355080602009,1
9493921377,299,9.080624437223893,78,9,3,1,0.678505712868479,0.6351865256308641,1
9889349125,96,5.166240404081229,58,87,5,1,0.9268157545857807,0.6618230057013189,2
9924734087,208,6.949391985448373,26,140,5,1,1.0327346101172663,0.5845021160553582,1
9436663164,170,1.8856278093932932,57,145,2,1,0.8627346252505571,0.5499839546506807,1
9815909426,149,2.9491372114237078,60,173,1,0,1.0664891392220668,0.22482238350289685,0
9629911230,85,6.068017620403617,78,21,4,0,1.2319826977478299,0.4386883789515628,1
9206364344,28,3.53075904954682,70,36,0,0,1.4860628402843992,0.28292509890623274,0
9540101758,59,5.247082726424248,42,9,3,1,0.6498348330412834,0.5327485205811965,1
9778130689,241,4.053049394046248,79,130,3,0,0.9185535550572128,0.37060650054497724,1
9223079175,21,6.585261068118456,10,141,4,0,0.6266611699049532,0.12977620757117292,0
9227287033,24,5.127880946417685,4,111,3,1,0.43310027378699467,0.3623374614974272,1
9462677898,37,0.5437943917450976,57,166,1,1,1.49661031830728,0.5521843721625993,1
9685706107,259,6.671967960481148,38,5,0,1,0.11943651014472999,0.3663354323582605,1
9182947380,107,4.510154791976726,47,172,4,0,0.19057886694979997,0.1930309398635886,0
9948496137,48,3.746134234657117,79,186,4,1,0.9162615079426973,0.6185477701372383,1
9371217108,47,1.3943941466906238,19,130,5,1,1.0937841396207746,0.6048047003275387,1
9336972243,188,2.593512060381669,18,36,2,1,1.1203712795919667,0.5439557421597893,1
9132121967,106,2.6258367700181076,59,130,0,0,1.0846385552949618,0.19466325206184482,0
9897905927,291,9.386010244344925,25,103,4,1,1.204040769060383,0.5702027693551069,1
9204880931,247,4.608873260092195,78,117,3,1,1.1425178761362116,0.6766623326819057,2
9464927452,173,0.8996255485441154,24,182,5,1,0.8643679834610266,0.6020619847661273,1
9682198121,106,1.8187584813115485,14,191,0,1,0.7581592857866407,0.3134206791853249,0
9899920587,266,1.2508104194626646,20,194,1,1,1.1083800597804274,0.4609292154734326,1
9128715260,271,6.094259206968507,46,15,4,1,1.1252603315917973,0.6861667959740604,2
9779925261,267,2.2729041698848538,34,27,1,0,0.5655699504093508,0.21879354401050383,0
9555271151,258,5.236297582676872,43,123,4,0,0.10413680746588268,0.22971084590378343,0
9906237621,254,4.015589597264768,5,30,3,1,0.5400308909510816,0.4925999650802859,1
9214908116,260,8.136825582869893,74,67,2,0,0.8486334896853771,0.29452744510113993,0
9336725077,132,3.5446515540209416,22,178,3,0,0.8365543110880695,0.18555069868231705,0
9349843348,178,4.853522082769679,38,73,1,0,0.6318132774480677,0.15804199496719865,0
9687745515,184,7.3522127116793445,72,94,0,1,1.4052653414944138,0.5244719551058442,1
9516621873,278,4.616836465841073,17,138,5,1,0.7668965280478567,0.5800088791089834,1
9399442653,213,8.035547592125296,39,55,1,0,0.2946694315480417,0.09998376068026146,0
9885410726,75,6.7860013842483164,35,47,2,0,0.37097776759865597,0.12633531550085894,0
9715918611,68,4.400026582493802,27,174,4,0,0.2324194080368364,0.14297334330782807,0
9841505239,228,5.2878282940204455,63,145,5,0,0.47559061239060263,0.343666933958627,0
9691993686,275,9.688432830500838,57,29,4,1,0.5266172452206607,0.5900162087938027,1
9110186886,150,6.785309216829727,37,134,1,0,0.5678288349121724,0.08696574958750397,0
9262691976,245,9.097454646737086,78,18,0,1,1.270643609025078,0.5551411106554976,1
9434509184,227,2.1982057829751116,43,149,4,0,1.1716702540917827,0.37300529442864594,1
9471152165,24,5.090743484328943,75,109,4,1,0.7945547555477742,0.6109076488537856,1
9257680885,147,9.132285863527981,1,108,5,1,0.7220875230876722,0.464513072408185,1
9583139260,241,3.5648145836934675,72,172,2,1,0.629335714139758,0.5410091773591161,1
9383455573,98,9.692809882390998,34,43,5,1,0.11899068015329382,0.47909849636303664,1
9470756139,86,1.4222361594997457,0,157,2,1,1.3876177361154078,0.4618806277531854,1
9538998857,145,9.07537611761285,45,52,0,1,0.5080921546184488,0.34598321180952635,0
9832446070,119,4.729515159625658,59,119,4,1,1.278655913038872,0.6576678609824902,2
9275809981,100,1.2005695688410263,62,53,3,0,1.1371679551050928,0.3937199864531854,1
9151552633,199,8.855455129567831,44,165,1,1,0.2601747573806274,0.31852217599752797,0
9313294469,82,2.893432017886578,56,31,5,0,0.5385238361572074,0.38226834279089256,1
9326838160,182,0.7113761922046394,36,49,4,0,0.7785153041879382,0.3659186555294302,1
9630510898,44,1.7901675029073267,6,35,1,0,0.46702420932516986,0.0862942284174658,0
9371039781,219,6.761590048047736,15,67,5,0,0.6629537491424324,0.27706536932051906,0
9420443954,142,9.789209146812851,49,116,4,0,0.49540182432301516,0.2080943758236743,0
9466803209,292,1.5588903260434097,13,170,2,0,0.9900067899944277,0.21021079755347705,0
9841981303,207,4.888506457185239,5,112,0,0,0.6049251994696773,0.024378946450138383,0
9474808468,41,2.2160472340015587,60,172,3,1,0.5848154228355582,0.5155186172655817,1
9177354231,145,7.577847073965125,20,190,5,0,0.4802007528439447,0.17535659212035856,0
9871375173,257,1.6215595477372347,9,69,2,0,1.2221359966681589,0.2694809383606656,0
9590426196,155,2.778496610568451,31,15,0,0,1.0043083006093054,0.19075837007962856,0
9234649912,152,2.3658566926661777,5,147,2,0,1.109350739245769,0.1710151417308315,0
9991529254,243,5.74893791348629,1,101,5,0,0.6514124333822899,0.24573223704403935,0
9869441210,53,8.795248874006006,38,189,1,0,1.275262164928006,0.09662180663662198,0
9241734929,41,5.355356910985976,48,116,4,1,0.6829242811944032,0.5346199641448302,1
9421675191,240,1.053312801328977,26,157,2,0,0.3470960055867957,0.1610117670544678,0
9100658139,37,5.852194840669897,55,171,5,0,0.8149279004961897,0.2956816766381707,0
9555955256,169,8.076449493521089,13,37,0,0,0.7228731735921369,0.04564405357547004,0
9988275699,216,1.7554838743910657,22,33,4,0,0.22843558116788065,0.27294646324745286,0
9475691615,27,1.1907565362736212,50,190,5,0,1.0277425722741684,0.3537400302376168,1
9510888139,112,2.284173886796906,24,15,1,1,1.236794068638241,0.5213718682616928,1
9590644777,79,7.5878200668054605,52,145,1,0,0.5986217345565216,0.09034743401178376,0
9937339418,128,6.120963985554015,10,73,3,0,1.1628986729211506,0.21822960625722318,0
9122992457,148,5.635649212636614,34,25,4,1,0.9201934859100626,0.6022620944242348,1
9121094509,169,2.8700589990017993,54,7,1,0,0.4821980146608522,0.23048972043794738,0
9434906360,241,3.656247654845165,57,158,2,1,0.5815675659054302,0.5074298027171764,1
9180518323,157,9.675907622961752,67,165,1,1,1.424575564380596,0.48895484291679725,1
9649730217,252,2.785939653929164,36,98,1,1,0.4021056451320434,0.43802140156869523,1
9366058271,44,9.06563152092334,76,26,1,0,0.31268643988009814,0.14246812786786503,0
9429887513,248,6.015049292348498,8,66,3,0,0.20593986011601276,0.1356655250390729,0
9612004938,158,1.6713164305268542,27,9,5,1,1.3258200678577061,0.737425944309936,2
9280112150,120,4.939467592473146,54,151,0,1,1.0409689463987848,0.4236426624581764,1
9256599009,26,9.51121281492832,45,13,5,0,0.2633311900989607,0.23914852236606876,0
9754153784,235,4.476373182304907,79,62,1,0,1.1719195403922305,0.34033053332607544,0
9326533555,149,8.702172365498942,69,28,0,1,0.9811783020779299,0.4742986611966975,1
9851419623,153,2.936072599191223,26,171,4,1,1.4807001494455647,0.6122511467431732,1
9461482109,269,5.923760442103544,9,65,0,0,0.8159837921543472,0.08631626308661247,0
9670728790,226,8.51659455291875,22,131,4,1,0.8229872616264179,0.4968260034268118,1
9606687964,171,9.246540191112107,20,52,3,1,0.448974556582902,0.4195184644966029,1
9293923647,101,5.115321987937357,44,182,4,1,0.367293341413104,0.4736246704476576,1
9304087750,183,6.577036970381576,2,66,4,1,1.1269464329305021,0.5326091283070814,1
9907023847,214,0.528311242432144,58,185,2,1,0.6217260941760181,0.5313340630586032,1
9932270624,162,2.9056214213772016,42,153,3,0,1.114127715114482,0.29202786875721143,0
9503698900,112,3.147764985595985,6,42,1,0,1.1842179716530092,0.17069964343787597,0
9103823873,211,1.3881836107170926,26,122,3,0,1.364606909153529,0.33286129243648505,0
9153293585,289,3.1571026268912785,61,63,2,0,0.69841358113058,0.31674106487964093,0
9531913646,74,3.550659314052322,41,101,4,1,0.23417772893422037,0.502976749036812,1
9837500064,126,9.703277375897835,3,175,5,0,0.13041063751269968,0.07205994799074993,0
9715303396,162,6.851722615327958,61,21,3,1,0.5086335011728892,0.5607653487568113,1
9271465953,165,4.54704825445527,7,73,2,0,1.4054677844616532,0.22534155508193512,0
9601277267,173,9.886517376607339,16,176,5,1,1.1469194547737853,0.5131254593868996,1
9955035682,91,1.9557070422288063,4,195,1,1,0.8828084763352437,0.34223519932015023,0
9575877810,15,5.022486342339604,62,27,4,0,0.43546246093871477,0.29798565920457054,0
9433345649,76,6.647090966965969,8,107,3,1,1.0979675898465313,0.4487576858446588,1
9513162492,247,1.0280160275987318,7,158,3,1,1.1371865276742428,0.5387428576563911,1
9404543477,81,7.311489151789629,6,98,5,0,0.4226243859761821,0.16907705649566634,0
9760509073,104,1.448739852758904,36,180,4,0,1.0913753501403438,0.3083134971170677,0
9454019949,87,1.832681931696931,54,179,3,1,0.26832654223892183,0.4774070018883074,1
9530350077,76,2.017050368389799,66,50,4,0,0.2423548039576292,0.3246446387209046,0
9381462871,185,9.324453353227419,7,33,2,1,0.1773259812326875,0.3259690108425269,0
9603454279,181,6.990737678812594,68,38,4,0,1.2342779916652802,0.42249117352074916,1
9557944956,264,6.726561260479489,4,14,1,1,0.47885588159635295,0.3731439706658085,1
9678995741,72,5.777188216417425,16,24,4,0,0.945846535539503,0.2633753256677313,0
9601644971,255,3.2816569876034767,57,38,5,0,0.30227618367925246,0.3941432581902685,1
9527326345,201,6.3984521936938386,62,105,3,0,0.7193959340447998,0.2821460857610499,0
9762462806,80,4.396422338942078,26,145,5,1,0.13878156904798666,0.4712300535517867,1
9171279027,238,1.8814534258798414,75,91,4,0,1.3039324042662046,0.49661111406805314,1
9609198529,72,7.051174258113464,67,142,4,0,0.8556478415305364,0.29301364988630274,0
9377626073,254,1.731030595334266,27,49,4,1,1.346714439757628,0.7008166989602376,2
9594226595,16,2.311351519701146,57,132,1,0,0.7548968227061911,0.1733680671549958,0
9171414944,269,8.268143462552256,49,93,5,1,0.5428584099886943,0.6014086209813496,1
9532898990,98,6.7711124131889635,66,86,1,0,0.6611234804719593,0.17371480203170087,0
9248607500,186,6.494415965029603,30,123,3,0,0.44138979523370736,0.16263378384768967,0
9962711591,213,4.472926451255878,11,96,5,0,1.339787115792312,0.3606493364800069,1
9173913944,143,4.264664923274026,54,140,3,1,0.5138631269641084,0.5121209294897382,1
9251207747,91,7.057494787261311,3,9,4,0,0.5090903347333517,0.17891756938753314,0
9521686313,30,7.530052616785935,41,24,0,1,0.9842661427943633,0.39600130573389236,1
9661654674,137,5.34702542246095,53,125,5,0,0.27182053842601905,0.2817374928749242,0
9895318481,204,9.708057821311,21,176,2,0,0.4068514123666276,0.03397547562826332,0
9983258084,203,9.579145809729283,0,62,4,1,0.7018623765973039,0.4484070688082584,1
9271987805,193,4.418080155121207,47,152,2,1,0.3556531830651569,0.43887808677303103,1
9965280953,256,8.29591141568996,42,93,1,0,0.4602548677230254,0.11594631380515022,0
9133400086,169,5.661044495184946,19,104,3,1,1.079899088024166,0.5094720232873473,1
9165320186,203,5.361680931793158,17,119,0,1,0.4917775212130375,0.30755646469737996,0
9237088309,119,1.0221585830971924,69,78,3,0,0.9920745605463666,0.38676637760173105,1
9829110223,75,5.952759749448947,48,172,1,1,0.7921700162363186,0.38962728495497084,1
9392227904,263,9.055490340350064,75,20,4,1,1.1746742554041865,0.717178359897635,2
9510773643,292,7.911271567353375,16,8,1,0,1.151011633364676,0.19705280386218726,0
9850080791,69,7.97001287464299,52,14,0,0,0.37656633129864614,0.07794780526012164,0
9826434337,127,2.0193258664752225,21,183,4,1,1.420536081704843,0.5918490860735451,1
9341481524,53,3.9052697477688545,9,52,5,1,1.2230898637566034,0.6082908800108995,1
9586618104,219,2.71544670817724,23,24,4,1,0.8456618340443499,0.6230440595871951,1
9838358801,45,3.5011951833285413,11,36,0,0,0.8836612178733172,0.08277500394485558,0
9799224120,28,6.005623763190391,3,198,3,1,1.2603712539073502,0.40639373197726414,1
9303257967,100,3.965446227017355,41,64,4,0,0.7778133804020335,0.30866891759070236,0
9574005508,221,5.826629265910528,4,15,3,0,0.7698819972897518,0.21489962181717723,0
9806948505,231,4.665761858608482,25,24,2,1,0.9822584819545545,0.5357318755312448,1
9299316893,226,3.2228478052724125,58,27,0,1,0.22363126011284357,0.4454282442169389,1
9374361525,232,1.406332624949007,61,131,2,1,0.9149961955262975,0.5945402186304342,1
9389432914,107,8.972465344775435,79,81,4,1,0.41347120468391163,0.5637302937580976,1
9500615196,28,0.6080469770441623,4,39,0,1,0.2633860139306866,0.3012764246138191,0
9538294617,35,0.515698637348726,25,149,4,0,1.2415800257726897,0.3098845527778714,0
9165735271,37,8.354578527753688,5,14,0,1,0.6345435033018497,0.27000694472984443,0
9354339962,73,9.969703933095005,23,42,3,1,0.8039400642754435,0.43905302718257977,1
9539663289,232,7.407476863279734,52,87,1,0,0.5108397667927622,0.1517777163224413,0
9163317241,89,0.645101461597405,6,36,5,0,0.1432684361486707,0.248684328132005,0
9107605502,60,2.653557153350877,9,58,1,0,0.7193485509488952,0.10572914027365693,0
9527691595,111,9.732315652488632,38,61,0,0,1.1503651930113585,0.10585603533149943,0
9771017857,185,8.181740395651431,77,111,2,0,1.1616633160773953,0.2963020465148036,0
9168840394,19,5.884598516144755,27,29,0,1,1.390864084875135,0.42760517465794573,1
9240991057,246,2.7501767396834103,41,146,3,0,1.276564890080343,0.3370356659334402,0
9645401420,109,0.6365169563041153,61,49,5,0,1.475266700257068,0.5312104672218655,1
9575314660,237,0.6981839900553856,51,176,2,0,0.9002799245412122,0.27760538306428084,0
9543296725,73,6.313818203537153,21,122,0,1,0.1713108388356394,0.2305081488844976,0
9937168075,28,0.7074028253480196,56,42,5,0,1.3087539255457439,0.4810283038279797,1
9442373633,150,9.939486348291041,10,129,5,1,1.43284864038312,0.5506680006664819,1
9145316734,34,2.242146418190512,13,40,0,1,0.7498421873259425,0.36139197212749363,1
9886469860,237,7.251719937758135,30,92,4,1,0.25951096961285375,0.4848206771004449,1
9718862470,98,1.9730673534179275,3,128,3,1,0.1344733374229044,0.37334332558306677,1
9884118041,101,5.630887500428288,21,171,3,1,0.9589142459953061,0.4481823928476306,1
9533585113,51,1.265807240429067,63,171,1,0,1.0346731271885397,0.22282108837747594,0
9424979799,90,7.7843950330658105,76,17,4,1,0.12270139140370762,0.5638114265716553,1
9511710667,116,6.056750399885882,78,198,2,1,1.4289653183855144,0.5742281667409647,1
9641661199,120,1.3185835873134428,60,166,5,0,0.8591317651832037,0.39127280877422316,1
9251248022,286,8.561568797400053,5,128,1,0,0.957183435336532,0.07963985333824991,0
9450991271,223,5.696676840378669,78,19,3,1,0.8898108580641323,0.6758838475498186,2
9170210747,240,9.255126945126522,67,62,0,0,0.5437098327197212,0.13793365658484827,0
9323502664,130,9.20792204994207,5,116,4,1,1.3608143730640239,0.49671932683504477,1
9771803935,143,9.244824000122533,65,63,3,0,0.10533372349110477,0.18658549215079553,0
9789744654,217,1.2389594019044456,35,198,3,1,1.1460708210944575,0.5722776523751482,1
9657648868,266,1.6490987366679728,14,56,4,1,0.6051633369605515,0.5832637489285838,1
9260376204,194,9.88320519230388,75,73,3,1,0.36631332127113847,0.5213424695782233,1
9738588420,295,5.132207803287707,39,107,1,0,0.7105486702750373,0.18059601346021864,0
9924442314,189,2.7630335018769028,40,9,4,0,0.3772488838718908,0.32401346404210407,0
9741019209,57,7.811812640737251,6,47,3,0,1.316363035665276,0.20142181259098613,0
9630451276,96,3.010709601518579,21,12,3,0,1.2138484687531814,0.30838330103215883,0
9192558504,28,7.408549036177102,71,82,4,1,1.299795557012018,0.6492895450739835,1
9663877556,55,8.45421488957273,10,97,0,0,1.2702192619114097,0.039642399421163044,0
9384391789,65,7.950502084305166,1,67,2,0,1.2547392110642213,0.12924601364937788,0
9356373937,238,3.103454177880386,29,167,4,1,0.9139930992288393,0.5736543884395627,1
9507896718,154,4.315376453752752,67,36,0,1,1.3627530239684664,0.5655625120978497,1
9966702697,101,4.425884530716125,52,101,5,0,0.18280951184945973,0.28225986038667494,0
9782154622,91,5.167092721992482,20,122,3,1,0.5002246084072213,0.41828850701162346,1
9829089798,234,2.090042089631292,24,28,1,0,0.3975899886119999,0.1690302935578645,0
9144667943,88,4.798465478936253,72,54,5,0,0.2695125833290529,0.353226590918918,1
9754437275,159,5.352438409897057,71,122,3,0,0.10889101219331312,0.22198766054443286,0
9857625247,292,5.551235467519998,4,191,3,1,0.6637022403461548,0.41639610989796516,1
9306187874,169,8.289054084852353,65,197,5,1,1.1136012951447394,0.6269801730658071,1
9318898686,165,5.4146777355552045,48,132,0,1,1.0028406372429048,0.42136474364248616,1
9638924174,165,2.6924472638799144,7,116,4,1,1.0114649120709798,0.5468164222819587,1
9890466287,211,6.799723013319778,78,42,2,1,1.3433696277438785,0.6583743458360949,2
9765108195,126,8.07448436882294,26,170,2,0,1.4402941297887393,0.17104148314877343,0
9127707220,163,3.534030831163487,1,153,4,0,1.052828015524026,0.22914765855558789,0
9628280261,128,6.630406325667249,27,155,4,1,0.21889357013272842,0.42008568584125383,1
9997807235,208,1.8959109614871201,10,178,1,0,1.0473845585550847,0.13590188215543136,0
9940932971,272,3.7482998934916085,45,162,4,0,0.8766849684465906,0.3290059308250249,0
9600887577,193,9.137627330721525,20,172,1,1,0.1901596581734365,0.24763429767882073,0
9934120636,157,9.157427550044423,41,86,4,1,0.4599632261789409,0.49242312320760645,1
9273232548,175,5.965583498059105,31,74,1,1,0.43278020205328416,0.3837632889363516,1
9427148764,84,7.172338878218514,31,73,4,0,1.1819283560739104,0.28741333619024717,0
9960182356,245,8.613146444456444,70,174,4,1,0.5832897731924154,0.558470348782946,1
9110867948,281,9.606255260469954,21,150,2,0,0.8009301842604611,0.11601989231894921,0
9735476204,188,5.15392118275281,77,191,3,1,1.200015645198372,0.6220381565641043,1
9928195824,292,5.834969497947326,76,17,3,1,1.4111197991213706,0.7516814085858632,2
9517768934,60,4.448594883154387,20,123,1,1,0.8534996878106438,0.3725368239394246,1
9998066343,84,1.183828402036073,21,106,0,1,0.8774156079941736,0.38773393213486795,1
9984787660,153,4.516632988263775,33,25,5,1,0.23421275252839324,0.576455934444242,1
9659862422,197,8.010959724139234,9,81,2,0,0.7920451101424617,0.11919722986075795,0
9967994234,132,8.146412230919523,64,86,4,0,1.0610533826079525,0.3417694591419201,0
9974175631,260,8.977582588636347,64,81,2,1,0.36467270064014246,0.4768630663465143,1
9494560477,139,0.9889336991717061,66,193,0,1,0.25576622504672525,0.3878914092822132,1
9181866940,261,5.507968601016022,42,103,2,0,1.3086707524909869,0.29154486708672617,0
9853791043,189,1.5205326354022244,40,170,0,1,0.2608271826528367,0.34845287029351374,0
9480572263,119,2.4070507400745615,12,172,5,1,1.3783067698574756,0.6092455368353357,1
9380959311,87,9.052056772615762,3,159,0,0,0.48311877481876697,0.0,0
9351558558,11,5.219516955082111,22,190,0,0,0.5619491365554774,0.0,0
9190233652,285,7.706176748517829,69,198,0,0,0.8358114513514961,0.1400732531799656,0
9391648361,299,1.1116490063224678,33,47,0,0,0.3633451937768363,0.16074496851068407,0
9247881368,178,4.459851787286094,40,126,4,0,1.063974828875749,0.3246254246843234,0
9137697835,249,6.905282666311209,17,128,2,1,0.8334492205744967,0.4258005144732051,1
9941064331,32,1.7673615721430265,32,24,3,0,1.4245580813905432,0.3502719642344822,1
9667506521,181,3.59526985150399,24,167,3,0,1.3757039402000601,0.272707901272626,0
9386282084,295,1.1132041477268908,51,59,4,0,1.177598446897266,0.4678700305216159,1
9322519551,202,6.687729438260349,16,78,1,0,0.3587379096376515,0.05766246256406064,0
9680846575,178,9.723466961052127,50,76,5,0,0.3993084682904505,0.2732020793288952,0
9260618848,127,8.356932165856882,2,172,0,1,0.47586319263547294,0.18918706379264083,0
9472401883,15,9.758919609671874,54,50,2,1,1.2678020973826476,0.5035292163698553,1
9123043592,141,8.533245553434767,55,83,0,0,1.0071237613476542,0.1383059047205013,0
9264768267,102,8.624360158871298,34,174,0,1,0.3458123053880491,0.23470515474011033,0
9757264452,260,5.983183356027754,67,150,3,1,0.7415612366234362,0.5742724814558127,1
9801066165,19,5.423396958425494,58,19,0,1,1.4648604290900116,0.5167691546563622,1
9677915635,60,4.3594155310643625,58,103,2,1,1.125151094100835,0.5457051449193279,1
9692588469,138,8.27190150293586,12,70,2,1,1.4080000426476857,0.46649718708249194,1
9620491291,258,2.2296423166412334,61,145,3,0,1.2323728350919307,0.3866790324113369,1
9441732663,111,1.0341367003298354,46,113,4,1,1.1150832783401246,0.654000352996857,2
9618602850,92,9.504991315504412,75,61,3,0,1.2618877254950813,0.3321499646066901,0
9674218436,200,0.535892759433032,2,141,3,0,1.069597871248678,0.24125436476997836,0
9896263277,152,9.779878557820592,20,125,0,1,0.8943134204018305,0.2929924010877059,0
9902864353,246,7.424107013800775,64,103,1,0,1.1302405999330227,0.24863958782635343,0
9106113100,296,3.6207397371293624,17,70,5,0,0.4212505079238533,0.30928451743864344,0
9938695526,286,7.129288509319948,12,148,4,1,0.7864887331349392,0.49409385253102006,1
9921774953,178,8.26981399325871,70,114,4,0,1.4319464278102827,0.396562470084796,1
9858565231,153,2.8309395318711412,76,134,4,1,1.2320573962173873,0.7146756131636327,2
9370852665,193,7.823508991156028,44,148,0,1,1.396820446053467,0.4302030122992104,1
9587066189,54,8.14151143757828,61,76,3,0,1.4544278046808157,0.32248319931075853,0
9526187850,252,2.8688689861907815,29,5,5,1,0.9220316564016648,0.7061673709339105,2
9908231977,277,0.8983003665908436,74,109,0,1,0.37464613663807456,0.5000445986641455,1
9867271333,262,2.4391617033019277,13,158,2,1,1.1374702293360432,0.49534315374736865,1
9209808451,298,2.4061408844492473,52,176,1,1,0.11026388271435004,0.41682464197899777,1
9651912628,221,1.1197843146670903,9,137,1,1,0.22479809117938374,0.3482216924988543,0
9452928288,186,7.397070154224361,71,25,5,1,0.5005601907032348,0.6681523810336959,2
9962465591,30,4.109761782354878,30,39,0,1,0.12126231908488637,0.30123433690192786,0
9647470440,61,8.901668590811655,5,108,3,0,1.0566944919484793,0.12549998261074435,0
9165782983,242,2.8956255038192666,18,58,4,1,1.2432181394863857,0.6464720040258685,1
9845884772,132,4.80570556844931,11,128,5,1,1.1552760408155265,0.5769146580764715,1
9870532095,109,6.570665574804247,63,182,5,1,0.30227289072000824,0.5372414266554169,1
9979619657,223,8.83591702188189,54,112,2,0,1.2254676917460976,0.2539917854136157,0
9239376298,144,5.48390046538406,66,48,2,0,1.259886071304526,0.3362795229719343,0
9306150008,227,4.0484839642176365,8,89,5,1,0.23513948400034965,0.5136682638427638,1
9359017102,97,8.736643245484084,5,8,1,1,0.7893418606323227,0.3469979709967364,0
9373995524,289,3.4473410345323003,0,127,5,1,1.063375221481812,0.5998036008300965,1
9740491740,49,1.2545251465094762,41,46,3,0,0.6693593519318728,0.2795854871403777,0
9689368914,249,4.7279000213472795,54,173,4,0,1.3449724460790657,0.38206189327332046,1
9240726578,145,7.958386411730923,48,168,1,1,0.840798202272224,0.3920618139985625,1
9973974281,191,0.7924179016584694,29,28,3,0,0.27096757189393983,0.2571904271407045,0
9334034571,274,6.065881327401125,34,137,4,1,0.842607851704292,0.5653890329423683,1
9978552053,268,6.147408461008743,62,189,0,1,0.9084151122336074,0.43170757860259457,1
9823794782,191,9.321146752560125,21,71,3,1,1.4350818975126631,0.5350394000041315,1
9713224337,30,3.221415762877707,42,15,5,0,0.6907835935078297,0.3592370420664071,1
9301831247,205,3.148947825501614,27,177,5,0,1.350245697537891,0.37115877646519413,1
9481448995,221,4.684594687726943,17,100,2,0,0.5479582948121253,0.14472319245806503,0
9766357974,25,3.890691563979394,31,26,3,1,0.733225179245349,0.5167153894083559,1
9646327499,211,7.4952856955486045,68,143,3,1,1.0453789461007816,0.5852687118521772,1
9322651811,227,6.596644732749721,53,170,5,0,1.3397077415662086,0.39638852552828163,1
9653504868,102,7.70974986010953,33,191,5,1,1.1837638968818427,0.5554846693045068,1
9892554434,142,8.290397016387548,30,90,3,0,0.3176452650403261,0.13099933427485522,0
9702930696,148,9.268320760974403,3,136,4,0,0.37117659302255857,0.08753800869768091,0
9613393212,166,4.593898951954152,13,199,4,1,0.1955036678548459,0.39835031938579846,1
9531662388,79,9.85462519997972,14,142,0,0,0.9700704722604288,0.0,0
9875918225,24,2.5487777273347008,59,23,0,1,0.7164650566896579,0.4630404740747426,1
9949055650,244,7.286469038499622,19,86,4,1,1.326170785810326,0.5925195325019104,1
9282851069,221,5.573088514418298,19,160,4,1,1.4851721202293187,0.589026925587832,1
9759650168,299,8.260555649506394,48,99,1,0,1.32998038662948,0.24270431193479414,0
9427364598,69,5.029319945761047,67,21,3,0,0.1652724345553908,0.2501308527975143,0
9203031009,261,7.947417035943097,17,28,3,0,1.4221022615104255,0.30113326694993386,0
9126595432,11,9.336602789152941,23,133,2,0,0.2441845041696725,0.0,0
9499673293,245,7.456795528330829,26,9,4,1,0.7260869623874451,0.5729822224798569,1
9717423619,28,7.872895719074081,32,164,4,0,0.5162621564777878,0.14094337681511226,0
9564764328,58,1.1381665970256332,63,57,0,0,0.31902297596000795,0.15334142461756,0
9672710142,87,2.447097791206666,24,85,5,1,0.33973240083642553,0.5461027146058911,1
9935686828,37,9.75588553478414,68,189,0,1,0.5841675425250501,0.3013961453522631,0
9279072027,57,7.085276535980247,17,175,5,1,0.13555171253225431,0.3971928870721075,1
9848653903,105,5.8337656644545435,44,90,3,1,0.19051900795066432,0.44685709298062526,1
9351075147,174,3.9862755472662754,19,107,3,0,1.0999918538791489,0.25181371589830254,0
9314445124,185,0.9216955114657202,34,171,5,1,0.9767257434637521,0.6464800764113949,1
9268551265,82,4.006791125659282,5,166,4,0,0.2391008629704106,0.10672727671520459,0
9612622080,38,5.239672296250971,74,84,3,0,0.7052822065764613,0.28839113056749704,0
9821640614,166,2.508865339175424,8,9,4,0,0.9507930632645776,0.3177554501883109,0
9803269727,288,2.1447995171014087,51,22,2,1,0.23670088750609056,0.5512165122955139,1
9550100953,292,5.32995723789641,27,136,2,1,1.460795458320707,0.5499526348103945,1
9607830032,16,6.066090238461667,18,113,1,0,1.2879042037177875,0.11402208825126117,0
9744172143,191,2.779220229117986,62,95,0,0,0.41814527189302264,0.15976012321108018,0
9975938042,118,6.080200007334024,6,74,1,1,0.8264086799285142,0.35817330817008014,1
9346496090,215,9.053229656805803,36,143,2,1,0.8107580262796251,0.4234855406052188,1
9596374615,243,4.995145951202861,35,179,3,0,0.5678951723543754,0.19425566926809068,0
9457801890,196,8.645206611078223,16,85,0,0,1.1634902750861142,0.08164302034406173,0
9431640493,17,9.309078723066525,36,35,0,1,1.0216003492042112,0.3589164305610404,1
9677000617,62,1.3777432749023142,59,17,1,1,1.3099042649704,0.6054389258309536,1
9847486965,208,1.4102100067395713,48,27,0,0,0.10714042750219879,0.14590099788605565,0
9751730854,146,5.022419737432213,55,69,2,1,0.945603865144821,0.5493867603015253,1
9171556185,268,6.086973221018175,33,34,3,1,1.489860275111074,0.6464562210277774,1
9520082224,181,4.545892912417778,29,163,1,1,1.204886296422278,0.4460523072883267,1
9482014909,95,3.6012823189662786,26,51,3,0,0.5820422907387134,0.2169630203943836,0
9807549477,55,6.589444103198481,50,148,5,1,0.31854088097553673,0.5123182431453495,1
9296109206,195,0.5197743673242425,8,175,1,1,0.699591375803134,0.38421367268848516,1
9827286933,165,9.696696168205554,19,135,5,1,0.6939772025224122,0.4861669102842229,1
9432786819,18,2.7047513377862105,46,16,4,1,0.9193829998590781,0.634168943929655,1
9963707568,124,9.212438301538567,18,143,0,1,0.192492238942012,0.19461647572124535,0
9238786874,163,1.5356400730778068,67,20,4,1,0.64206812955355,0.6988371613361589,2
9790336712,139,2.7618282294234393,76,161,5,1,1.2967118471510004,0.7500301495717056,2
9466347075,90,2.7313001603312537,11,121,0,1,1.0010713132108564,0.35560295566132777,1
9119916998,299,9.963452589906138,72,153,4,0,0.7085761846171318,0.3067010444085155,0
9127543766,156,0.543705184395902,78,113,3,0,0.5343498054816588,0.35019751444504826,1
9131581057,278,6.57656298838321,78,62,2,1,0.49169227304321195,0.5667176502379203,1
9890179376,142,8.762022520078101,4,175,1,0,1.147786217287799,0.035956742500265315,0
9923431639,59,6.8865997132349985,68,9,0,1,0.7001506133755478,0.44561221037957915,1
9662892519,32,3.9459712730609695,24,184,1,1,0.4447167737368216,0.30054769090502026,0
9792961526,97,9.603938945677882,30,145,2,0,1.2378102169195888,0.14215662534888274,0
9303557245,121,8.98844716859589,45,85,4,0,0.4718505369914806,0.21577736508249365,0
9264930526,120,4.622571742370419,33,144,3,1,0.19021530667303885,0.4136049758923196,1
9134139374,81,5.946620679806053,40,5,5,1,0.8673299463318324,0.6418201454021474,1
9607880350,163,9.691432284149787,77,12,1,1,0.4906733573201829,0.4773002821352912,1
9101420654,66,9.834323438301466,67,148,5,0,0.10683694259745583,0.2091585518520771,0
9360770351,266,4.7733211193205465,37,147,4,0,0.8021825007948213,0.2956653799968654,0
9833307954,165,8.549825267359342,45,23,5,1,1.3523616772676053,0.6934354980638007,2
9162232362,122,3.368812156062395,68,157,0,1,1.001787640460452,0.4668221043158388,1
9108355425,56,4.032222292841315,26,35,1,1,0.12541606369982944,0.3465965934632172,0
9558854326,247,2.0658078884071496,42,134,1,0,0.6302730892254518,0.18820974271283508,0
9786894807,115,2.4872536313789375,77,125,0,1,0.4458575010411808,0.4450725232150612,1
9571243225,196,6.740296371463909,70,63,2,1,1.0386195284070159,0.5900174536179418,1
9452488527,168,5.352425371067269,44,35,4,1,0.7396737320121065,0.6068317433886458,1
9255286200,207,2.6957526759432273,17,144,5,0,0.34182714997608943,0.25012022588581195,0
9305319534,186,4.327641355435699,31,149,5,1,0.7388030389598217,0.5815746684099501,1
9591199374,270,4.045242868704976,1,33,1,1,1.4039518971374765,0.5016813132320376,1
9931348250,296,9.879921943085675,40,168,4,0,0.6751177896991429,0.22338840478020244,0
9988577475,152,8.608875453508103,19,108,5,0,1.3184636419760865,0.3041924649283665,0
9911220431,206,4.18568016714633,57,67,3,0,0.7656161026368049,0.3233291036439939,0
9293040861,234,9.182207499512314,37,19,4,0,1.1607091783237513,0.3412486114047024,0
9684334315,52,3.755036220467626,0,34,4,1,1.2001890432376114,0.5518289172095686,1
9129754050,160,6.845064370981165,68,183,5,0,1.165043290364354,0.38183108905861507,1
9946822613,72,9.683174968480069,53,15,0,0,0.9938977731254953,0.13401963315329862,0
9912268912,139,4.207649207891246,13,189,5,1,1.4334835967661572,0.5933429077839105,1
9457440341,264,6.958907168496871,24,17,4,0,1.400008993377268,0.37639419318330974,1
9588084593,223,3.3112762050950155,8,59,5,0,0.52389722071213,0.2910990186909821,0
9585157880,82,3.029966998180759,60,67,5,1,1.0725256515284556,0.7157101408719123,2
9859600763,113,5.954488331099744,51,134,2,1,1.0307061048375767,0.49811420594064554,1
9395295792,167,9.803013681315573,7,188,4,1,0.38036547184314173,0.3502910257787235,1
9577389387,281,4.804771562841614,15,11,3,1,0.47109532938003096,0.5140575141048378,1
9313534006,247,9.407551218007516,7,175,5,0,0.5350555961970387,0.16543272359422118,0
9230635220,167,9.186453442325236,22,163,4,1,0.5642209002070155,0.42600240005027246,1
9817965111,118,2.9107448172774504,72,193,5,1,1.2961077870591602,0.7175706633064364,2
9648679518,18,4.31728436730111,33,154,0,1,1.1602944630685346,0.36947792316061084,1
9632634667,68,6.61137354569474,17,194,3,0,1.2308281916460833,0.15974623378252648,0
9976150174,201,5.421435901908221,43,32,0,1,1.378234832305393,0.5146809490537485,1
9428413014,145,1.4116060337001561,14,29,5,0,0.8200788803553855,0.35713685990491106,1
9780529141,260,9.940131286208004,14,197,2,0,1.2696048230328654,0.1234043366627812,0
9347771060,155,7.6502130115071605,22,164,2,1,1.0734742677713058,0.41384768932780414,1
9367168851,67,4.658093363134761,64,180,0,0,0.7507107397852825,0.10605483508328341,0
9334549454,186,6.372601221829767,70,84,2,1,0.37139559605975614,0.5011962568652136,1
9412256662,297,1.3319417640291862,31,28,5,0,0.7023800817566948,0.4232523086424531,1
9363633423,254,5.205365710051295,31,85,0,1,0.38920999668130507,0.3592241444144745,1
9154182052,57,9.342907950266135,32,129,1,1,0.5020324728375455,0.2948290013373118,0
9751533204,109,9.017709101522295,42,174,4,1,0.4969203386740271,0.4439845980892824,1
9275564750,222,3.7051180320898833,12,74,1,0,1.1654466523225449,0.18859218189362673,0
9111811984,174,5.547994706302719,8,82,2,1,0.8109044975028566,0.4221326032247102,1
9484198692,135,7.125143478832645,61,94,0,0,1.2103999186696597,0.18599626849436746,0
9563245644,130,3.7300880356251005,56,128,0,0,1.3283702273247098,0.21131003751813066,0
9747823762,97,1.1163525718924157,47,96,5,1,0.9563375897410502,0.6849809465728837,2
9335807133,226,5.301695738819145,42,115,0,0,0.6700869836554035,0.11405675583948532,0
9594198828,70,6.215539490321696,66,168,0,0,1.299481066705109,0.1645179207874194,0
9927538833,188,0.5554952011543474,31,163,4,1,0.8945493074461741,0.5950633078130221,1
9854505933,199,1.407966048616041,72,132,3,0,1.2997114319780563,0.4201364459206409,1
9654356797,172,2.4692611141444467,59,159,1,0,0.4715911477560142,0.17007647102765502,0
9156650147,90,3.8064967264138745,0,198,2,1,0.8920622449164843,0.35436950867301165,1
9305554531,179,5.639986616890513,56,177,0,1,0.39644756040175744,0.3451272011788581,0
9229055539,205,3.2915077282168204,68,48,1,1,1.0777000498453586,0.5974925799095079,1
9965033515,212,3.1237462368617854,68,61,3,1,0.9216474079580037,0.6641460674459525,2
9140988408,56,8.758818766224277,67,25,1,0,0.8783996589260495,0.197485467209768,0
9813759147,167,1.8779810876135494,60,59,2,0,0.9947511751541503,0.3348677013004687,0
9423417204,203,5.206871265137423,7,113,0,1,0.6255640804892583,0.3059685678103952,0
9455320387,288,9.551834810893292,6,147,2,0,0.36876711154283337,0.034430035654420516,0
9640532218,278,6.437625866602436,36,166,0,1,1.2289777873252032,0.4223591574131284,1
9915718945,208,7.313452058997166,41,108,3,1,0.638117681280415,0.4945293637123505,1
9402986945,233,4.596751418210768,31,135,5,0,1.4845105850062283,0.40736358651555155,1
9499546692,272,0.6893555876373358,16,133,2,1,0.7734030517589547,0.49456943249275986,1
9130674998,175,6.638238499488451,27,28,1,0,0.7860197477807638,0.1520801744064969,0
9987901151,189,6.503280673567179,69,175,5,0,1.0489458158677938,0.38598412982132907,1
9440292904,201,1.5490625464016643,47,31,3,0,1.0334320507595103,0.38127309553432126,1
9869503180,225,4.8905172794339995,53,141,2,1,0.3527262487815095,0.4603909425005732,1
9325407206,293,9.195624974323678,41,92,5,0,0.4812344122427088,0.29178396311057425,0
9706192068,116,2.4483059037337638,35,149,0,0,0.42412295597920746,0.05669841720603307,0
9960008313,107,4.880438169024048,65,96,5,0,0.1747671661112229,0.3091901352383915,0
9120395529,239,4.880480259404944,30,43,3,1,0.13137557759370908,0.4789326395317191,1
9537592026,266,8.202233947402565,64,59,0,0,1.0029880759643501,0.20736509508022455,0
9983111039,52,8.333470768129724,2,129,5,1,0.798028032880887,0.4496283813948164,1
9315501490,251,7.713059486802223,12,49,4,0,1.3524338749814875,0.31516868448948515,0
9192560788,51,3.9718145122886006,30,160,1,0,0.521079692753837,0.05996778898299726,0
9515299975,104,1.184350787675941,28,188,0,0,1.2025189543789925,0.12682339840670112,0
9635356608,263,3.820088283628134,56,105,2,1,0.2444156474655495,0.49512215162566187,1
9236687334,197,6.958016412077726,32,161,4,1,1.243018325365016,0.5656993354322025,1
9683732301,176,7.1760924576462255,52,33,3,1,1.3896313786900314,0.6400759892843826,1
9891568468,280,9.66750199002883,9,73,2,0,0.9782721971172376,0.14779930644038922,0
9168154397,134,4.809591698715231,62,15,3,0,1.1303441668062555,0.3776595329655012,1
9269058004,170,6.508138037932758,72,134,4,0,1.4829126906292256,0.4161851997536474,1
9440217904,96,5.622313271864051,64,142,2,1,0.6294618639377736,0.4746676644101642,1
9193830920,235,1.9308763210757551,1,107,0,1,0.14110569859135755,0.2851788346447205,0
9302114192,154,4.881423485255293,1,112,5,1,1.0556442657020473,0.5554168967278489,1
9205164868,257,5.675933969545445,68,123,2,0,0.11866167390083274,0.1941615265668879,0
9183528761,15,9.532121257401457,73,159,1,1,0.8956357728735319,0.4058408376560063,1
9677387192,40,3.9821210168850825,36,91,0,0,0.9364691064323152,0.11075750723592351,0
9910864189,206,9.81094147952579,1,116,1,0,0.9183009960350824,0.035648155103233756,0
9806128691,241,5.651850703228802,60,167,2,0,0.332286463316267,0.17581883382587304,0
9554823356,144,2.8034578113790465,39,182,2,0,0.20734651488388153,0.11439008804951721,0
9898117159,22,2.320811676650174,62,78,3,0,1.3708411622648917,0.3750178660186516,1
9866015141,13,1.8461017139722018,24,6,2,1,0.8582418753223282,0.5033024711376796,1
9989314474,187,4.802862270447804,37,21,0,1,0.552317716668136,0.41126044542146933,1
9216422206,243,0.7083010829947707,36,99,1,0,1.1804434098846859,0.2734535961902251,0
9272894354,268,4.727930191491221,26,84,5,1,1.3903159917932923,0.698069423383967,2
9243887843,149,9.88984457548149,49,28,5,0,0.665902800043061,0.31721353443272277,0
9366009905,74,6.866014559361533,33,61,4,0,0.23762730145454602,0.18560643479554048,0
9145153952,292,7.717968151403844,43,75,1,1,1.0696632994301114,0.4968606447814339,1
9580755340,214,1.6305512118234942,71,87,5,0,1.3705386948589189,0.5382146955078551,1
9151066701,26,4.994458184155863,3,148,5,1,1.4725698915996708,0.5564582221154235,1
9570324215,209,3.2191194597442823,51,101,3,0,1.2389586505104992,0.3620289378776619,1
9715488096,41,8.993926515895778,54,40,4,1,0.4755033602013,0.51756661836674,1
9393913021,221,2.222278484132169,72,49,5,0,0.6015083335419669,0.4619469915487834,1
9885291484,282,4.857966607799049,11,14,5,0,0.2914355929815395,0.28962667186419616,0
9280358698,299,6.086453324283559,13,67,4,1,1.0978438054666317,0.5901871500979265,1
9252653744,243,5.38339036999606,34,47,2,0,0.33695616301607667,0.18163405512197653,0
9103751531,191,8.38731351571887,5,55,5,0,0.7047525274420715,0.23860587443775552,0
9697896457,155,2.6988051275365836,46,111,3,1,0.8444578343858445,0.5702826119291957,1
9141474142,59,4.085215549025067,22,7,3,1,0.6355458065167222,0.5009762435270393,1
9690233861,112,8.02480081745255,67,198,2,1,0.3095744498476789,0.39046799083895767,1
9782321720,42,5.516678411499646,64,167,5,0,0.5057486228050868,0.28618969379861464,0
9718189696,98,4.320115163655594,58,73,0,0,0.9858710485893932,0.18659647720019343,0
9251139398,250,0.7797038900758992,8,83,2,1,1.117553122142755,0.5359165946428864,1
9468578489,275,7.657161528148289,57,40,3,0,0.9604905599120199,0.3369562621849962,0
9594220820,232,9.735729740684222,47,53,4,1,1.4520528053306425,0.6545342464181331,2
9939114843,245,6.392726590140845,62,5,0,1,0.959082362330182,0.5207104977312651,1
9859812222,162,8.637141596543549,8,174,5,0,0.4154753472563789,0.1404113425122429,0
9345829711,66,5.410319560351798,43,173,3,0,0.7874740829522326,0.18942305523004632,0
9877383149,121,2.7009691715219635,45,77,3,0,1.2707211269220953,0.3470915718390545,0
9138478806,24,0.637199990233882,14,189,2,1,0.5561222745559945,0.37048827306391285,1
9316927603,278,6.707283542104897,52,120,1,0,1.1318430703715396,0.2304670992726593,0
9971125907,123,5.184534058358324,47,152,3,0,1.1992687022804938,0.27624783557335936,0
9303172325,261,7.929932397332214,71,18,1,1,1.4075513124416017,0.6180969687250056,1
9223241141,151,7.099482965635393,41,126,0,0,0.6616455421858509,0.06372033614134406,0
9703189272,123,9.885547497962365,16,97,4,1,0.4631939385038263,0.4132567026449108,1
9997097883,299,5.347969542414378,34,184,1,0,0.811127559547931,0.1413930059701125,0
9154636036,34,4.558160501893589,30,58,1,1,1.4911566304769996,0.49580753630118357,1
9713382775,264,3.224027049673302,3,53,1,0,1.362981959212562,0.21951951050942783,0
9442865425,277,5.030182272017107,47,34,1,0,0.4975370891596511,0.20595893010161948,0
9419240110,135,8.79227904216776,13,135,1,1,0.3754020296827987,0.2612908950559228,0
9239802309,259,0.903177395021542,24,16,0,0,0.7677411340523063,0.1963574740126849,0
9968201528,296,9.790050449218793,45,115,5,0,0.3320843169216945,0.2650528459733112,0
9224589660,62,9.936418345924082,47,163,5,0,1.1612438207620615,0.2808955716736917,0
9416305426,52,6.179303096585066,39,169,3,1,0.15125764069135092,0.373115946390608,1
9765585023,175,3.649669935106313,49,159,4,0,0.41461604109104755,0.25937455237631657,0
9997654624,51,2.618965199059226,6,120,3,1,0.12550913065010366,0.36273351328930176,1
9476355052,185,3.1266587590063484,59,156,0,0,0.4174335552418007,0.11665545485427326,0
9336078466,76,0.9760015517972326,34,116,0,1,0.1732371518345831,0.3278431062652499,0
9403189417,75,5.013554105591909,62,173,1,1,1.042973252234469,0.4619941410010334,1
9437334548,92,1.0445805732118554,19,108,0,0,0.898383357288951,0.10855436932946518,0
9711032290,114,7.325505040371289,15,196,0,1,0.39947942874132947,0.20618147096450404,0
9454644712,296,4.033329827562113,21,15,1,1,0.3871080571848359,0.4407363422647683,1
9948478759,195,2.39396495159805,35,95,0,1,0.507670911461066,0.3954429299561514,1
9763661890,293,5.676108799442365,18,77,0,0,1.2174980881331943,0.15811979831600825,0
9914166654,13,9.75071341880863,1,20,0,1,0.3107045754419951,0.1959926546940025,0
9562803180,147,7.103744965674974,67,18,2,1,0.2703811429906177,0.4961507975707745,1
9144925925,188,5.171595075989522,6,179,5,0,0.8112704688517963,0.22942664868367457,0
9374452460,246,7.88068584291781,46,162,3,1,1.3109301874456416,0.5628433923784633,1
9137763126,27,7.506026483040393,48,114,2,0,0.4137554061764597,0.10577833094469041,0
9419264723,18,8.97148688004904,77,156,3,1,0.24875880821277427,0.43424321442494446,1
9385431219,38,2.444355002142501,42,145,1,0,0.7883639870314632,0.14140475175139888,0
9595479467,153,8.659336974457954,31,123,1,0,1.1250168347043334,0.12413997647102454,0
9473520492,158,3.359747826896139,16,130,5,1,0.9656512733962529,0.58869451221813,1
9614027361,73,9.439489814338422,13,13,3,1,0.6854319316147048,0.4231946206883702,1
9328577236,196,3.170118914993984,31,181,3,1,0.15655727812023315,0.4242621130611668,1
9936261846,236,9.305061160045424,59,158,5,0,0.5208306046898491,0.2875222719755701,0
9713790917,127,9.65601178740876,59,53,4,0,1.3869519926776541,0.36667876433908003,1
9464549490,263,1.8821678958416355,51,46,3,0,0.412007445183349,0.32073821200523556,0
9137413236,40,9.757748890996439,65,177,3,0,0.9595365011596942,0.19846806011387264,0
9404315340,170,1.3143682000781818,3,118,1,1,1.3704198302478334,0.46576129456213516,1
9517437168,224,2.5763939728189587,62,81,1,0,0.7833532596643972,0.2658189968192335,0
9785456982,178,4.719603418291643,32,153,0,0,0.7247904127645803,0.07330627517891655,0
9289761736,90,9.939174974261245,0,161,0,1,0.29748952965548703,0.13992864386752352,0
9126559312,55,5.141348986071104,63,96,1,0,1.4728562946555535,0.26746323419247986,0
9637799164,58,5.728889710195616,36,156,0,1,0.3473374539883598,0.2714004846229225,0
9360633921,292,7.097037020474661,77,124,2,1,0.7740408596088711,0.5648371255740352,1
9905906706,97,9.698788803593038,69,174,2,1,0.3398611739197137,0.3865145418939158,1
9951990738,130,7.941838301180322,6,88,5,1,0.5877368801880677,0.479393032675071,1
9871826167,12,2.6294630420251366,23,107,0,0,1.3376123404989393,0.13040992435557108,0
9492241030,236,3.3784138413113696,67,75,0,1,1.0006490047755443,0.5357202478106622,1
9401427829,88,1.4274682762809818,54,173,3,1,0.11378194753603321,0.4669908810556188,1
9793412542,154,6.622297459565028,2,52,3,0,1.4534674573457673,0.24651519203337843,0
9573288233,251,2.2170329121226047,22,83,2,0,1.1974704924442996,0.2800253974811781,0
9926229050,41,2.9453464405539744,35,81,5,0,1.4965503763143655,0.4134252212044095,1
9261233683,272,8.937079724213582,56,47,2,0,1.1680133859032171,0.29594998295115643,0
9264071752,220,3.6041789156541446,47,12,3,1,1.1707951208865144,0.6676619341851986,2
9160974096,80,5.883143824364587,12,67,3,0,1.0791303201139453,0.20573124585463168,0
9203256346,206,4.276877083497181,60,124,5,0,0.692544539848418,0.3797161531131773,1
9132779182,67,1.203297230356179,23,67,3,1,0.5409233437061582,0.4985879011471316,1
9246628865,121,3.947206384018698,42,10,0,1,0.8352619373348076,0.45463162253861933,1
9958751550,57,4.376647928841343,32,78,1,1,0.34953259657046754,0.36162413644236,1
9908907325,194,9.009160468159422,77,56,2,0,1.111403605649343,0.31024184039334146,0
9928537443,174,3.5822812096402252,23,25,4,0,1.4962467820918752,0.39821223933534233,1
9603272913,224,4.102790637739645,21,146,5,1,0.941308303379637,0.5977068420860141,1
9261109364,130,7.9375193023871775,51,120,3,0,1.2990405372152116,0.28205129950384594,0
9984089589,222,7.7100881865101805,5,62,0,0,0.3412602751546687,0.0,0
9264154106,50,8.083710128160662,18,157,2,0,1.2550986299957272,0.11694064739489263,0
9243123536,298,9.560822030722038,75,60,3,1,1.3704067668605684,0.6799356143212705,2
9669579046,177,8.05779623475045,28,87,0,0,1.2744145876589659,0.12293619570207048,0
9768491299,43,4.372277930569964,63,13,2,0,0.9781633501362453,0.2996289335161766,0
9516520615,284,8.304330910531874,13,168,2,1,1.3969320771241716,0.45696321166185144,1
9826544812,206,5.332409004854414,29,189,4,0,1.4460538044628164,0.31122088181061835,0
9339259011,200,3.13828330892637,70,137,4,1,1.241509104103902,0.7096550261186853,2
9655011992,230,3.3777121472446177,20,85,2,1,0.8659604893157259,0.49521604628428506,1
9543743940,19,2.626502691352284,64,98,0,0,1.269418715909469,0.22087888027957553,0
9347996061,129,1.8774330992876573,3,139,3,0,0.620716987786507,0.15560684134292896,0
9508074435,132,2.2526589126096783,45,138,5,0,0.5852279931988655,0.3306454522325477,0
9543435735,256,1.100191474561284,7,56,3,0,0.5870704181686895,0.245262819152174,0
9353618460,230,8.94028321685767,17,110,2,0,0.37890553007747874,0.07076859834033876,0
9193046979,270,9.34457419166667,59,59,3,0,0.9721228088567164,0.31176984676280595,0
9288064050,67,6.074318728692007,44,18,4,1,1.0260694139262405,0.6141031715935115,1
9545630103,137,8.484650787782506,71,133,3,0,1.3034954654159099,0.3163869797298524,0
9937390349,196,2.2439254752048976,30,169,1,0,1.0723150437230964,0.18101736621097947,0
9295086148,214,9.065901339656358,27,53,4,1,1.1919119990233584,0.5815552904735936,1
9165141905,95,5.310434816489829,63,144,4,0,1.0643649629262495,0.3350819110866053,0
9488949929,113,1.1380674297527733,36,137,2,1,1.0758637105461164,0.5260801694418341,1
9821568466,152,1.842471072694522,66,74,2,0,0.5767678151882161,0.287135818283585,0
9578208779,214,3.435276377474763,78,120,3,1,1.452238684563717,0.7176119922846156,2
9672634321,138,0.9137970133701386,67,123,3,0,0.9943072074501528,0.3664013007335767,1
9619578128,255,3.4382870911657144,34,143,2,0,0.9219911320517847,0.23037949075222564,0
9537424925,47,1.069339114629472,35,185,0,0,1.2861033979186782,0.14028367170802103,0
9195142231,118,2.742262249331839,56,187,3,1,0.6893384684172009,0.5257801358847487,1
9388583370,61,3.0238626806361952,69,83,0,1,0.23475349412376836,0.4019007337938846,1
9832130914,10,9.946505275484542,3,54,4,1,0.4361436036128812,0.371395835794398,1
9158676502,20,2.737693400754812,48,185,5,1,1.2313283673739603,0.6357404166091508,1
9677741008,244,2.772271264916513,38,129,5,1,1.1245401378914492,0.6877442280346424,2
9725889920,137,7.024495199404657,17,59,1,0,0.2640642979930038,0.036677106699637904,0
9516435534,223,8.663896045906293,59,96,0,1,0.19751381297815435,0.34395157167316975,0
9224314911,252,4.177026419719822,9,7,3,0,0.9706686718039775,0.28230592357983947,0
9880855547,53,8.818371189436577,22,124,5,1,1.4141075501737501,0.5655057850809446,1
9236493326,15,3.7313491971036927,67,148,2,0,0.34488895712924955,0.16536048449026564,0
9239110299,165,2.3716508563426837,58,177,2,1,0.8686310234184756,0.5297759125341049,1
9468694971,17,3.6315688311133734,6,85,1,0,1.23675442076066,0.12436503785125205,0
9289040636,14,6.288885552315928,12,168,1,0,0.8401697099570201,0.016087071900384595,0
9159556258,191,3.987860013464701,2,23,4,1,0.59157696698893,0.5230682492104286,1
9428517333,121,6.892491137898244,39,136,0,0,1.2068023545721736,0.11412305556054858,0
9300338202,282,2.7508908545135826,10,63,1,1,1.1797163277460727,0.4987552690753657,1
9495435218,274,7.159432492896913,79,93,4,0,1.2626795491657539,0.4459250226517941,1
9477877868,221,3.8006644508604333,50,144,4,0,1.4231426334670463,0.4006024759390537,1
9357606731,87,4.830749530218378,22,67,4,1,0.310883559477612,0.47453703277469306,1
9982572947,279,5.798578834207511,31,188,5,0,0.5770931414770231,0.2698182309667526,0
9905325524,163,7.019137530266939,40,31,5,0,1.4803822397954316,0.43138288507891515,1
9102570348,230,2.76778007256297,41,129,3,1,0.9323507570798979,0.5797520633121656,1
9119339904,34,8.4414826054027,37,156,1,1,1.038181911103315,0.36160070473423206,1
9146597166,217,7.357506122674778,66,158,5,1,1.3377333569234167,0.6996045960253794,2
9716520058,12,2.7239302307279947,71,26,2,1,1.0674617436298293,0.6133582464668434,1
9139028538,224,9.762258344727648,77,74,4,0,1.0565270945904006,0.3816194845474496,1
9896324959,121,6.815571414789355,71,23,2,1,0.24630418774712756,0.4962863122188497,1
9736933053,201,4.798055421433703,74,105,3,1,0.80957729563098,0.6191726104185131,1
9881955174,56,1.9965095927584051,41,166,0,1,1.0424708080817338,0.4053217151900405,1
9147647611,230,5.565599521927249,42,143,3,0,1.2302084350471625,0.2971711512758659,0
9155245653,196,2.065370924857623,32,124,3,1,0.6785333354088814,0.5309062158174409,1
9939742609,59,4.580170947629516,78,92,1,0,0.27294907450613504,0.1670251709025153,0
9507152495,206,4.382768966025429,36,177,4,1,0.6121558752768783,0.5242988107742537,1
9441901215,225,7.339426621300872,77,41,3,0,0.7016294919685437,0.34087241958061476,0
9405798170,230,2.3276402216303733,56,155,4,0,1.1514125403999729,0.39607115552176564,1
9988870619,99,8.307777871273036,63,172,2,0,0.12769326238302145,0.08577985703068612,0
9587184913,241,3.598257106653575,63,175,0,1,0.6401169522961266,0.43215161566235893,1
9762913018,267,4.717891956203363,59,8,0,1,0.7270370627594623,0.5105797440566953,1
9698934182,162,7.837239267761504,51,86,2,1,0.8701618341251194,0.4933225488818764,1
9626219184,265,6.4412277972783905,71,19,1,0,1.4579992906383623,0.3625818479759294,1
9397239516,267,3.4262408421184047,67,155,2,1,1.1368428872891954,0.6077562563692825,1
9606718635,74,4.16892778318587,26,144,5,0,0.41140096640402524,0.22557431590358584,0
9959465287,199,3.4049747329012967,58,72,2,1,0.9871272335226071,0.593162237894564,1
9456936501,100,6.150316589132993,18,72,5,1,0.5845792721499541,0.5275123802550652,1
9855172830,182,3.659933065464977,2,184,1,1,1.2359804036245416,0.3894317849826986,1
9787166625,256,7.394128100439838,72,173,1,1,0.33949761665518624,0.419776843460011,1
9624173126,265,6.007978006545398,38,109,3,1,0.30230432284045505,0.4778474493289765,1
9696005795,125,1.8842128116013352,65,63,4,0,0.24195142970281952,0.33050695115845574,0
9497067665,58,3.447551877458883,72,62,0,0,0.8617465574543438,0.20850563103168135,0
9664411899,236,2.6037506981464795,55,124,1,1,0.2725570954835854,0.4501451764136058,1
9992924965,78,4.207975519239111,5,191,5,0,0.15845504641974822,0.12506889933950044,0
9153622714,135,5.40184881898895,27,155,1,1,0.5654384572510318,0.3462804290422565,0
9720534270,222,5.314247144199044,47,133,3,1,1.217433216320617,0.5927710202280856,1
9448817800,62,7.667974927351246,47,60,3,1,0.31850333436827466,0.4504880343293113,1
9602769658,121,2.2971327042162386,66,8,4,1,0.6010463712738873,0.6773266387689383,2
9634387911,168,9.491491878325744,53,33,1,0,0.7100332481481678,0.16285608723787126,0
9527766962,249,3.757028515380602,15,21,1,0,1.3263581993100257,0.24772864173263587,0
9993946402,159,3.352364045703316,34,181,3,0,0.7669087050030251,0.21220067605192316,0
9316257105,148,7.009196492712087,74,55,2,0,0.8167375777833236,0.28036481808812036,0
9159938189,122,8.152407972489094,29,181,4,0,0.4564746582805056,0.14023139665712492,0
9521129947,152,4.095481765729708,47,28,1,1,1.0359601650886971,0.5314527719552206,1
9916572573,147,7.595046261492783,68,48,0,1,0.13592735362497185,0.3733707272970833,1
9725157123,40,8.89549158329252,7,120,0,0,1.4502158606911377,0.03369667095009296,0
9475593126,117,7.7846348194660955,50,173,5,0,0.7973683966376867,0.27946858976292926,0
9413488319,293,0.8248666129229134,9,61,3,1,0.18653855275869677,0.492369560309302,1
9930814616,168,8.360004657978788,27,188,5,1,0.8828386244889763,0.5171705790429317,1
9697052827,23,7.85756910531649,35,36,0,1,0.8195750353307706,0.35094150830922793,1
9404929995,131,6.858257262455267,59,163,3,0,0.4369834855179259,0.18832226444602124,0
9789916097,224,7.720212981335083,9,148,2,1,0.3923334572833491,0.3284207924313143,0
9212072938,281,9.80454126040342,13,164,3,0,0.4790721654934005,0.09401749806770034,0
9843131853,34,4.595572434274322,62,112,1,1,0.2816248135729579,0.3952147750841298,1
9906462613,178,1.1386207320686792,46,46,0,1,0.8439913623993497,0.4955821813697645,1
9172035486,112,4.878454711463308,68,126,1,0,1.3305103631120476,0.2649864537025527,0
9200822294,49,0.9411197262149553,55,38,0,1,1.39237862602413,0.5536086650749829,1
9613381167,244,3.295378876840381,5,169,0,1,1.4341818869906995,0.4043739465834661,1
9321866661,98,6.07535802206921,18,148,3,1,0.9405238722879234,0.4445919017430536,1
9557035062,109,3.4414174827984847,51,89,4,0,0.9701686786495004,0.35043989831102496,1
9311718211,153,7.011254836140616,61,145,0,0,0.5347234573861461,0.08558175685265011,0
9408174286,91,8.30887011301435,48,126,0,1,1.3394837999427407,0.41029828130362334,1
9685351255,86,4.494172203155601,77,124,5,0,0.7834037560928478,0.3942617176266079,1
9696867288,68,9.051310537283534,10,86,4,1,0.49103207828753526,0.4039414562804352,1
9544413952,238,1.2584698478288021,45,198,1,0,1.451935004872611,0.2688472290774344,0
9381892536,100,8.481075059904274,68,124,0,0,1.0875294040285153,0.14639729443123725,0
9305788510,10,8.37144488167334,44,165,3,0,0.7505120257313113,0.1407707711743439,0
9952638313,278,3.5589420151042663,57,109,4,1,0.19609156706268807,0.5847070171996046,1
9403798404,295,3.3377942776838423,31,86,4,0,0.2962262590967315,0.27691028642606835,0
9925741489,206,3.39840232095837,9,96,5,0,0.3750673691296741,0.2514105897773938,0
9129190953,283,8.208240267271904,12,167,0,0,1.3639770612050108,0.08414503080400511,0
9355419749,87,8.400708132296852,12,169,1,1,1.4602243051427755,0.3641184190295708,1
9159513211,150,3.6323633588628423,35,44,1,1,0.4737702424744562,0.43401406879058063,1
9160481382,297,6.129608300722388,72,140,2,1,0.7976410208873932,0.5613616228978185,1
9791976849,80,1.8198656796843178,18,58,2,1,1.2086394398876303,0.5240316779636371,1
9226122433,59,4.95339801366971,6,93,3,0,0.6384925292142963,0.13191166067501237,0
9936285001,89,9.988532083127614,14,139,5,1,0.7893281942929488,0.460590331650956,1
9196623054,244,2.0089719032093454,45,6,0,1,1.3426729288545163,0.5803297552906965,1
9428758237,296,9.50184507962056,77,101,1,1,0.39051547523831,0.4585230494064838,1
9705697131,164,8.330419858667575,47,60,2,1,1.4913934487625693,0.5664855088808306,1
9256043280,69,9.736039183989565,65,108,0,1,0.7388286492108774,0.3624769676974305,1
9766184006,42,2.2059982258000637,77,128,5,1,0.46162413666911695,0.6493729176906933,1
9878600765,136,2.52842565921196,3,189,0,0,1.349491491289433,0.08011453771085511,0
9111631400,230,0.6602382264811575,2,181,1,1,0.2071056245759748,0.31626314956467644,0
9529266930,209,7.384667222698253,2,129,0,0,0.9992469097428481,0.027026955830096067,0
9560954875,135,6.618899587643764,74,82,4,0,0.1863648921868246,0.28043699201069383,0
9662169850,50,2.1916216640849546,68,12,2,1,1.4246696505838756,0.6729942314343789,2
9480441078,284,8.015877172649684,27,88,3,0,0.9956071835233178,0.24776566928433522,0
9859660662,94,3.3423573082513913,22,195,2,0,0.6571588527186397,0.10381744129388673,0
9133357473,98,1.7824579086410341,29,86,0,0,0.6941642626438064,0.11029354994689769,0
9375284677,51,4.514345317683807,61,92,4,0,0.33119119996746016,0.2664208001838896,0
9512929509,129,1.3642135600551326,50,178,2,1,0.6040113587981195,0.48201080033511273,1
9221408690,288,3.000814734595843,40,71,1,0,1.3653185639271936,0.3031284508561131,0
9724566689,42,4.027666905059789,63,121,4,1,1.2275249399302148,0.6474209899309084,1
9493513515,285,8.592709657884424,42,178,5,1,1.0260749842106904,0.6015164822106698,1
9903974926,162,8.029213042285603,75,82,2,0,1.454895048952726,0.3371868493668999,0
9230368589,99,4.706165714630873,57,71,0,0,0.9028113473975147,0.17101337311213127,0
9378286661,113,7.383463048647681,58,46,1,0,0.3467893811578894,0.13464650248850793,0
9502923185,21,5.902171543700548,39,68,0,0,1.0990612136006657,0.12041128710767329,0
9818941540,169,3.7379976232416467,45,132,5,1,0.92868096903617,0.6469024114721074,1
9356275871,205,7.3958062632052055,61,77,0,0,0.7111658973068217,0.1500068991850228,0
9906705666,271,6.993241967430591,48,185,5,0,0.3057743582964158,0.26054068605306946,0
9674572757,100,6.381397200839219,78,94,1,1,1.0487226360733484,0.5284366165853978,1
9860831829,206,6.370577449910881,22,11,4,1,0.7216921732951798,0.5650894647298244,1
9973197641,78,6.988328927106279,43,11,2,1,0.9100868036337142,0.5054004693107704,1
9611192626,229,4.153182370104114,43,126,4,1,0.5415632061090565,0.5659660629585042,1
9412096322,223,8.756220243143172,18,168,5,0,0.3180186025444144,0.16905425605427832,0
9396043004,155,2.041924532216378,43,120,1,0,0.6038705469844116,0.1700447045848662,0
9955099723,242,8.896911900771963,10,17,5,1,1.2929467591806183,0.626924001625744,1
9520143791,243,3.7516775088039465,59,199,2,0,0.3233923053848824,0.17983694654053853,0
9616404742,223,1.687800348281914,37,24,1,1,0.759726620776797,0.5256302569804994,1
9117114380,70,6.200260325451734,2,57,3,0,0.5166518205219109,0.11426176122387519,0
9292419191,87,4.071873356168849,15,90,3,1,1.447265132856945,0.5487593356688072,1
9648433729,104,8.247247407483432,8,184,4,1,0.2185429472863334,0.33699151811789224,0
9639634691,225,4.59246195102329,40,101,1,1,0.44348856866022934,0.42160908482694803,1
9484683145,222,6.851343992840043,37,65,2,0,0.7293794380946463,0.20325940465727707,0
9270630374,209,3.4284509002958425,68,129,4,0,0.446189354174527,0.3326346450307265,0
9190805299,40,2.4897975627407307,64,106,3,0,1.0892298463961352,0.3344966774813142,0
9144359378,299,4.186465794013826,34,120,3,0,0.619239182832212,0.25230444574503286,0
9792109636,144,6.264674428723118,34,94,3,0,1.1930877061654497,0.2678944315951765,0
9976308425,92,6.740994022507842,75,100,4,1,0.8717828261831508,0.6230053442052174,1
9131747976,56,5.9929633203311745,47,65,2,1,0.6975536185986105,0.46797420772119247,1
9139236300,215,9.886529326929034,7,60,3,1,0.6108265680453849,0.4097441695756311,1
9601131986,86,7.06535677170407,26,98,4,1,0.4108261394501411,0.45294818880690163,1
9698372628,268,9.349436462170718,8,44,4,1,0.45358175032829995,0.4657032391600141,1
9705235735,101,1.6203653515041578,29,85,0,1,0.3469315853729489,0.3518707393600374,1
9599191269,109,1.083042833228049,13,67,0,1,1.2924433497503944,0.44691335463797743,1
9622207383,204,3.45444966911356,22,189,5,1,0.8675971746097314,0.5720582649238052,1
9979035322,201,1.7975949145760275,28,136,2,0,0.7760252506070817,0.20815189109793752,0
9823039714,77,5.495751018168543,25,158,3,0,0.5511514552117235,0.12997249574071762,0
9315339266,251,5.430321908471148,14,99,0,0,0.8236164959028176,0.08260344994001766,0
9934922819,99,5.962948081217527,72,66,2,0,1.3355758014791046,0.33211371920288213,0
9328848484,19,7.579664867895191,72,186,0,0,1.298538086926063,0.1389352586830519,0
9392218023,273,9.727632152017039,66,194,3,1,0.9387274659749871,0.532215710092794,1
9387351093,277,8.84345756867189,15,150,4,1,0.8419398614422522,0.4835279592156742,1
9566696994,127,1.624488775968025,12,14,3,1,0.4160946866846672,0.4963041637572104,1
9172132062,259,3.7158800433212438,23,40,0,1,1.0700993899475921,0.4646380329405228,1
9176418103,68,2.930318737956398,61,134,3,0,1.2946450142794623,0.3405769101913921,0
9125451115,204,2.1797648989080316,56,64,4,0,0.5279678307837562,0.3615989609071544,1
9882676440,59,5.674886328229952,35,179,1,0,0.7097570920939459,0.06605554844584739,0
9219090471,106,5.75601181931094,59,77,4,0,0.24939453060473618,0.2593718685075037,0
9492935884,136,2.6588258649365826,72,164,0,1,1.301476570549398,0.5205379447533556,1
9565243459,255,7.263023877913512,21,183,4,1,0.236791836304943,0.42100873382163106,1
9507438157,96,7.4626858421103,2,71,5,1,1.0860723801502106,0.5353764555127016,1
9154101132,86,0.6993099509223665,35,85,2,1,0.36177155758938484,0.4622042008329912,1
9571052954,213,4.259698185362007,35,81,3,1,1.1271081645095762,0.591186601516805,1
9720558597,155,8.9563360914154,9,199,5,1,0.9997503035856928,0.4745773366666316,1
9904165392,158,5.443026778316463,20,72,1,0,1.066553617273242,0.1578034460663248,0
9885397155,120,3.802464113670446,48,86,1,1,0.9901170950332673,0.49418448203994675,1
9369870823,138,2.909923440153736,8,60,3,0,0.6553388723930227,0.20052158340531787,0
9361587298,262,2.8118679392236814,78,103,3,1,0.9682704924644719,0.688316710491719,2
9682534992,175,1.4477963215826604,51,18,2,0,0.4285152348666641,0.27446493899167446,0
9965716200,146,8.263650981384375,47,148,4,0,0.48351216193100877,0.20554098098844187,0
9142209016,288,1.3232453512446265,59,80,1,0,0.1911865004287065,0.22061343583650925,0
9219045708,20,3.27680027568725,49,79,0,0,0.9579587170731534,0.15171677607386472,0
9783684019,80,0.9339195163803555,38,70,3,1,1.2771129817666118,0.6258798569487625,1
9440931379,168,7.923172412375155,15,37,3,0,0.6298299759448903,0.17255152816488498,0
9856020571,225,0.8731949811545094,27,17,5,1,0.3921495810520177,0.648829609952388,1
9930550186,35,3.42886048674798,5,34,5,1,1.2535014654102394,0.6128571833415862,1
9599216378,295,5.946325015823309,60,30,5,0,1.0017770023207428,0.46752400675527606,1
9169773785,171,4.390832922787716,5,118,1,0,1.3509415182171292,0.15127298711260287,0
9934013717,111,3.1815751388664544,65,17,5,1,0.1087411149273217,0.6422200321248811,1
9332334702,78,3.1142961880616458,39,72,3,1,0.6616190345368342,0.5265727298876803,1
9688637290,142,8.079007907059369,70,127,1,1,1.3613412931905984,0.5222795269648262,1
9364686006,198,9.752791903328829,61,37,0,0,1.0455361058228965,0.17998082985880162,0
9581944386,220,3.8063901692635373,27,147,0,1,0.7564126124095821,0.37100949812465406,1
9288621026,252,0.8718823792856569,79,149,1,0,0.6803683461263932,0.28563161298373924,0
9383864507,175,0.84737489013653,46,10,3,0,1.3532246681680302,0.4293851281651919,1
9943215289,70,7.712527444501822,8,9,2,0,1.2645131395869522,0.1793579140830791,0
9786093892,288,5.747513305286706,51,165,2,0,0.11723649963131418,0.14214822029231722,0
9928586067,122,7.944130245464639,14,58,4,0,0.269526080420902,0.14804690003826596,0
9537186150,39,7.126221597741461,33,148,2,0,0.8172414435178674,0.11120431404924659,0
9325805324,170,9.121310318021267,19,178,5,1,0.2604906854989244,0.4208864917769491,1
9548460600,243,8.915330764942924,77,156,3,1,0.4846696621124258,0.5232263902741761,1
9797150132,179,7.989110258401185,59,129,2,1,1.2688721928946625,0.5403786733798785,1
9396280556,195,5.014297020400366,57,9,4,0,0.6405949742135489,0.3684498326608215,1
9571080203,66,3.4272008722365985,74,199,0,1,0.7312804001613497,0.41122723755252266,1
9235202316,249,5.316754480724079,66,129,1,0,0.34386741657962394,0.17186303622086596,0
9809092471,266,5.269680269538324,1,80,2,1,0.9432396443379159,0.4511359274194233,1
9993195209,210,6.297617714448708,49,54,1,1,0.26843421055510786,0.41989069269322843,1
9771570272,115,2.267926893937589,13,173,1,1,0.9823099483148332,0.38807873773719553,1
9730455352,299,6.7283888642273935,55,187,5,1,1.1454301758895655,0.6666942880693524,2
9107723047,110,4.83770877995525,68,85,5,0,1.323052475970764,0.460547125090362,1
9878293109,106,6.391945903438162,43,117,0,1,0.9154270408034668,0.3796645607218248,1
9393211471,162,2.776245817735684,45,24,4,0,0.5647362342851255,0.34290339830138683,0
9397632383,38,4.626751491834872,5,182,3,0,1.29234743499933,0.16194400763123445,0
9205939116,162,2.4969115372989426,7,129,3,0,0.9352739825871359,0.20871993946286904,0
9108918562,82,8.815398989189616,38,39,3,0,0.6013926435509211,0.18624899602250178,0
9145993847,263,5.135629927894607,43,182,4,1,0.5515550859821904,0.5364423845164611,1
9459817732,13,2.637323447951215,26,165,5,1,0.5488598215432525,0.5136819638764423,1
9178510809,246,0.8914826095446897,15,71,4,0,0.1788808246177818,0.25061790763959757,0
9440648458,47,6.9195173142086475,38,142,4,1,0.24186812592360898,0.42902330067366273,1
9697003078,29,2.5391247829026793,0,45,2,1,0.2255900476707499,0.3498346416589912,0
9847997300,122,9.901030827028395,50,172,1,0,0.5370631569500242,0.04866854224299551,0
9397662647,32,5.57015354744413,62,138,4,0,0.7635673628979089,0.27981957431175286,0
9301353097,145,3.245281464356305,32,165,4,1,0.30661201179116626,0.4820167305093309,1
9665743465,257,6.747935621029988,49,20,2,1,1.2591317756063292,0.6069039189537331,1
9180521377,106,3.1145892726618127,53,28,1,1,0.1918629438385,0.44316514865534495,1
9935919426,42,8.292605792142592,26,64,5,1,1.4234363255207156,0.6090010895567748,1
9319754183,144,3.428242483834448,78,125,5,0,0.20420764897251215,0.35476600807068803,1
9216312606,264,9.888353457761138,18,78,3,1,1.3525326817465824,0.5275436803164563,1
9955850220,287,6.2488754617302895,27,143,0,1,0.4649915123412064,0.3265958092735146,0
9299479276,142,8.521905914955301,22,176,4,0,1.4814454666605819,0.25087725168647285,0
9358708545,247,1.191746960995011,63,7,4,1,0.8298589570113917,0.7453987779760936,2
9871589189,24,3.8088444651687876,38,170,0,0,0.12563075485910286,0.0,0
9880668712,286,7.506127318578422,48,172,4,0,0.4957366423521583,0.24368153592598457,0
9635210430,135,6.723060664735535,58,124,5,1,1.416228763324345,0.6937707236220951,2
9117750431,26,2.3453096536206988,19,23,4,1,0.5195321460457981,0.5283834750153807,1
9754879251,59,3.8839278398422437,60,44,4,0,0.603451575444985,0.33054038830862464,0
9412715704,144,3.0027123711316386,8,57,0,1,0.1618074900719636,0.29128435035505595,0
9326429665,127,6.327016612737508,22,168,5,1,0.454558969537581,0.4779895436583264,1
9134822065,69,3.7733981798583622,6,71,2,1,0.46304821574917987,0.3746850077316013,1
9942545615,134,3.4360152990033233,30,90,2,1,1.1023633581217174,0.5172847527198995,1
9331840139,125,2.4700908141452462,59,93,0,0,0.8080755895090297,0.18691131430467392,0
9672451526,182,4.385757648689159,60,152,2,0,0.32541075303192135,0.18195353191289404,0
9305964838,196,2.357274606867259,74,160,3,1,1.2138391494953866,0.6681400693237058,2
9863412112,97,9.644411080087506,25,189,3,1,0.9561262498373441,0.398618883686098,1
9980793132,212,1.9677672092053822,53,135,5,0,0.4758430269740488,0.3617712900597546,1
9605526666,191,9.176394792108375,30,90,0,1,0.41329710146003873,0.29291224800323756,0
9802458181,177,4.5704944324875285,40,112,1,1,1.3948712950452222,0.5177386222155763,1
9991723644,190,4.08972691983636,27,169,5,1,0.9918787810295205,0.5968653973521728,1
9332460182,139,2.697538108596064,5,125,4,0,1.230383442989092,0.27709222252220506,0
9556184922,158,6.539685176491432,33,150,1,1,0.4157244067234932,0.33679404002225527,0
9620147693,218,7.012516142602945,8,88,4,0,0.9242304559178454,0.2348907943322394,0
9211141957,120,4.9419241413979655,11,50,5,0,0.1748854207917297,0.21343316079823194,0
9322479525,146,1.0292155090875292,15,9,2,1,0.9326084936531518,0.5357457664626614,1
9348924801,220,9.225846431541225,70,111,2,0,0.385015606415415,0.18415838225802172,0
9743141631,155,9.81312676232562,30,127,3,0,1.0367299128542578,0.18398340172793687,0
9176298453,93,4.594912444512432,32,77,1,1,1.4047529643145504,0.4957314063835969,1
9651503699,39,6.329777670388608,6,85,0,0,0.7421936389970953,0.0,0
9589479768,74,4.777836949315594,2,61,4,0,0.5275548577279939,0.1757058728689055,0
9910241358,33,3.5578566834181453,19,158,2,1,0.27257408638889413,0.3305646101656496,0
9718079995,220,1.2345285321491724,4,37,5,0,1.03882841465606,0.3790117340396038,1
9266459760,231,4.8326434387743396,66,101,4,1,0.917848872711083,0.6677501434600379,2
9462172252,99,8.27465328541479,37,40,0,0,0.8623989749053843,0.09384203756366864,0
9432230308,115,0.661798880336034,78,97,4,1,1.410352491029039,0.7749673790261189,2
9163463472,181,6.030022990212112,55,26,3,1,1.4694174437830516,0.6749864840380876,2
9728814899,239,8.867335032903544,22,86,0,0,1.1037773069881405,0.09627858977706769,0
9166819360,86,2.566719585136401,1,21,0,0,0.374385145675572,0.02880891579276517,0
9994914325,77,2.240930714546091,20,48,4,1,1.4254687870687288,0.6416984192070277,1
9343840625,101,7.83662794416846,77,184,4,1,0.5828973260989465,0.5400914771351856,1
9223297006,97,2.9233210956332862,13,26,2,1,0.2108169069948008,0.40033484235844335,1
9107760004,59,2.32385054182616,61,133,4,1,0.43751870484839506,0.567099371413227,1
9247647462,112,4.0908978804077325,10,34,0,0,1.2625270142688665,0.1377791338140379,0
9416738321,55,4.22876911656707,3,171,5,0,0.3852707301490561,0.15140392488574855,0
9696841637,188,8.803960098657377,46,167,4,0,0.6530943535347865,0.21885713457361922,0
9466224757,276,6.375212983369931,19,73,5,0,0.482908497028103,0.28129646384293316,0
9449813108,277,4.3566338352260985,51,93,5,1,0.1669446236232422,0.6098704154787425,1
9599005220,17,5.576685660714785,15,15,2,0,0.8864067753696083,0.1582319184491089,0
9894631645,274,9.562669716590104,44,55,1,1,0.9802598238796282,0.4714458089331409,1
9283202270,87,1.575539427794006,7,67,5,0,1.2076061162487868,0.3514562608163263,1
9299877439,249,2.473297456384569,61,90,3,0,0.6805247157750609,0.3426333964163925,0
9295111561,267,9.644022712572276,20,127,5,0,0.29786267603033245,0.19271524857277256,0
9164910926,205,9.594586061008439,63,38,0,1,1.013018118147973,0.4638438081123222,1
9673018793,140,2.18307150201534,29,125,2,0,1.3460912748050442,0.26341742828575454,0
9881729402,270,1.8785337626903331,35,187,3,0,0.2677499105618434,0.1988375841151372,0
9923102127,251,4.5003087762168885,4,82,4,0,0.3556636712342607,0.19960926856684197,0
9293323089,180,0.9723237786357065,37,127,5,0,0.5608773636766562,0.34338739829757026,0
9801602016,156,6.721583556708831,18,24,4,1,1.0104150490372692,0.5666908032039664,1
9543312143,279,1.2362122057865508,73,190,1,1,0.8333373062480718,0.55281593028033,1
9548021301,158,1.0512814573956668,26,21,4,0,1.0973159152434397,0.38519586567379804,1
9465223269,37,5.1092758939840675,12,38,3,1,0.14387271232120863,0.3858200814174029,1
9724984226,158,9.598973043045964,8,103,2,1,1.2346408847121975,0.4096025629822455,1
9646008731,289,4.554561392600016,16,194,1,1,1.4824755433292465,0.46330899515497603,1
9203922177,191,3.886571007275235,43,166,3,0,0.16533028106993042,0.16988411497442213,0
9221071965,175,9.980588797271716,44,151,2,0,0.7935816628188846,0.13362940063767226,0
9816982156,26,5.553705127402242,41,120,3,1,1.135879906290278,0.5208444605593399,1
9173633231,159,4.064793365457361,50,118,4,1,0.7669591300731711,0.5951575752232923,1
9558323770,54,4.165677726745217,57,101,3,0,0.9301156835221757,0.2857757493017185,0
9790050884,198,2.3521152123183495,57,130,1,0,1.3892977371452704,0.29854034590961226,0
9742338166,148,5.36611904575162,29,124,3,1,0.8557810232761915,0.4930169609107902,1
9897455451,70,4.669122767596055,4,70,0,1,0.43123280196798663,0.26838512969167244,0
9606804404,42,3.072555315300427,7,76,4,1,1.134077576167438,0.5441686453564875,1
9654420966,121,2.0251308227167177,36,97,3,0,0.625600989867045,0.24753721557811148,0
9435805740,46,3.45676925234176,46,174,2,0,0.4991611095621953,0.13518476878602897,0
9641400855,109,5.332491613033429,44,55,4,1,0.4477676110186193,0.5463088806324999,1
9714628540,32,1.054166086705616,4,181,5,1,0.2111090543347532,0.43971642681303624,1
9423319642,227,1.9605682715475816,62,128,2,1,1.4060702759096497,0.6492349471839203,1
9382365789,98,9.502744036206407,46,161,1,0,0.8887005777544239,0.0857444742293873,0
9582741561,218,5.6571258347977205,24,99,5,0,1.4371408597081612,0.38720472648074006,1
9621918956,280,1.1027683847703598,49,34,5,1,1.3065043493570436,0.8114639679722675,2
9311780506,246,7.084333708310943,44,103,5,0,0.14231986786686351,0.26516637964429235,0
9132123007,218,1.08712726575083,29,157,0,0,0.44619935158171875,0.08538172833412963,0
9936828678,287,7.519305156940543,47,115,3,0,0.541505731101018,0.23153235918216902,0
9682661545,215,7.624645856340255,50,117,4,0,0.7857505331272014,0.2901276470325145,0
9741721902,87,6.6852502696179,54,194,3,1,1.102580033906475,0.5117866008333624,1
9143156020,107,7.455943173883822,54,42,3,0,1.0530757820440737,0.29793110909201637,0
9673525178,103,1.3356749196240485,45,21,4,1,1.482180717603866,0.736050253743642,2
9680069925,89,7.404415247375042,30,78,5,1,1.3926516409843184,0.6304985472829511,1
9687106756,47,1.7985390373768881,33,133,5,1,0.36077340595318774,0.5419936735991933,1
9928854742,237,3.725306119082516,73,22,0,0,1.3038139857376103,0.32820400485952306,0
9405554395,143,9.456079908256012,67,195,0,0,1.2801093671527666,0.1315234984925932,0
9574061537,205,5.277317037761831,32,178,1,1,0.904717753598256,0.40690499264531543,1
9464959630,291,9.690551104788632,55,151,4,1,0.573369089648589,0.5343676775003671,1
9975856095,110,1.3447633594240067,57,129,4,1,0.3920635131150688,0.5799937945940535,1
9130063151,84,5.036787695850211,56,54,2,1,0.39744030192652113,0.47665138388098005,1
9583197278,217,1.0928220426302713,16,124,2,0,0.572956643692121,0.1755075993981579,0
9409976210,92,6.486997492793206,10,100,2,0,0.8055251099981623,0.10385237661959433,0
9883179327,152,1.2477165130009056,70,58,0,0,0.9173492334317913,0.2641426431891375,0
9207798876,65,2.1659941241335847,16,35,1,0,0.5550561095876416,0.12044813699424729,0
9564744629,296,2.9588879456581645,9,101,1,1,0.599210787939221,0.40908197253814194,1
9697463676,220,7.613066590812591,25,197,5,0,0.11892711712417713,0.1593311216318168,0
9832726265,188,2.0576401287717103,5,50,3,1,0.1029673203809348,0.436047730233785,1
9490678706,67,8.543004506284143,15,39,1,0,1.3700554351828294,0.13800726481319647,0
9902118694,82,1.7530874188926082,3,53,2,0,0.11961921587746954,0.08343392354525173,0
9158203138,224,0.8348222661664852,61,85,4,1,0.14636998865728532,0.6180298647782099,1
9267916535,275,4.252931480211844,63,166,3,1,0.38788943110477436,0.5395948873033642,1
9225114431,82,9.804695598727303,55,33,5,1,1.1407578811108323,0.648351265215239,1
9541921564,280,1.5482511639933836,74,138,0,0,1.0504885809455795,0.2796462824122156,0
9875981427,243,1.466325218376476,22,5,1,1,1.0060479058270086,0.5389298460787234,1
9762371850,28,7.636081852558427,32,187,5,1,0.9049344283834299,0.502925815841977,1
9205846880,122,3.4655360929388705,30,31,4,0,0.38237859561724297,0.2648323316921361,0
9944772793,72,7.314175363644311,6,144,2,1,0.6571072365782612,0.31978276402565964,0
9421950922,193,2.400100599711952,4,8,0,1,0.7693400339395897,0.39998626354287403,1
9470993172,286,4.870683944882548,36,84,0,0,0.9154199320974423,0.16666885117976918,0
9778157862,171,3.0202538386147197,0,184,1,1,0.3778010334292877,0.28669307794813786,0
9519972197,252,4.789518041351325,69,132,4,1,1.1206471305473775,0.6894534391694696,2
9192966977,154,7.806422379560386,44,15,2,1,0.532480451606935,0.47078725230477425,1
9380361562,155,7.739094434537786,46,56,2,1,1.0243136979395557,0.5148818438716266,1
9494181795,90,5.399836732900375,67,88,2,0,0.8195764310905933,0.25230113093606676,0
9408547530,52,9.319532515349984,29,158,2,1,0.9291002449860225,0.3677743058807896,1
9877188462,185,3.005948973258603,59,160,1,1,0.6784077687453929,0.4714208779036773,1
9728396369,78,2.7829578356327143,23,76,5,0,0.7230966763522532,0.30792610713467783,0
9655444346,65,6.331160811166621,30,198,5,0,1.3154627264149632,0.28771493076912946,0
9732829632,128,6.402321825059496,27,108,5,0,0.7662254722563554,0.27600252810338205,0
9161104574,213,0.9421303758672529,44,94,1,1,1.2114443530233552,0.5668677578523956,1
9651258722,64,6.273888267675527,3,159,4,0,0.6530344185706735,0.1233941376830412,0
9268324386,47,4.057143494815636,60,101,3,1,1.0807449988473616,0.5900370112572291,1
9745048990,252,7.600703990545312,38,129,1,0,0.4260532776913971,0.09211794543642388,0
9121876123,210,8.177003813180093,23,187,2,1,1.3838266011124931,0.450185146375338,1
9176778368,245,5.745461285696847,70,75,5,1,1.4541868668076532,0.7908902219218896,2
9795005464,24,0.5161977992715183,45,58,5,0,1.3618541201233034,0.4558781208235382,1
9107707690,153,6.5454751965831,52,50,4,0,0.5849843087130292,0.30045241468656636,0
9912309989,86,7.614372156826376,47,168,2,0,0.4870860976518876,0.09976119916964339,0
9479527763,272,2.865341029199385,8,132,1,0,0.3554154735689349,0.07679909781121286,0
9271575234,194,4.914137010837494,21,153,5,1,1.3221919857108935,0.6221767274885905,1
9582296882,64,9.67440292241199,1,181,4,0,0.26606302851677355,0.02065139501973566,0
9516690049,13,3.3320977572439827,15,38,2,1,0.9992624053126011,0.466142982217251,1
9428093905,49,2.6199558848965374,4,126,5,1,0.5640495758425623,0.49531314514901575,1
9375902589,239,2.5031205095410964,11,91,3,0,0.36308519276718354,0.18851611035090218,0
9965432043,295,5.808607926362965,51,166,0,1,0.35827941709185585,0.3637069016013338,1
9498126588,147,9.522977462426061,25,172,0,0,1.3193581273809014,0.05349724573659538,0
9999124159,112,6.2825562274033695,14,139,5,0,1.303748750466474,0.29292584199380306,0
9422274249,16,3.3815696422577695,66,94,2,0,0.48084027659528006,0.210888664151007,0
9336659268,173,6.566412891640813,72,56,5,0,0.14727370837439374,0.33900922363857083,0
9565275656,285,6.4360018271789805,58,53,0,1,1.3167214899357478,0.540774556866142,1
9859757057,58,6.1707887894317155,38,123,5,0,0.18025548110737752,0.2070478589263714,0
9247194085,105,2.014548965438869,62,85,5,1,0.21860825978813608,0.6270584035893099,1
9866890172,68,6.528384593777444,24,99,3,1,1.250688982081923,0.5063753960578348,1
9945594014,240,4.586562298887746,40,93,5,0,1.2441074391951648,0.4217541451167668,1
9705960201,186,0.676624556918817,27,41,3,0,0.3834855696288937,0.2597487736724414,0
9208104817,99,5.627762627901204,20,194,2,1,0.15350568024953257,0.29328753009512953,0
9364797259,291,9.898034079574968,60,147,3,1,0.18817507735710887,0.45490460032795355,1
9735484835,45,3.822526113017844,56,6,0,0,0.7347449378521916,0.17729907918604887,0
9208741109,180,9.672812574027253,10,143,2,1,0.6855284150321416,0.33318965891553,0
9879446356,135,1.413954545794648,18,100,5,0,0.3552045453286625,0.2721570908899037,0
9383705392,213,7.458276100739409,74,21,0,1,1.3726563662825422,0.5680194507450321,1
9478949102,298,1.5861349492969357,0,177,3,1,0.8733729017395819,0.4887377954838533,1
9803843311,106,3.0989299487751047,31,124,3,1,1.230274493768031,0.5584624465335291,1
9572703664,247,5.922987935560181,76,193,4,0,0.24521642072477653,0.2747167819269176,0
9794971780,182,6.131407092779114,33,178,1,1,1.462841950944147,0.4597474823332816,1
9552191213,97,7.864507513724627,16,36,5,0,1.2336327055296614,0.3175285011655305,0
9387291609,26,6.345458368660673,54,23,1,1,0.5029536590741783,0.4251422719983066,1
9883881916,149,6.139339691615327,18,199,2,1,0.1290997713814815,0.2905532295997272,0
9796781804,263,9.167354326396813,73,8,0,1,0.3303123025361391,0.4400125577209083,1
9956993113,287,4.795527145986993,41,29,1,0,0.6859086319404949,0.22304604341434875,0
9344517118,160,2.640024897603023,58,25,2,0,0.10417963334468106,0.22948792389679215,0
9177924587,149,2.0369915577244875,72,97,3,0,0.15717671226471794,0.2796506401124057,0
9345218329,123,4.299948669690248,74,93,1,0,0.23809043042594774,0.17377146761483075,0
9382043975,77,7.271151174340109,37,117,0,1,1.233603043907006,0.3860618845100927,1
9499654148,188,0.9041631068340585,30,102,4,1,0.8656121269289467,0.6156568312827984,1
9637949949,134,1.7260071718393581,65,146,4,1,0.36737306169575246,0.5883560146747514,1
9816984590,242,1.5080778709845746,68,154,1,1,0.47025278100525014,0.5028667326021485,1
9767910266,156,6.059876453988858,49,52,4,1,0.9990502483287003,0.6290175123515778,1
9540359567,120,2.8072141800470294,29,55,2,0,0.5460542173020386,0.18958993591568027,0
9270927360,247,2.079464568863267,34,15,5,0,1.0549855064481704,0.45651135261408793,1
9151187343,12,6.131321837558712,58,191,0,0,1.1895195408508126,0.10736648285139297,0
9519542436,220,7.732444196797603,16,18,3,1,0.5292742063019471,0.4683902410613291,1
9699974146,34,3.6554717063003115,65,11,0,1,0.6131177675051674,0.45952513829168296,1
9614089907,193,5.992943753927664,79,190,3,0,0.17010390860276953,0.21471381065186698,0
9704869470,70,1.4321819253948718,20,44,4,1,1.247717674459664,0.6302066044970881,1
9954860663,132,9.384314789346915,51,85,2,0,0.9484985032080212,0.19665804291279954,0
9998952502,64,3.7005137604903418,64,157,3,1,1.3435758927546309,0.6113896086713383,1
9430580116,172,9.976304085148263,13,127,4,0,0.3644874628730337,0.11163951318965157,0
9612614209,196,9.79658368057293,15,174,3,0,1.444840618579385,0.18683853672931772,0
9833430197,48,7.898822768690209,54,90,1,0,1.0894299416609254,0.16924571977502847,0
9406056869,194,0.6906374063661838,8,48,0,1,0.3752544766623125,0.36247622165641663,1
9104467801,92,5.6630117436514515,7,9,5,0,0.748160538348734,0.277606457011364,0
9412504125,204,1.3249459941801092,72,108,5,0,1.0785313249176165,0.4959244070599526,1
9835731706,43,9.003811246634404,33,32,2,0,0.12376170723174401,0.06452233657486312,0
9689386085,122,8.001544400150326,32,192,4,1,1.1924013001428733,0.5116029565486742,1
9481562029,239,9.737233577658989,6,125,2,0,1.426752398469773,0.1570968182177982,0
9905999832,292,6.279638054923057,20,153,0,1,0.21409491148508253,0.27670239938579994,0
9645978250,296,5.460641642601211,4,100,5,0,1.3573648655350934,0.35528941748633003,1
9537785031,164,5.430251631471682,70,53,3,1,0.7502215007568314,0.6115968938464929,1
9942454624,174,4.171259557316276,11,188,3,1,0.8218382039180694,0.4377154697823731,1
9317199220,191,4.95255563867684,58,61,2,0,1.276151217324592,0.3326408117481623,0
9837275078,248,6.536419539785828,57,89,3,0,0.9255213575922981,0.3145088617669791,0
9926751807,146,9.363002271784634,36,193,3,1,0.5919960576636418,0.39411683299155487,1
9460358373,275,6.160901213432295,44,105,3,1,1.125627549140028,0.5929778246689492,1
9537565972,196,8.642601452014988,79,42,1,1,0.29365801548951953,0.4645444111012291,1
9118292935,49,8.696409157373756,24,134,4,0,1.0327852021700412,0.19564398103858655,0
9792007282,176,5.428910420558463,26,135,4,0,1.1844732890412113,0.29092320297157714,0
9662852853,269,3.800961594227405,50,175,5,1,0.5686775685500245,0.6193631024286074,1
9402827454,152,6.57595179665477,41,78,0,0,1.4583257654410262,0.18987100362639917,0
9207305812,213,4.735834748191006,70,39,3,0,0.9968426113416352,0.3895910963827041,1
9143099583,185,1.2736882395583624,41,172,2,0,0.23395017864079343,0.15637309589552822,0
9309449747,271,4.08918645410812,59,129,3,1,1.4527981973144641,0.6777822128951051,2
9160229895,261,9.943685311468586,71,89,0,0,1.1415902927114348,0.2025166113877491,0
9502562105,209,0.9608627652497285,78,62,3,0,1.0739026739641477,0.4495713010260344,1
9554208813,208,7.1183356630588035,57,38,1,1,0.4545496477718063,0.45784259644257774,1
9907643166,205,8.491292698176848,79,29,0,1,0.7624056422924614,0.48750983136363985,1
9666420977,86,6.662896083016098,71,188,4,1,1.3614712665625632,0.6281051323246478,1
9496834040,28,5.912608196051255,21,36,4,0,0.5314161293016901,0.20553530383025445,0
9216179548,71,7.221766961298196,57,114,1,0,0.6926645750307943,0.13064187880145037,0
9299614447,290,4.578756004346729,10,105,4,0,0.4594527748722459,0.22352259426584214,0
9454479880,259,1.3679365044343292,5,154,5,1,0.4022623317761621,0.5351729084265942,1
9492359182,236,9.642531665882126,21,131,1,1,0.16120107622147445,0.27231708248932485,0
9889364317,136,4.606857314849863,77,93,4,0,1.1316596547130175,0.4195335374540304,1
9128546713,67,6.8211977530961665,11,197,4,0,0.22706288282296588,0.06550983956826859,0
9113395337,213,5.547449150448305,26,113,5,0,0.8438539187449755,0.31349308044401736,0
9454055964,252,1.0193941837867682,0,104,3,1,0.16971367278869315,0.43533291052920203,1
9901398351,261,9.551092709429115,63,25,0,1,1.4774277158892293,0.5415282133935582,1
9613748771,208,8.029103648086071,73,25,4,0,1.0932240807012243,0.4180543125737808,1
9908451155,249,1.9164299974592518,79,121,0,1,0.9825384854486218,0.5585574582843236,1
9913653356,148,9.825664324738534,38,160,0,1,0.3609507900690262,0.2503727895780874,0
9891341941,131,7.500563035631226,59,151,4,0,0.8392756868923656,0.2788896593328425,0
9749175588,58,4.987055679068934,69,18,0,0,0.8049813111968878,0.19846975586146598,0
9344823381,124,6.308015537315946,53,28,5,0,0.602108158714717,0.35487345926464137,1
9949527622,260,1.5139984791386765,24,24,1,0,0.31855672367440757,0.17539215842459815,0
9477091478,16,5.823909345148304,19,164,5,0,0.6139833089713592,0.18880775160145008,0
9729601704,228,1.1997801841620643,35,184,2,0,0.9527456983896141,0.23548212159680892,0
9488042471,86,5.676124942633368,22,69,1,0,0.7822905297858567,0.1076946975960357,0
9636312924,188,5.750609043246461,79,56,4,0,0.8980619402267307,0.4146434576415835,1
9175154255,154,8.807168459027068,0,105,1,1,0.9008250457622651,0.3149796506498136,0
9209285989,163,7.3880462525867925,26,190,5,0,0.44254470207184793,0.19141547588424687,0
9310473371,130,2.8707477260436405,51,108,2,1,0.2553652793901309,0.4596115274809586,1
9570260143,133,8.94004835078464,1,99,1,0,0.8304519671182745,0.024590322511443954,0
9412545957,159,5.945805316056055,20,96,0,1,1.3493210322089102,0.40996886007239663,1
9971248030,277,6.26060504645332,8,14,4,0,1.493512342827115,0.3649608872484806,1
9398481677,10,2.105323007610694,47,74,0,1,1.200259377935914,0.47018391592764813,1
9429591008,170,8.648849161706583,38,19,0,0,0.4095635194343269,0.06669476572497357,0
9277651192,253,9.344168592657168,41,179,4,0,0.9824527059852981,0.2519809682730164,0
9527840584,260,7.862411170201628,70,14,4,1,0.43441297729446315,0.6336139565662494,1
9246279672,73,9.437148300127559,44,153,3,1,0.9070332276804893,0.4495648743867946,1
9513805054,257,3.3718490891622857,1,23,2,1,0.7729632601522958,0.47957673548166146,1
9203993559,124,8.680632099446326,75,72,0,0,0.6341779723379553,0.13775043815386542,0
9214282073,10,5.144484857205554,76,26,5,1,0.9982949693773322,0.7187282447054799,2
9919217948,50,2.0572134279640566,66,67,0,1,1.3007967463092052,0.5397423817548692,1
9144681008,182,6.853605690817311,42,42,4,0,0.5724671061541728,0.2844861177820263,0
9639662250,97,6.99914257170585,17,19,4,0,0.7807562320640399,0.24031770365388128,0
9479673563,107,3.2257828806885565,38,74,1,0,0.738154825627871,0.17090251784041516,0
9446844379,97,0.7611866504619156,5,118,0,0,0.448913564803747,0.022852054637573324,0
9902907356,260,2.3985489613128514,41,48,0,1,0.6895561826769351,0.47154748771881133,1
9852610692,150,4.297886702901923,51,162,4,0,0.13021831515201854,0.2138015573834191,0
9714668841,80,2.091847655068751,26,108,5,0,0.8244048300731269,0.3196597410812835,0
9984256390,146,2.3432845082762395,78,28,5,1,1.1091098481580872,0.805407101012989,2
9913540393,108,4.218211311631561,14,90,0,0,0.614655989065408,0.03844018294827021,0
9540152739,160,9.636972835931324,18,98,2,1,1.1452038518857368,0.4239474548617792,1
9245161064,184,7.760313396372659,61,178,3,1,1.1509185610005486,0.5543031332302607,1
9641638938,176,3.5376098116523593,63,136,4,1,1.4777615078513378,0.7115633965356656,2
9932635961,266,9.540238654726208,50,10,4,1,0.8643218001524308,0.6236690854949105,1
9657731629,233,6.63364452645796,46,42,0,0,0.6656897458899462,0.14491236852263137,0
9339717185,74,4.826771624081331,56,30,5,0,0.9953340544091841,0.4122521603734594,1
9856754968,78,4.948851890073898,19,151,3,1,0.9772067951926025,0.45792859274222564,1
9139681096,76,4.402072444436223,19,6,3,1,1.482279061423954,0.5970652847043064,1
9566433908,59,2.713424499186427,63,72,5,0,1.0907714523119425,0.4398148136205294,1
9614313114,100,4.173005826030204,37,73,4,1,0.5292126453199009,0.5428461141926922,1
9432480086,124,5.51501564841223,37,51,4,0,0.36251379884011725,0.24413813474653404,0
9651246665,66,5.5162598319370995,64,103,4,0,1.2098166548988425,0.36508288060461597,1
9155127465,27,7.7365005710189205,75,161,2,1,0.35166342112291893,0.4128116036825233,1
9890709171,281,3.9085796429948494,4,68,0,0,0.9784196013916401,0.12044072978439196,0
9500724632,139,7.309581278387548,63,84,2,1,0.2852427455579729,0.45133082079297293,1
9553764789,278,5.991872468302504,26,144,4,1,1.1061875875301634,0.5774733742173231,1
9437458300,89,9.637531343004927,19,77,3,0,1.1960527109121672,0.18785928252673426,0
9369942850,211,4.160206797322836,59,143,0,1,1.4867558674795582,0.5260048891963397,1
9539187461,234,9.061556410477507,39,12,0,0,1.435903791252083,0.20771977802451985,0
9438256508,168,8.296104199333751,78,64,5,0,1.0993298156892286,0.4406663274907022,1
9410632761,213,6.5578107035998405,5,158,4,0,0.4885420061255631,0.14498131229186953,0
9608030277,146,6.717887434050113,72,164,4,1,0.16120537520770173,0.5136633291496563,1
9215507764,82,1.3041743787609015,35,171,4,0,0.8773381189195827,0.28074714839188575,0
9235128641,57,9.527133753137607,73,136,4,1,1.172372577385455,0.5938091042486033,1
9404046905,27,1.5158926032095672,64,96,4,0,0.11487325379156275,0.27479407921647275,0
9973069049,276,5.850716433063317,10,122,4,0,0.8347217858451909,0.24105801710466312,0
9788862289,28,3.6356726042669676,48,130,0,1,1.336043066496636,0.4471637633950594,1
9462745430,109,4.583593793753592,27,123,2,1,0.9921049836736417,0.4603661391824606,1
9354239745,125,6.296738602949762,21,176,3,0,1.0572934329032073,0.17589768204632106,0
9341436875,83,9.134088089882056,46,87,4,1,0.764065054818884,0.5202120828330148,1
9842306453,289,4.846887673936863,79,167,3,1,1.4204100110047233,0.695603215899991,2
9533159270,278,9.88343077541119,65,183,5,1,0.6245061384345081,0.58522290064054,1
9960312087,134,6.131714620839248,24,183,0,1,0.6307357006291692,0.28034104195876264,0
9255198831,125,2.0252624551006577,66,161,3,1,0.8248328202150387,0.58801012229793,1
9314484179,183,2.3050883008968968,31,89,0,1,0.9203050647854017,0.43682554816348546,1
9703216448,190,7.303054838097885,16,168,1,0,0.8523951588128513,0.0613174276670342,0
9182325440,235,0.9787790453121267,39,108,2,1,1.2460841899946309,0.6022014209222768,1
9375573968,166,5.063244974111155,29,118,1,1,1.26831818261895,0.4659559088916068,1
9881638394,173,1.9080815431334077,58,192,0,1,0.2843314307143565,0.3718561265014553,1
9993228928,80,4.615577034189528,27,19,5,0,0.9346293818210591,0.3493519347415861,0
9241785204,231,7.624215509681336,46,55,1,1,1.477458897696778,0.5474044816074374,1
9243553139,135,4.858722818293624,22,54,0,0,0.939521573267426,0.11293791497256764,0
9975901676,154,2.0527855353188063,56,115,1,1,1.0634297401624557,0.5365448090623357,1
9442707677,185,2.893291018388103,0,59,0,0,1.3059175076426253,0.14182394202979112,0
9815127278,161,3.991626092195733,28,16,2,0,1.3132426379992308,0.2956229367868922,0
9267190274,191,1.1608312431209398,49,182,5,0,0.12406706419377296,0.29114140611913475,0
9205536310,94,6.0512075427706575,63,194,2,0,0.43520545259204957,0.13742683046446474,0
9855443018,130,6.2715710171414765,74,137,2,0,1.3080294965670876,0.30237135404901944,0
9620663999,138,1.090443307759391,36,159,0,1,1.033940939474584,0.42928759304383746,1
9306497580,15,4.321957551154539,60,83,3,1,0.9843881040910958,0.5757630818770771,1
9807960729,192,4.433006487404887,6,94,1,1,1.303921798275693,0.4449745379442245,1
9162908951,47,3.6712859012497114,63,13,1,0,1.2291701341759602,0.29522831861945203,0
9719506174,125,5.798527533145562,17,108,1,0,1.1518908455935555,0.13022790440681326,0
9835057353,111,3.786596155571062,28,108,5,1,0.16629395034634292,0.5131161201747084,1
9138555170,17,4.455888155039157,59,167,1,1,1.1943168144055478,0.46763069320152917,1
9102660891,227,8.076473700695253,53,145,2,1,0.3808530243155095,0.4240680118428515,1
9794861775,216,2.0400388765869137,71,48,3,1,0.1364122637352485,0.5972390051291867,1
9993808615,87,6.381589605382499,20,178,1,1,0.788645818347389,0.32125842293709667,0
9729704719,64,5.303146816063033,20,101,3,1,1.4193041747131852,0.5302454058394925,1
9115978042,237,3.3981805560538163,57,102,0,0,1.341034448968194,0.26059596720353756,0
9726755536,97,7.411579236658902,48,123,0,1,1.474880122606799,0.44041333053957576,1
9114514418,19,5.736289415640906,35,72,5,0,0.4451449958323662,0.25239859317885976,0
9723099086,299,5.034934506126605,16,57,1,1,1.073550064778861,0.4796401270332775,1
9773280911,173,6.8428584903264005,79,113,4,0,0.1781847915180689,0.2826512064315848,0
9417523214,248,8.121757925822926,52,5,5,1,1.224833921465272,0.7301523087992909,2
9887823352,153,9.740353505318973,14,15,2,0,0.8332697848644547,0.1359081321199069,0
9532836577,27,6.478828499575548,78,182,5,0,1.4948005099805033,0.4133301192027537,1
9502372362,80,8.807179861303638,39,141,1,0,0.4359922397838252,0.029216243771748737,0
9455166912,184,0.510369639718091,50,42,2,0,1.1985075327837258,0.3662631349240967,1
9120733774,297,5.537239080895967,64,145,1,0,0.33933796899069146,0.1689736873081314,0
9355389810,257,2.539151713316882,12,137,2,0,0.5020549033604473,0.14481010117678444,0
9794208067,202,1.3948283422898031,37,29,4,1,0.5137882796050809,0.6235333201117987,1
9950281770,277,5.553724662111724,73,130,4,0,0.9090138189729864,0.3915536289980843,1
9864565316,213,7.594851808416394,25,14,5,1,0.6111534176506035,0.5882501884170757,1
9767745762,132,4.416588963506607,75,137,0,0,0.7142010622290716,0.1681550599054093,0
9810474124,67,6.866020768772131,14,26,5,1,0.8305283872544839,0.5536378239119393,1
9109978954,210,5.152332911489024,4,46,1,1,0.17870810425314773,0.32561697757250946,0
9281457873,121,4.652315726614547,1,105,4,1,1.0315072567758954,0.5059697487603996,1
9292488550,137,3.2574380841406763,77,152,4,1,1.0089736731923968,0.6717709171067328,2
9770605608,45,4.1346383877595425,64,32,5,0,1.4507225803944535,0.4844710489942199,1
9549031145,243,3.823058492547065,76,25,1,0,0.2867420519529871,0.2558323443237937,0
9338135473,56,6.638778248141374,59,143,5,0,0.1433534979306429,0.23372041410731398,0
9377429462,124,1.6021758571518256,55,73,5,0,0.28651762229005295,0.35547267105565117,1
9456629446,264,1.380045502534157,77,41,5,0,0.6914507909377388,0.5095635488821187,1
9109976122,232,6.770123444980373,37,181,1,1,0.39950685370358263,0.3453160077713321,0
9992515366,133,5.689831663849367,56,121,0,1,0.4028451321117448,0.3610301025538836,1
9809914882,169,4.586900919055247,50,37,4,0,1.3171572030182388,0.41808272000019236,1
9138489803,105,1.9482074018750837,40,49,2,1,0.5533634320229852,0.5045251230202572,1
9167368966,116,4.404757562758459,78,140,1,1,0.6835161760343447,0.4895981837043532,1
9652962096,129,8.00245175154011,69,120,1,0,1.057811168155872,0.2045579191602233,0
9726273817,110,8.95140173999794,51,138,1,0,0.5759188571503792,0.08077677531140355,0
9944679328,112,7.174477414660092,0,147,5,0,0.8760989776791529,0.19540481501224388,0
9544421988,175,1.069165670868368,17,147,5,0,0.8320273333605674,0.31842995861951434,0
9947397039,195,6.868892877710627,26,141,1,0,0.4661261771880123,0.057508426730033965,0
9772431694,41,2.7893631006897985,71,65,4,0,1.103931900136174,0.41318280414139663,1
9983137537,75,3.4948868087508482,75,60,2,1,1.2677590291897338,0.6369424417977579,1
9774247656,188,2.3607954756198533,41,137,0,0,1.1968377591842252,0.1891743187280021,0
9588265598,276,7.869680010891944,5,130,3,0,0.6534055522880288,0.1358225061438601,0
9824773318,46,6.661720165054151,79,158,4,1,1.4061419090437752,0.6558130537712699,2
9296145427,210,6.312433018692218,23,130,4,0,1.3585503060240105,0.3060268404985747,0
9971377393,58,6.845739791858123,44,127,3,0,0.4735699709110439,0.15764618567369448,0
9890167156,284,2.7493364833370824,70,189,3,1,0.273517855143935,0.5505634381505605,1
9940589987,177,4.724121936090936,6,39,1,0,1.3513310086461885,0.1906702578044514,0
9917022751,272,6.515910354715397,15,14,2,0,1.1427993218468369,0.246228327698369,0
9859436315,142,6.547643262373854,57,95,4,0,0.5353867423240085,0.28029135659706145,0
9189703756,185,8.02259269617374,56,25,4,1,0.5268274662752324,0.5857815169322764,1
9321563904,20,3.22748768353705,41,144,0,0,0.5510354643128855,0.052977736848435,0
9908753207,210,7.818193156119813,13,13,3,1,1.3058675408837634,0.5536357870326138,1
9405103394,12,4.681752565860889,55,148,3,0,0.43632378357681745,0.18112782323888743,0
9330790255,223,6.866640574559881,11,124,4,1,1.0115214043116616,0.5171995482893474,1
9393379869,41,4.829334110620224,14,186,3,1,1.268221337933811,0.455667884557948,1
9499506741,57,9.511796613013962,7,131,1,0,0.6422835499720309,0.0,0
9468003107,261,2.2033715150456223,57,27,0,0,0.18608771236955213,0.18024006730379877,0
9717908216,208,6.912548341532393,52,43,4,1,1.162395609420519,0.6635035596987403,2
9420328118,98,5.977082507297509,8,132,5,1,0.1278172453390159,0.4217464126864452,1
9549513176,118,2.140944889003574,45,26,0,1,1.2632296971740709,0.5256128916595123,1
9163497807,117,1.1270601902108452,6,59,5,0,0.6052048982702068,0.2942998655098946,0
9842786873,49,8.091871695230804,43,163,1,0,1.2218493283473326,0.12183612572557696,0
9156953426,61,1.9957876696395191,13,78,0,1,0.863505644610994,0.3661878919843117,1
9295757632,121,2.271813486464872,74,51,5,1,0.6029027153532023,0.7183532306714726,2
9560516676,77,9.795125127895874,5,31,3,0,1.3590598987900393,0.1938290196533876,0
9707237759,198,7.313978089027993,34,132,4,1,1.1738622895504547,0.5723957376777185,1
9845099570,218,2.8796249952116133,69,52,0,0,0.21299041262286106,0.1783866829055373,0
9659722005,74,6.114015121440212,60,171,2,1,1.40282799820658,0.5322045116608405,1
9969158615,71,5.574062464823877,23,153,4,0,0.7538107261258967,0.19375187089055446,0
9716022634,267,8.522496041381551,72,19,0,1,0.30854864581400177,0.43845588500110166,1
9946894451,143,7.428547104409931,1,85,4,0,1.1796962753202014,0.22630432111883833,0
9486627940,131,8.401350692185265,77,122,5,0,0.8246584016109841,0.36532613322042823,1
9519231924,180,2.509312585784943,50,49,0,1,1.0418273230813817,0.5109075277403465,1
9293197411,219,6.582082441486549,30,23,0,1,1.071652869121039,0.4440133549966861,1
9816609187,98,0.8822881549746131,26,185,3,1,0.376067774426849,0.4386740084048598,1
9472729923,176,1.154935816652591,30,59,0,0,1.4592121168496333,0.24617955755545826,0
9846170659,37,7.278506810693674,69,90,2,1,0.24776031986513855,0.43050582332215925,1
9406966708,247,0.7319909751173479,42,109,3,0,0.948112317255638,0.3428562530359351,0
9808386257,72,6.007767584554838,51,181,2,0,0.30486246266798267,0.09594028450549986,0
9546953905,264,8.483848435223035,13,82,5,0,1.3282188525165046,0.3362300810793042,0
9635217615,50,4.109447179971272,58,130,2,0,0.3425446828322519,0.15862532911354832,0
9769245096,38,0.9259841499791714,19,193,1,0,0.7174519197336898,0.07536575390162606,0
9597783697,288,7.281550771472904,51,64,2,0,0.2216207434789634,0.1867658799598007,0
9260097813,89,9.332021298409433,74,80,0,0,0.7272466598165298,0.12551867693040372,0
9860742932,60,7.3131282245535445,39,95,4,0,0.10568719782335619,0.15717492504416025,0
9884566655,121,5.995248808526365,67,120,3,1,0.7208582478583466,0.5495766707073519,1
9334905387,99,2.68527388385107,43,28,3,1,1.0630492240692024,0.6164926202820914,1
9652908390,238,0.6460684284227214,5,171,3,1,0.3559620311809849,0.4361792892673122,1
9175892270,159,7.099385030551006,56,130,4,1,0.8741800392396778,0.5791089843421493,1
9169154854,252,2.694748670520783,57,193,2,1,0.7641370766766471,0.5263094651549483,1
9541386268,147,8.652545433232396,71,118,5,0,0.5689732326947082,0.32439624272457623,0
9267531317,144,4.930459128909807,29,104,1,1,1.039118533070843,0.44117871442158346,1
9839582553,98,5.541038032538334,51,155,0,1,1.4931934834981022,0.4560740949626456,1
9982902612,24,7.662397170530483,10,76,5,0,1.4128907523978813,0.28849812424138,0
9877319184,183,7.90459077413176,46,118,3,0,1.4581443117241744,0.30542222811731984,0
9705478223,99,6.605182914265398,4,97,0,1,0.1282981840964941,0.20303358712039454,0
9145184187,222,9.415102246421059,2,171,2,1,0.458952740160816,0.2882931018622452,0
9398488478,70,9.831835145043984,14,76,5,1,1.3918586452574062,0.5612076823570278,1
9703837682,229,9.49541172155886,1,96,1,1,0.16761000723529934,0.24548492687619633,0
9453866824,70,8.329702260767464,1,101,3,0,0.6107325738172866,0.0757481483955315,0
9850688734,175,7.203439592320389,71,15,2,1,1.0130830685274708,0.6020453597821184,1
9494058288,21,6.801595649875842,53,46,5,1,1.4761817521047327,0.6973726624540579,2
9802726244,225,1.485626680745072,45,130,1,0,0.48608082578863787,0.18075217892569567,0
9887798529,86,3.0791012947815686,40,157,5,1,1.1698573336991533,0.637866997839853,1
9923678707,241,0.5540381235290819,68,166,3,0,1.024516663264797,0.38256020877609337,1
9129380783,121,1.8053937672229228,29,26,2,0,0.9588555796222881,0.2659146110146662,0
9848585197,75,4.672680033107289,43,134,0,0,1.1401084005177902,0.13049084766484736,0
9897368160,191,1.8920972324961969,9,183,5,0,0.45549587912254585,0.23163767203808444,0
9901778534,213,9.0658024394292,29,148,4,0,0.5741583227546628,0.18415936945740918,0
9666106041,215,8.154142260685179,74,143,3,1,0.8846494951683344,0.5726415656253113,1
9688594098,295,1.180313164850423,48,100,1,1,0.7145735849928129,0.532251738887599,1
9308545747,114,2.8646802969390275,34,73,1,0,1.1107891520920739,0.21331853468778048,0
9207480577,251,8.281182903809334,64,104,4,1,1.2208793221205476,0.6620646571420871,2
9559686642,244,8.128938202318798,16,66,4,0,0.8392139997774491,0.24722508821213499,0
9231852498,185,9.481780226118993,30,23,2,0,0.6515388821008987,0.15773663647201333,0
9559977850,220,9.976703735364921,69,161,4,1,1.3765843748365498,0.6348863468226736,1
9788037092,40,9.774565600790657,76,174,3,1,1.1497885780888268,0.527346508827838,1
9388222801,244,4.396310864353694,51,155,5,1,1.0425399025114193,0.6746657245957927,2
9670515087,251,2.878120216119306,25,64,4,1,0.18021906231371831,0.5342721782175479,1
9951891587,162,7.704896809057094,4,150,3,1,0.8389818109549563,0.39741905560590973,1
9661074315,205,3.3430924810682927,13,99,0,0,0.2701028224746598,0.02671189559080632,0
9873707142,278,8.160803421247632,50,105,4,1,1.0247093073484925,0.6151688091601809,1
9906444790,179,5.572569938780282,14,85,0,1,0.5194776658022224,0.3121998139642367,0
9436303115,241,8.042309114732062,11,187,5,1,1.1339062891873373,0.5350777119923624,1
9359290978,193,3.120858857311599,45,22,1,1,1.189412943908624,0.5709959136479624,1
9415387268,284,5.326259497761298,63,159,5,1,0.5205732350878008,0.636537007570734,1
9152096336,41,5.858226039220729,71,89,4,1,1.466773360012555,0.6878974240641912,2
9522388217,186,9.459526643341254,58,133,1,0,0.8233726393539839,0.142890397002383,0
9899622249,74,3.032676979888964,25,146,5,0,0.4050184080705278,0.23519341854312908,0
9955877663,207,9.3985382732065,28,63,0,0,1.185275550741806,0.11615060681053874,0
9919268681,36,8.1461596969243,3,114,1,0,1.1650406186108875,0.045400957870214934,0
9918179242,160,7.443493513823605,49,165,0,0,0.6794517047136831,0.06262894906642537,0
9850679888,277,7.975267557258689,24,168,2,1,1.0220571567356675,0.43881031478784244,1
9971167044,94,6.251537935860541,39,123,5,0,0.1304172968746723,0.21194828706130087,0
9635769900,75,2.8187600993936153,31,171,5,1,0.5077218398987287,0.531351499595124,1
9633063088,142,2.3002022039786008,74,124,0,0,1.3340625229031484,0.27485174296730125,0
9112186528,91,8.73024364057871,36,80,2,0,0.4249569240811212,0.09949857386945668,0
9388985187,107,7.3888243246604155,9,177,1,1,1.3678206131455253,0.35975591501487136,1
9639813521,82,2.525440686229016,37,157,0,1,0.9118269106808522,0.3857306077136207,1
9177297672,39,6.343386975806815,60,147,2,0,1.3640758272506144,0.247468455560392,0
9192044861,134,4.751691573435126,26,24,0,0,0.2832195951220817,0.05919938586676164,0
9796679096,219,2.007224114649392,6,38,3,0,0.7495003012979425,0.25075334677996036,0
9115901724,281,5.552642538893061,72,62,5,1,0.5150427259713514,0.7011067499831788,2
9671998076,222,3.174431378430964,8,64,3,0,1.3416905813931403,0.30010969322600534,0
9798195057,142,1.4143191794969296,58,162,1,1,0.5781827660090014,0.4637767684337836,1
9527447192,166,4.9361038361814025,35,112,3,1,0.9238480939971544,0.5306451919121484,1
9130719118,56,6.106031244888838,29,145,5,1,1.2586992825781007,0.5854548723040395,1
9382270085,31,0.9456108986209298,18,97,4,1,0.42063226553934074,0.49539520774793644,1
9277652393,92,4.31988111940447,40,71,2,1,0.16403685859338818,0.4148791829316863,1
9220780956,243,2.9477882384485103,54,93,5,1,0.7917956148381877,0.6994420149192004,2
9875502158,69,0.7911806117187079,5,177,5,0,1.0571313564145899,0.2785115954291263,0
9638251100,197,1.6937942213093051,21,44,4,1,1.1069669568067881,0.6462938374944363,1
9312842755,67,1.8208245087745867,69,170,3,0,0.6840747053035962,0.28035573719780316,0
9644401489,268,2.237305357120726,23,51,1,1,0.21006720671229706,0.42007706718669363,1
9992252913,171,8.132086928660252,61,92,4,0,0.6644069871459524,0.29499379531359127,0
9727479992,11,4.675172731542323,41,161,5,1,0.2707869226464922,0.49107569127240447,1
9510423216,280,1.8973169265686753,21,166,1,1,0.20110717961585395,0.36428172510174506,1
9413547947,152,1.452821185814948,15,143,0,0,0.5248093253194974,0.04832659814189366,0
9736284134,197,3.330434357925871,12,24,5,1,1.1881078968409367,0.6701410686591354,2
9896393546,233,8.081147427692297,36,152,4,0,1.1756823549645867,0.28724144679677616,0
9754042381,189,3.962368555426613,51,60,0,1,0.951251633846117,0.4817517733964146,1
9766566642,32,2.0190249227924117,23,155,4,0,1.2567355107936342,0.2853632955550605,0
9609180529,46,4.339103724688519,16,104,2,0,0.8011526637560024,0.1283357416211247,0
9512504125,116,5.7754597942270465,15,117,1,1,0.4408222827210798,0.31377648972913835,0
9847156329,238,0.7810497445611315,0,92,0,1,0.8979595482451752,0.39584921552135416,1
9561496639,106,6.462597113681644,0,108,3,0,1.392544210905208,0.1958208066111119,0
9298412389,290,4.253457153640499,29,29,4,1,0.15058098427848324,0.5511115656030654,1
9172639916,119,0.5923958137463466,23,37,5,0,1.450801910890817,0.45197081287527513,1
9441865321,46,6.901949289990618,45,163,0,0,1.142044017322845,0.08623855726552061,0
9785323985,49,7.2676825378451575,1,107,4,0,1.0607384655237757,0.1778930920753779,0
9798383289,94,6.473977991307487,14,83,4,0,0.9593674741284552,0.2285030276663915,0
9184310270,197,3.748337067185011,28,133,4,1,0.46083171523401456,0.5153530943551949,1
9861718291,249,5.531246113626631,61,186,0,1,1.3400407497353575,0.4850799366047233,1
9399260473,28,4.177998208267637,12,20,0,1,1.4600454781787648,0.42953614554890684,1
9130249071,270,7.155906436517097,64,89,4,1,1.393787122815182,0.7088835774996168,2
9338353720,167,6.044011769220043,44,63,3,0,0.2523386378475736,0.20178582864440167,0
9429834956,121,1.2770915813607726,46,198,5,0,1.1311172910346976,0.3771756426145011,1
9165157827,153,6.609388803080475,15,129,1,0,0.8793175754320818,0.08025544341488411,0
9803112054,265,7.0287649362091145,2,135,4,1,1.2036717275080515,0.5237620947331235,1
9799477453,27,4.021670715839644,69,147,3,0,0.5932009534795356,0.2438740658274685,0
9868315232,193,8.819964919117192,4,36,1,0,1.4397557742041054,0.15339778054175304,0
9812167204,296,8.508636371027146,25,182,4,0,0.5376515908653983,0.18259788778485542,0
9460616455,140,2.16408197704751,14,115,1,1,1.1331700120001387,0.4453447510487799,1
9112350251,290,9.090529930615752,72,104,4,1,0.8053343714563148,0.6308870987407023,1
9185990497,254,4.688287529203237,54,192,0,1,0.963639503063721,0.432610623350541,1
9293747179,17,7.375621700025787,21,107,4,1,0.2619342910276611,0.39720798785634315,1
9659097732,202,8.23392156618874,36,120,4,0,0.955172604115923,0.26668032036631256,0
9683023989,16,5.298568000162054,28,122,4,1,0.8889490059049819,0.50535773137332,1
9505049900,145,4.291468424022749,25,123,4,0,1.1064971392757559,0.2906987022914844,0
9365267433,28,9.196788001843434,69,140,3,1,0.5027851750612816,0.4546894316518992,1
9803210527,148,2.6931087528865203,10,11,2,0,1.2651979029302587,0.26397310998365947,0
9312270717,186,2.9412157383318727,19,136,3,0,1.4233856815984096,0.2918616929318267,0
9193344322,20,3.9353929831276524,69,14,3,1,1.334827915297059,0.6785379673714486,2
9530162461,50,8.664924890720373,32,64,0,1,0.6478932550244075,0.30710142524761774,0
9193276363,123,9.418488510024222,29,29,4,0,1.1670875311942415,0.2865786416230183,0
9236274972,189,2.5906432901711876,49,46,3,0,0.6110408461802319,0.31188718205957355,0
9383277954,203,8.70676640249683,33,51,1,0,1.3083588599542728,0.19940519969788406,0
9975123161,205,2.9529281149514084,4,100,4,1,0.6255448917881657,0.5092969163018296,1
9651111352,234,9.721091844123936,79,118,0,1,0.3604582756072444,0.3877518909433821,1
9145791484,270,6.175374973825032,11,36,5,1,0.7846867451352467,0.5988079097303294,1
9479662109,125,0.5673214407501328,75,78,5,1,0.2891224978404585,0.6909701757851867,2
9497407112,159,0.8242340886761899,74,157,0,0,0.9216929977055947,0.23111235066055708,0
9496105625,127,1.9011030426447304,51,20,1,1,0.9071915697679189,0.5486664185270803,1
9741806721,174,2.281944999278189,50,181,5,1,0.7871361730953051,0.6354730007800984,1
9825545474,261,7.792381666852668,20,148,0,1,0.9452221757818883,0.34051808109159465,0
9656986797,276,2.616275825961024,70,98,5,0,1.4654414436826484,0.5465576633303855,1
9162542403,53,9.706845390473669,57,170,4,1,0.6365882075252278,0.4732917735506767,1
9813655832,190,6.5430645434279135,63,9,2,1,0.691884519292325,0.5604260344606108,1
9997494706,86,7.078916337908418,5,11,2,0,0.4836391388716874,0.08977303394303479,0
9815277452,125,2.5692569332094712,48,12,3,0,0.35823661989843747,0.27949064452263217,0
9770448358,76,8.980709983903305,71,37,0,1,0.5048620785229573,0.3943315962825818,1
9691563426,22,6.844238441789348,36,66,4,1,0.39769331332244284,0.47545900296388766,1
9404294198,101,8.711853431247707,9,120,1,1,0.7054567632752691,0.2912959037513932,0
9333423318,255,9.586570423696656,79,164,1,1,0.42663895475470437,0.4239078294862046,1
9235193992,276,1.693589282541166,65,133,4,1,0.8242879275557309,0.6879414799161938,2
9179591041,148,1.4175786875549838,55,95,4,1,0.5008341918760293,0.6148058254411303,1
9400942780,253,8.13237435260154,70,152,1,0,0.6945494888121677,0.1787241130929083,0
9716849141,282,8.728197561394618,65,59,0,1,0.2809619617003775,0.40092706466731,1
9343204904,200,6.045733498340864,44,195,5,0,0.3295326197635199,0.2418284457248653,0
9778387883,106,3.977005203629946,67,82,3,0,0.959762915407804,0.3374641540720438,0
9617020223,214,6.699981542714625,63,10,3,1,0.8914564274530459,0.6323916594484567,1
9446898411,146,3.4038086896283444,15,56,3,0,0.3397044111220948,0.1766021583924446,0
9256790830,86,2.7646640754579477,9,6,4,0,0.5127332692207148,0.24453535673432378,0
9867783041,46,5.137379490509022,20,43,1,0,0.4100715978802042,0.0673267045261829,0
9340066380,295,2.553461362260607,11,125,1,0,1.2164396671206188,0.20024789037401358,0
9499197805,144,5.095184278994142,12,36,1,0,0.6107357490226201,0.10354607853478469,0
9941326649,151,9.587761801903934,9,120,5,1,0.6683486185181414,0.46566535926599645,1
9371369321,263,8.47794833836521,12,183,1,1,1.030854689636048,0.35160051602927656,1
9995859499,57,9.445493735250212,33,96,1,0,0.5557661862607837,0.03879601752829147,0
9577349193,264,8.160125261049906,58,36,2,0,0.6289289093152179,0.2484499659852273,0
9847168426,143,3.870133891489629,48,97,5,1,1.217061915006755,0.6972391564362684,2
9575909502,299,8.21442976623981,5,135,4,1,1.2123436064251933,0.5263914089094789,1
9577669336,217,9.267699563755533,11,66,5,1,0.9463984416493916,0.5519720848995272,1
9112229793,110,9.496839984452016,28,17,4,1,0.8825685681303626,0.5317794816955527,1
9689708260,55,6.990379581507472,76,74,2,0,0.35341330993662246,0.19519170888097168,0
9100145693,79,2.507983116243575,25,25,3,0,0.7624563118597343,0.2582156266949119,0
9403639622,145,0.8774269569645631,67,193,0,1,0.48410096044616435,0.4204796584366316,1
9648947710,289,1.8984021675214797,78,18,5,0,1.1216517965789552,0.5753840562458835,1
9579061445,76,9.67269571999248,15,93,4,0,0.9791157392140586,0.1849382067324439,0
9453207157,13,4.889919829831309,52,75,4,1,0.6287358665216084,0.555735932691284,1
9249462582,233,8.622367140904545,18,111,2,1,0.84913232586843,0.41356080674669043,1
9314208322,10,4.917919458803765,46,154,4,0,0.6895053531516918,0.22889227553922448,0
9247760642,299,6.777767042868475,31,132,4,1,0.3050109000722807,0.4947514368275853,1
9679518776,118,0.7293373826621696,69,36,3,0,1.193079184064346,0.4351341201624421,1
9383711613,274,2.8737169558339843,69,173,2,1,1.3575512599543798,0.6382382143911843,1
9567860887,72,4.644558160404598,60,36,5,0,1.4024850408378502,0.4687635069756868,1
9881973044,275,6.49099494796455,4,174,4,1,1.2048691359165085,0.5180256902677399,1
9507033029,147,2.129451286505196,58,184,1,0,1.250288556814245,0.24618121137964705,0
9299246634,53,7.7632389105696555,1,85,2,1,0.178014812623646,0.27008624392133507,0
9702564795,271,3.9618447082942545,1,186,3,1,1.1946475214564083,0.48933223274190457,1
9509803449,225,8.265635057721902,2,106,5,0,0.5247788915333164,0.1952858462913351,0
9705683504,130,1.4307063587531392,69,194,0,1,0.29294943679199614,0.3909021227766686,1
9686672937,161,6.957687582982533,42,89,4,0,0.8306556778102956,0.2851197636747784,0
9373197771,222,3.286619165461847,4,47,1,1,0.8985421063378274,0.43708562277499713,1
9791242992,243,8.05614015416487,49,135,1,0,0.7787337472186172,0.14832436781625563,0
9547984065,120,4.320619056902901,9,170,0,1,1.013897989608651,0.31707033007020335,0
9658425958,231,6.820821506503881,26,171,2,1,1.099906783511576,0.45273895594334257,1
9788125281,235,9.375900052046498,23,49,3,0,0.291958448840391,0.1444408799029556,0
9818904281,219,0.6959530041307613,21,50,4,0,0.9636936602725021,0.36394180318313113,1
9763210641,80,0.6056094321765495,2,119,4,0,0.17623270500460747,0.15621394474776767,0
9719815508,98,7.817652895678778,15,108,5,1,0.7282706394968002,0.4994639753248041,1
9644475235,271,6.640733989326742,29,17,4,0,0.2400694126731844,0.2541361883155279,0
9501834599,197,3.28330734479211,42,56,1,1,0.7294618499670174,0.49116906719187015,1
9223700147,121,5.196768676355493,3,13,2,0,0.3456204794630192,0.09962990008596306,0
9171603757,248,0.8983888231892531,39,189,0,0,1.1282023853584366,0.1839869536980747,0
9717271851,265,2.3282332509317873,15,73,2,1,1.3594129639295547,0.5711074233270318,1
9630575637,159,4.532715558008091,71,47,3,1,0.3373560269546926,0.576740136538466,1
9216584116,136,8.423421954104082,15,11,3,0,1.13131877512291,0.23119385623216682,0
9957606109,283,5.056838237170806,65,48,0,0,0.30461716081937773,0.17358866711894236,0
9509158122,148,6.070443792996798,54,176,1,1,0.7072063282530489,0.40898610054107093,1
9841984636,112,8.800661023940915,19,106,5,1,0.9757485181319672,0.5310985565552119,1
9400716923,251,3.4337796790940303,50,72,0,0,0.8528166768159526,0.2045659784021193,0
9623903517,126,7.156643550469531,56,126,5,1,0.1800125579652145,0.5323217843501913,1
9125961735,223,8.685838957443407,50,81,3,1,0.6077042340768113,0.5121611072665632,1
9666830689,26,2.424849156613679,17,48,1,0,0.7582257808820527,0.12707223715981555,0
9797979704,188,3.8865425689044084,76,44,2,1,0.6479570903945806,0.5982496733538302,1
9998009966,233,9.808196651948874,58,175,3,0,1.0316979800204338,0.24323873111239885,0
9926121330,279,9.840576365564004,27,66,1,1,1.3434423824560684,0.46927616950796014,1
9536288787,143,2.62068433779241,68,175,1,0,1.0347261998804504,0.24035226526547848,0
9588722712,123,1.1312354694799671,27,151,4,1,0.9259474210989105,0.5715888648981097,1
9805832210,141,3.073755307445502,12,53,2,0,0.3086918308865356,0.12625795601703826,0
9773338116,148,4.278453594385029,5,197,1,1,0.5883869412491964,0.29548165648394986,0
9501054538,241,4.689553208846055,28,81,0,1,0.8676021703775669,0.4146042886058221,1
9153091022,101,6.378659919639024,8,157,5,0,1.4076645612081735,0.2788091616426458,0
9182030463,276,9.04527622124969,28,45,2,1,0.5266947276957323,0.4367600526684916,1
9717943367,108,3.6383061131180434,37,27,2,0,0.5731409485109054,0.2116672404638921,0
9915147218,216,8.57485308724248,64,190,3,1,0.9253832486316504,0.5267477527888883,1
9137018326,17,1.3880497488029557,55,47,2,1,1.3595801218638126,0.6192763509713554,1
9939644058,102,0.8978096402455398,29,109,2,0,0.8604797342438909,0.2184338524263204,0
9185783079,167,5.288429239672882,58,117,4,1,0.3441763362730461,0.5503733428100243,1
9667451615,108,1.0667911216407464,57,172,2,0,0.20567019572078288,0.17092893002680498,0
9471951641,234,4.228653111725187,9,162,5,0,1.3445900562218398,0.3322569694059185,0
9895826202,217,9.019392110257726,20,166,5,0,1.0379198491110528,0.2561843432369003,0
9982164413,82,2.794088843970997,55,114,5,0,0.4087336242197077,0.32413563544537966,0
9208035154,68,7.2067698636865805,25,142,1,0,1.1143009845513616,0.09461821311525774,0
9177375359,296,3.3724712277056352,14,109,0,1,1.1074071437452868,0.42835253585030014,1
9957399217,73,0.9267405248002882,34,64,5,1,1.1809742929073033,0.6945626955179396,2
9132053929,265,5.788560523397939,14,133,4,1,1.3490437827800463,0.584089194319497,1
9102337180,57,8.431108160099141,74,144,4,0,0.31284516635115145,0.2220681220409485,0
9841683366,288,4.389950259254885,5,178,4,0,1.4394419200988045,0.29510362730079787,0
9724992032,207,6.364291351351827,27,97,4,1,1.4979313611201908,0.626830267118201,1
9927613138,167,9.050224177748396,62,79,3,0,0.12028116108245156,0.1823643825302467,0
9649662948,16,8.002097871001384,28,149,4,0,0.22782508850102728,0.10008050283477334,0
9182419296,257,2.3418257942317835,47,62,3,1,0.7075330992754405,0.6120853957156048,1
9371192854,241,7.467147613967555,62,42,3,0,0.14818484223912337,0.24294307636775078,0
9670814086,115,5.267983739021444,57,10,2,0,1.1288563965440337,0.31416362938369335,0
9479809305,107,7.586684674917805,20,194,0,1,1.0110221702008568,0.2868157776584226,0
9864006239,277,5.197897729961073,75,142,2,0,1.1861995761869455,0.33958584304956724,0
9536884551,69,1.715602559028877,21,30,3,0,1.4977834182808107,0.34179677948535075,0
9916818281,149,5.914139743547772,26,62,2,0,1.406783003435972,0.2530776168230767,0
9649886683,199,5.175272927774729,78,21,1,1,0.5197890844656283,0.5423380816692455,1
9397674612,134,5.420256469593697,56,57,4,0,0.6550500092578229,0.3227962568091478,0
9443337924,172,8.849573309635767,9,9,4,1,1.1863539900963087,0.5537842657625945,1
9435945392,69,9.000951943709389,21,71,3,0,0.6434122130819471,0.13134804224532098,0
9811365913,40,4.808602514274324,43,111,2,0,1.0780884207096233,0.21158404698052963,0
9519328132,85,4.82945439216084,27,152,1,1,1.3860716409332694,0.43979181087272884,1
9135650069,252,5.394276109289852,49,183,1,1,0.6682287285741122,0.42540613411741535,1
9602561036,267,5.436098144175441,50,178,5,0,0.8847266234187828,0.3556340170801487,1
9225283739,199,9.52867786970157,0,71,1,1,1.278045306149628,0.3805879689682033,1
9827001760,186,6.669304440086188,33,135,3,1,0.7687378914651923,0.4805668936947888,1
9277116778,297,3.1358414514354678,34,155,5,1,0.5047842140651909,0.6011440082705974,1
9950770710,216,5.549599571062904,60,141,2,0,0.46143663916900046,0.19887720184752522,0
9327235680,224,6.458624037625837,29,143,1,0,0.20063734290165605,0.04405632603002202,0
9963907857,150,6.577831349632663,75,179,1,0,0.562507413756912,0.15181691345523746,0
9977274865,94,6.059915149262736,77,181,2,0,1.0602029125537145,0.25032203438195955,0
9339349876,191,2.188493468904605,67,176,2,1,0.18237817751636753,0.4773067930084423,1
9644613149,137,0.8191352962553211,75,117,4,1,0.4840076585527978,0.6510346288046052,2
9794615833,278,3.7095089974851168,39,145,0,0,0.2562422769935794,0.07561829860274145,0
9567045519,48,4.561460468322409,64,140,0,1,0.6662692503503516,0.39201478442217336,1
9967937996,32,1.0871402759728228,36,195,1,1,0.23074614312903854,0.3306771871971441,0
9131738784,251,8.242189711188537,63,26,2,1,1.1444712495698708,0.6021136067474554,1
9922503087,116,3.7687356563476007,0,42,4,1,1.3992340964496963,0.5886165970311258,1
9661234672,151,9.179511088695794,14,31,3,0,0.3692655645905838,0.12242440135318723,0
9382831269,154,1.966896024501519,12,30,0,1,0.4508086586905503,0.36356095341551453,1
9276091009,289,1.0408820909044776,28,27,5,1,0.32421690950965787,0.652982110716972,2
9816211568,254,5.082002991670057,54,124,0,1,0.36240261993921485,0.3897376118259984,1
9610925445,200,2.296728699844213,44,107,2,1,0.5361932326936524,0.503615776858441,1
9318262061,299,9.40529311798968,3,69,3,0,0.49363921974703506,0.13035652228710137,0
9763369777,188,0.5978822853105201,63,78,0,0,0.6392384557740708,0.22241736060249553,0
9963847077,121,4.419886913060832,14,51,4,0,0.8349199384861241,0.26141841632827156,0
9103211369,223,9.304103827779098,47,65,0,0,1.118547850304566,0.1552931627698654,0
9504312721,147,4.151972963932799,75,178,2,0,1.3382841766237248,0.31772042562765335,0
9470378650,209,1.3845381657043772,55,136,2,1,0.743131165815092,0.5520446152426919,1
9610014427,16,3.3775019571869773,69,163,5,1,1.3725627713227084,0.7021941757391479,2
9925989961,22,5.231098741427118,14,8,5,1,1.0516584150382986,0.5967924915741372,1
9450811920,89,2.2589410297616643,38,33,3,0,1.120472303408999,0.33208271738527323,0
9101461433,295,4.932336198860988,68,77,0,0,0.8311409755749605,0.23371554934933006,0
9807991621,168,8.445260359965456,78,83,3,1,0.8325079824373136,0.5893578335728923,1
9451004621,281,8.789870716867824,59,48,0,0,0.844762307276749,0.17957636160412935,0
9466819477,210,0.9679769797519551,43,7,1,1,0.7887688975722905,0.5562865439516516,1
9968717317,159,2.0285819014994484,42,191,0,1,0.7424299154914801,0.3861486070409843,1
9241971366,281,3.1152562897846394,3,83,2,0,1.1843837473379575,0.23292630753647262,0
9894109579,52,6.151225583432217,76,125,2,1,0.6427546670201353,0.49368251970789634,1
9664978786,24,3.9294502085284377,49,185,1,1,0.38942906748200845,0.3477280855954998,0
9688779405,257,8.518388677737716,38,143,0,1,0.28979698855358416,0.29508830782691087,0
9284427797,181,7.308382748687907,53,138,0,0,1.3314114435950548,0.17058544691381838,0
9738522930,227,1.454332219578328,22,51,2,0,1.30803668179256,0.3120457485135006,0
9655685526,146,6.433296273864866,59,11,1,0,0.4410997770484718,0.18591575129277155,0
9986948783,236,1.573619940796295,79,119,2,1,0.2654868097041165,0.5621583112082718,1
9640398022,53,2.9228388615463707,34,114,1,0,1.4446424847703805,0.2159163651672225,0
9741823847,29,2.1897710185751667,53,72,2,1,0.7748236524292089,0.5256849194019364,1
9525829297,128,2.144088517406697,57,5,4,1,0.23072801310268065,0.6178416326967747,1
9872817496,243,6.355757485380162,61,188,0,0,0.4014311749735099,0.07995265117225922,0
9628083596,271,5.854246764264534,79,81,3,0,1.085262237435541,0.4014971739877571,1
9996381652,92,2.172267451483405,47,47,4,1,0.21384283007571903,0.5623772635246187,1
9945568232,40,9.906641651475102,6,160,2,0,0.7062897646278283,0.0,0
9880101001,283,4.507448957498791,44,161,1,0,0.6986162170942755,0.16771122522799425,0
9220194548,243,1.422158617471898,12,22,3,1,1.0599494167863281,0.6029280266046967,1
9325038006,37,1.6454056610735937,52,91,1,0,0.3791652905265984,0.15112163359697534,0
9318195464,261,6.04699028040265,38,77,5,1,1.4772790018668245,0.7213095968591872,2
9806805838,262,9.801159332142992,17,194,1,0,0.3173906413642429,0.0,0
9771441793,248,5.933535465382379,21,111,5,0,0.9377128763884491,0.31920645291535865,0
9542932120,184,9.515894027858053,35,10,5,1,0.5593431683703635,0.5757471185368137,1
9858428428,203,4.719262082201254,52,148,0,1,0.2860321070303251,0.35482604119055733,1
9888472033,189,4.640490484694114,71,133,2,1,0.8544369598063577,0.5584965493604335,1
9884270521,224,5.250069913500881,2,26,0,1,0.337318983347105,0.3087107723729754,0
9825521441,212,7.125541852477775,61,50,5,0,1.0517881844424006,0.42949141323668805,1
9637858850,259,3.9923516812876603,28,194,1,0,0.1454032252233153,0.048606833518012565,0
9174183397,266,8.706917310450091,72,155,0,0,0.8145524289703853,0.14869661708437848,0
9667167106,84,0.7781731552973892,7,153,4,1,0.4065759989051202,0.45710104200504575,1
9461692158,211,4.677759852770202,75,55,5,0,1.429992361097399,0.5329826317651122,1
9221241577,151,5.354422574809219,45,132,1,1,1.0947446360899453,0.4666329520997496,1
9551681722,215,6.266806263499413,55,99,1,1,1.1573946415461644,0.5192690151568802,1
9814713925,208,3.122683167475701,48,42,4,1,1.0874901855974068,0.6914932909286472,2
9567102454,180,4.561059724365435,42,160,1,0,1.0322536352974023,0.17563771954330304,0
9252059311,237,5.103108627033539,9,48,3,0,0.2932672070089008,0.16540476131666565,0
9663143359,188,7.025644797490526,12,95,3,1,1.4963997112034773,0.5368935611078645,1
9468544240,284,7.848669754990233,56,171,2,1,1.020325817798167,0.5124883944092307,1
9570223170,71,7.509359609765978,1,174,2,1,1.3563306572737237,0.3748306968889885,1
9872426961,213,3.7450389967510604,64,46,0,0,0.8053284147596264,0.22949894181014244,0
9342417992,142,9.994779968423654,79,64,0,1,0.50035953857428,0.4037224516744964,1
9850695795,81,8.562320461978205,41,130,4,1,0.712121095345602,0.48755668589773377,1
9735785348,87,2.9702220448772048,57,61,4,1,0.6588232080176785,0.620366120423595,1
9269377912,198,2.3535051538918617,9,81,5,0,0.12234312600340413,0.23898911327370612,0
9215196868,80,3.4832018805422096,62,100,1,0,1.0449133929042338,0.23842451791533487,0
9844832090,272,4.7972761034966265,70,11,2,1,1.132706268326009,0.670890772290495,2
9120909659,55,8.582594094036331,60,55,5,1,0.15727790276868875,0.5380488858704734,1
9591771454,233,7.894441506048077,0,115,2,1,0.44432071627106684,0.3312185212132845,0
9798697756,259,8.586838173305821,25,36,2,0,1.0302108306705613,0.21589990826746416,0
9711900113,85,3.0835925916481206,4,11,2,0,0.5506527130480385,0.14324188113265385,0
9531461899,83,6.137881613292444,34,80,0,1,1.4073897610830375,0.4338655253037885,1
9437699148,151,3.1908660916350575,12,172,3,0,0.25763419756919087,0.1058923772753489,0
9139333160,82,1.5357200268351847,26,147,5,1,1.3993216841484486,0.6563566284424583,2
9447526273,111,6.999878563009466,11,63,4,0,1.3795431943052403,0.2803966405605153,0
9205956644,103,1.8584767363566683,49,117,4,1,1.4380718372405477,0.6854835662992523,2
9773873615,78,6.8431287362114785,58,89,2,0,0.20811881309382624,0.1376567127367214,0
9698674530,74,6.655660896601387,30,144,2,1,0.4813619800728851,0.36112884018286295,1
9243058325,202,8.197360222028163,68,81,0,1,0.45184790498207916,0.4022200926001783,1
9893388534,71,1.8257687433538616,36,174,0,1,1.3394112255465411,0.431753455478672,1
9317050937,29,7.943061410833703,1,43,4,0,1.2300467835621636,0.21677221043078856,0
9510779676,250,9.993126996489252,70,67,2,1,0.3224526266045542,0.47744345790134224,1
9680958703,212,8.58490326156607,64,134,2,1,0.29806915022728453,0.4342827922218146,1
9234366197,204,7.642214725112829,2,33,5,1,0.7637836803096184,0.5423474649358003,1
9278498190,71,6.790570869599723,19,65,4,1,0.34267522961746766,0.44481751045223283,1
9792036411,116,4.5069241045115795,1,33,0,0,0.7662606736221771,0.05455152491385565,0
9988189278,134,7.439751594970221,41,42,5,0,1.282572464073921,0.3916150098825611,1
9851896552,276,7.379691333834305,42,11,4,1,0.7998799553776422,0.6260292986393055,1
9184402474,211,6.499233685529238,20,34,0,0,1.1142232475468001,0.1399826521459318,0
9598702031,171,8.064644593829371,44,119,0,1,0.4501005149165467,0.32233632666403317,0
9655738953,121,4.763256940054929,19,188,5,0,0.4721026975914503,0.2005099070969815,0
9545116336,41,1.6519007652577111,42,168,5,1,0.9312964309075765,0.61336609585915,1
9969324447,107,5.811143412287755,49,174,0,1,1.2934017277433567,0.41725781971508297,1
9493291839,256,3.017913522757755,42,8,2,1,0.8435541855673053,0.5917782066616503,1
9312419314,270,4.152114425576928,23,9,4,1,0.37759378269014754,0.5707358808158947,1
9480134145,200,0.6654415874416473,59,50,0,1,0.4049643957000164,0.4816937617680356,1
9180989847,38,4.136510585219892,31,79,3,1,0.963820810538024,0.5184037035752576,1
9130459094,57,8.183610508286819,4,134,0,0,0.2447505166577112,0.0,0
9874170789,259,5.655862485913421,1,109,0,0,0.19166794917783614,0.0,0
9564453150,235,0.593105005872725,25,58,5,0,0.24390996343199509,0.33206860220803336,0
9424011890,281,4.963516292278549,24,112,0,1,0.6492822958098103,0.37128501332316804,1
9778337767,162,3.2687906526313704,49,63,1,0,0.5961183126676226,0.19825870968853826,0
9729677849,294,5.036731226273126,38,37,5,1,0.10300522944505358,0.5973198528181289,1
9785761730,189,4.344580853754832,74,26,3,0,0.326340884785137,0.3229259359291584,0
9744731385,162,9.353802585795124,10,51,2,1,0.5865169394546697,0.3663364017050189,1
9272156237,243,0.8911843401486501,62,138,5,0,0.701944856108495,0.4288391706512356,1
9599464984,32,6.994086107178356,67,28,4,1,0.663216139535125,0.596940236791408,1
9235347503,103,8.584752664866544,17,181,4,0,0.5474652384602676,0.11389546330350032,0
9292674624,254,9.612766554179517,27,121,5,1,1.2366899261288344,0.6010329258186393,1
9622290612,299,2.187544152170811,41,130,4,0,0.682428439676391,0.33862421626845046,0
9626335298,169,5.547395618678842,59,55,5,1,1.0022622882292807,0.7040193938300343,2
9671596277,294,0.9141009845135132,21,122,2,0,1.2654911218028688,0.2935397228021821,0
9353049689,18,5.242243482323341,39,45,0,0,1.295206533133128,0.16256786218809524,0
